# Blender 4.2.3 LTS
# www.blender.org
mtllib TitleLogo.mtl
o テキスト
v -1.604940 0.465828 -0.100000
v -1.602769 0.471787 -0.100000
v -1.600500 0.477844 -0.100000
v -1.598148 0.483963 -0.100000
v -1.595727 0.490110 -0.100000
v -1.593250 0.496250 -0.100000
v -1.590732 0.502348 -0.100000
v -1.588185 0.508370 -0.100000
v -1.585625 0.514281 -0.100000
v -1.583065 0.520046 -0.100000
v -1.580519 0.525631 -0.100000
v -1.578000 0.531000 -0.100000
v -1.643000 0.543000 -0.100000
v -1.646268 0.536612 -0.100000
v -1.649560 0.529977 -0.100000
v -1.652859 0.523141 -0.100000
v -1.656148 0.516148 -0.100000
v -1.659409 0.509045 -0.100000
v -1.662625 0.501875 -0.100000
v -1.665778 0.494685 -0.100000
v -1.668852 0.487519 -0.100000
v -1.671828 0.480422 -0.100000
v -1.674690 0.473440 -0.100000
v -1.677420 0.466617 -0.100000
v -1.680000 0.460000 -0.100000
v -1.913000 0.460000 -0.100000
v -1.913000 0.401000 -0.100000
v -1.363000 0.401000 -0.100000
v -1.363000 0.460000 -0.100000
v -1.607000 0.460000 -0.100000
v -1.518000 -0.287000 -0.100000
v -1.518164 -0.292133 -0.100000
v -1.518727 -0.296565 -0.100000
v -1.519797 -0.300344 -0.100000
v -1.521482 -0.303519 -0.100000
v -1.523888 -0.306138 -0.100000
v -1.527125 -0.308250 -0.100000
v -1.531299 -0.309904 -0.100000
v -1.536519 -0.311148 -0.100000
v -1.542891 -0.312031 -0.100000
v -1.550523 -0.312602 -0.100000
v -1.559524 -0.312909 -0.100000
v -1.570000 -0.313000 -0.100000
v -1.576735 -0.313000 -0.100000
v -1.586551 -0.313000 -0.100000
v -1.598859 -0.313000 -0.100000
v -1.613074 -0.313000 -0.100000
v -1.628608 -0.313000 -0.100000
v -1.644875 -0.313000 -0.100000
v -1.661288 -0.313000 -0.100000
v -1.677259 -0.313000 -0.100000
v -1.692203 -0.313000 -0.100000
v -1.705532 -0.313000 -0.100000
v -1.716660 -0.313000 -0.100000
v -1.725000 -0.313000 -0.100000
v -1.733161 -0.312759 -0.100000
v -1.740208 -0.311903 -0.100000
v -1.746234 -0.310234 -0.100000
v -1.751333 -0.307556 -0.100000
v -1.755599 -0.303668 -0.100000
v -1.759125 -0.298375 -0.100000
v -1.762005 -0.291477 -0.100000
v -1.764333 -0.282778 -0.100000
v -1.766203 -0.272078 -0.100000
v -1.767708 -0.259181 -0.100000
v -1.768943 -0.243887 -0.100000
v -1.770000 -0.226000 -0.100000
v -1.773758 -0.228497 -0.100000
v -1.777981 -0.230972 -0.100000
v -1.782594 -0.233406 -0.100000
v -1.787518 -0.235778 -0.100000
v -1.792679 -0.238066 -0.100000
v -1.798000 -0.240250 -0.100000
v -1.803404 -0.242309 -0.100000
v -1.808815 -0.244222 -0.100000
v -1.814156 -0.245969 -0.100000
v -1.819352 -0.247528 -0.100000
v -1.824325 -0.248878 -0.100000
v -1.829000 -0.250000 -0.100000
v -1.826748 -0.272987 -0.100000
v -1.823898 -0.293065 -0.100000
v -1.820313 -0.310406 -0.100000
v -1.815852 -0.325185 -0.100000
v -1.810377 -0.337575 -0.100000
v -1.803750 -0.347750 -0.100000
v -1.795831 -0.355883 -0.100000
v -1.786482 -0.362148 -0.100000
v -1.775563 -0.366719 -0.100000
v -1.762935 -0.369769 -0.100000
v -1.748461 -0.371471 -0.100000
v -1.732000 -0.372000 -0.100000
v -1.725066 -0.372000 -0.100000
v -1.714278 -0.372000 -0.100000
v -1.700406 -0.372000 -0.100000
v -1.684222 -0.372000 -0.100000
v -1.666497 -0.372000 -0.100000
v -1.648000 -0.372000 -0.100000
v -1.629503 -0.372000 -0.100000
v -1.611778 -0.372000 -0.100000
v -1.595594 -0.372000 -0.100000
v -1.581722 -0.372000 -0.100000
v -1.570934 -0.372000 -0.100000
v -1.564000 -0.372000 -0.100000
v -1.542890 -0.371626 -0.100000
v -1.524454 -0.370426 -0.100000
v -1.508531 -0.368281 -0.100000
v -1.494963 -0.365074 -0.100000
v -1.483589 -0.360686 -0.100000
v -1.474250 -0.355000 -0.100000
v -1.466786 -0.347897 -0.100000
v -1.461037 -0.339259 -0.100000
v -1.456844 -0.328969 -0.100000
v -1.454046 -0.316907 -0.100000
v -1.452485 -0.302957 -0.100000
v -1.452000 -0.287000 -0.100000
v -1.452000 -0.152000 -0.100000
v -1.518000 -0.152000 -0.100000
v -1.411861 -0.187013 -0.100000
v -1.405472 -0.200935 -0.100000
v -1.398875 -0.215594 -0.100000
v -1.392111 -0.230815 -0.100000
v -1.385222 -0.246425 -0.100000
v -1.378250 -0.262250 -0.100000
v -1.371236 -0.278117 -0.100000
v -1.364222 -0.293852 -0.100000
v -1.357250 -0.309281 -0.100000
v -1.350361 -0.324231 -0.100000
v -1.343597 -0.338529 -0.100000
v -1.337000 -0.352000 -0.100000
v -1.276000 -0.322000 -0.100000
v -1.283803 -0.309429 -0.100000
v -1.291676 -0.295847 -0.100000
v -1.299563 -0.281453 -0.100000
v -1.307407 -0.266444 -0.100000
v -1.315155 -0.251019 -0.100000
v -1.322750 -0.235375 -0.100000
v -1.330137 -0.219710 -0.100000
v -1.337259 -0.204222 -0.100000
v -1.344063 -0.189109 -0.100000
v -1.350491 -0.174569 -0.100000
v -1.356488 -0.160800 -0.100000
v -1.362000 -0.148000 -0.100000
v -1.418000 -0.174000 -0.100000
v -1.864358 -0.138598 -0.100000
v -1.874861 -0.153787 -0.100000
v -1.885406 -0.169406 -0.100000
v -1.895889 -0.185296 -0.100000
v -1.906205 -0.201297 -0.100000
v -1.916250 -0.217250 -0.100000
v -1.925920 -0.232994 -0.100000
v -1.935111 -0.248370 -0.100000
v -1.943719 -0.263219 -0.100000
v -1.951639 -0.277380 -0.100000
v -1.958767 -0.290693 -0.100000
v -1.965000 -0.303000 -0.100000
v -1.906000 -0.333000 -0.100000
v -1.899979 -0.320194 -0.100000
v -1.892995 -0.306384 -0.100000
v -1.885172 -0.291734 -0.100000
v -1.876630 -0.276407 -0.100000
v -1.867490 -0.260567 -0.100000
v -1.857875 -0.244375 -0.100000
v -1.847906 -0.227996 -0.100000
v -1.837704 -0.211593 -0.100000
v -1.827391 -0.195328 -0.100000
v -1.817088 -0.179366 -0.100000
v -1.806917 -0.163869 -0.100000
v -1.797000 -0.149000 -0.100000
v -1.854000 -0.124000 -0.100000
v -1.815000 -0.050000 -0.100000
v -1.815000 0.015000 -0.100000
v -1.458000 0.015000 -0.100000
v -1.458000 -0.050000 -0.100000
v -1.815000 0.064000 -0.100000
v -1.815000 0.128000 -0.100000
v -1.458000 0.128000 -0.100000
v -1.458000 0.064000 -0.100000
v -1.886000 -0.100000 -0.100000
v -1.610000 -0.100000 -0.100000
v -1.621626 -0.109503 -0.100000
v -1.633426 -0.119440 -0.100000
v -1.645281 -0.129703 -0.100000
v -1.657074 -0.140185 -0.100000
v -1.668686 -0.150778 -0.100000
v -1.680000 -0.161375 -0.100000
v -1.690897 -0.171867 -0.100000
v -1.701259 -0.182148 -0.100000
v -1.710969 -0.192109 -0.100000
v -1.719908 -0.201644 -0.100000
v -1.727957 -0.210643 -0.100000
v -1.735000 -0.219000 -0.100000
v -1.685000 -0.259000 -0.100000
v -1.677399 -0.249337 -0.100000
v -1.668694 -0.238944 -0.100000
v -1.659031 -0.227969 -0.100000
v -1.648556 -0.216556 -0.100000
v -1.637413 -0.204851 -0.100000
v -1.625750 -0.193000 -0.100000
v -1.613712 -0.181149 -0.100000
v -1.601444 -0.169444 -0.100000
v -1.589094 -0.158031 -0.100000
v -1.576805 -0.147056 -0.100000
v -1.564726 -0.136663 -0.100000
v -1.553000 -0.127000 -0.100000
v -1.591000 -0.100000 -0.100000
v -1.389000 -0.100000 -0.100000
v -1.389000 0.179000 -0.100000
v -1.886000 0.179000 -0.100000
v -1.222000 -0.379000 -0.100000
v -1.156000 -0.379000 -0.100000
v -1.156000 0.540000 -0.100000
v -1.222000 0.540000 -0.100000
v -1.125983 0.319544 -0.100000
v -1.124444 0.297852 -0.100000
v -1.122406 0.275188 -0.100000
v -1.119889 0.251815 -0.100000
v -1.116913 0.227998 -0.100000
v -1.113500 0.204000 -0.100000
v -1.109670 0.180086 -0.100000
v -1.105444 0.156519 -0.100000
v -1.100844 0.133563 -0.100000
v -1.095889 0.111481 -0.100000
v -1.090601 0.090539 -0.100000
v -1.085000 0.071000 -0.100000
v -1.028000 0.090000 -0.100000
v -1.033602 0.107852 -0.100000
v -1.038903 0.127232 -0.100000
v -1.043891 0.147875 -0.100000
v -1.048556 0.169519 -0.100000
v -1.052887 0.191898 -0.100000
v -1.056875 0.214750 -0.100000
v -1.060509 0.237810 -0.100000
v -1.063778 0.260815 -0.100000
v -1.066672 0.283500 -0.100000
v -1.069180 0.305602 -0.100000
v -1.071293 0.326856 -0.100000
v -1.073000 0.347000 -0.100000
v -1.127000 0.340000 -0.100000
v -1.286761 0.361616 -0.100000
v -1.292505 0.344593 -0.100000
v -1.298172 0.327125 -0.100000
v -1.303704 0.309407 -0.100000
v -1.309041 0.291634 -0.100000
v -1.314125 0.274000 -0.100000
v -1.318896 0.256699 -0.100000
v -1.323296 0.239926 -0.100000
v -1.327266 0.223875 -0.100000
v -1.330745 0.208741 -0.100000
v -1.333676 0.194718 -0.100000
v -1.336000 0.182000 -0.100000
v -1.281000 0.160000 -0.100000
v -1.278946 0.173447 -0.100000
v -1.276320 0.188157 -0.100000
v -1.273172 0.203938 -0.100000
v -1.269556 0.220593 -0.100000
v -1.265523 0.237928 -0.100000
v -1.261125 0.255750 -0.100000
v -1.256415 0.273863 -0.100000
v -1.251444 0.292074 -0.100000
v -1.246266 0.310188 -0.100000
v -1.240931 0.328009 -0.100000
v -1.235491 0.345345 -0.100000
v -1.230000 0.362000 -0.100000
v -1.281000 0.378000 -0.100000
v -1.818020 0.375233 -0.100000
v -1.814074 0.367449 -0.100000
v -1.810156 0.359672 -0.100000
v -1.806259 0.351926 -0.100000
v -1.802376 0.344236 -0.100000
v -1.798500 0.336625 -0.100000
v -1.794624 0.329119 -0.100000
v -1.790741 0.321741 -0.100000
v -1.786844 0.314516 -0.100000
v -1.782926 0.307468 -0.100000
v -1.778980 0.300621 -0.100000
v -1.775000 0.294000 -0.100000
v -1.947000 0.294000 -0.100000
v -1.947000 0.233000 -0.100000
v -1.336000 0.233000 -0.100000
v -1.336000 0.294000 -0.100000
v -1.487000 0.294000 -0.100000
v -1.485109 0.300237 -0.100000
v -1.482958 0.306898 -0.100000
v -1.480578 0.313906 -0.100000
v -1.478000 0.321185 -0.100000
v -1.475255 0.328659 -0.100000
v -1.472375 0.336250 -0.100000
v -1.469391 0.343883 -0.100000
v -1.466333 0.351481 -0.100000
v -1.463234 0.358969 -0.100000
v -1.460125 0.366269 -0.100000
v -1.457036 0.373304 -0.100000
v -1.454000 0.380000 -0.100000
v -1.513000 0.396000 -0.100000
v -1.516765 0.388826 -0.100000
v -1.520537 0.381361 -0.100000
v -1.524281 0.373688 -0.100000
v -1.527963 0.365889 -0.100000
v -1.531547 0.358049 -0.100000
v -1.535000 0.350250 -0.100000
v -1.538286 0.342576 -0.100000
v -1.541370 0.335111 -0.100000
v -1.544219 0.327938 -0.100000
v -1.546796 0.321139 -0.100000
v -1.549068 0.314799 -0.100000
v -1.551000 0.309000 -0.100000
v -1.504000 0.294000 -0.100000
v -1.707000 0.294000 -0.100000
v -1.711285 0.302445 -0.100000
v -1.715616 0.311227 -0.100000
v -1.719953 0.320266 -0.100000
v -1.724259 0.329481 -0.100000
v -1.728496 0.338795 -0.100000
v -1.732625 0.348125 -0.100000
v -1.736608 0.357393 -0.100000
v -1.740407 0.366519 -0.100000
v -1.743984 0.375422 -0.100000
v -1.747301 0.384023 -0.100000
v -1.750319 0.392242 -0.100000
v -1.753000 0.400000 -0.100000
v -1.822000 0.383000 -0.100000
v -0.395000 -0.326000 -0.100000
v -0.151000 -0.326000 -0.100000
v -0.151000 -0.372000 -0.100000
v -0.084000 -0.372000 -0.100000
v -0.084000 -0.033000 -0.100000
v -0.395000 -0.033000 -0.100000
v -0.328000 -0.264000 -0.100000
v -0.328000 -0.095000 -0.100000
v -0.151000 -0.095000 -0.100000
v -0.151000 -0.264000 -0.100000
v -0.392000 0.184000 -0.100000
v -0.091000 0.184000 -0.100000
v -0.091000 0.243000 -0.100000
v -0.392000 0.243000 -0.100000
v -0.412000 0.043000 -0.100000
v -0.072000 0.043000 -0.100000
v -0.072000 0.103000 -0.100000
v -0.412000 0.103000 -0.100000
v -0.443000 0.322000 -0.100000
v -0.042000 0.322000 -0.100000
v -0.042000 0.384000 -0.100000
v -0.443000 0.384000 -0.100000
v -0.225758 0.536496 -0.100000
v -0.234481 0.526551 -0.100000
v -0.243094 0.516266 -0.100000
v -0.251518 0.505741 -0.100000
v -0.259679 0.495077 -0.100000
v -0.267500 0.484375 -0.100000
v -0.274904 0.473736 -0.100000
v -0.281815 0.463259 -0.100000
v -0.288156 0.453047 -0.100000
v -0.293852 0.443199 -0.100000
v -0.298825 0.433817 -0.100000
v -0.303000 0.425000 -0.100000
v -0.242000 0.389000 -0.100000
v -0.237846 0.398105 -0.100000
v -0.232935 0.407843 -0.100000
v -0.227344 0.418094 -0.100000
v -0.221148 0.428741 -0.100000
v -0.214425 0.439665 -0.100000
v -0.207250 0.450750 -0.100000
v -0.199700 0.461876 -0.100000
v -0.191852 0.472926 -0.100000
v -0.183781 0.483781 -0.100000
v -0.175565 0.494324 -0.100000
v -0.167279 0.504436 -0.100000
v -0.159000 0.514000 -0.100000
v -0.217000 0.546000 -0.100000
v -0.899000 0.032000 -0.100000
v -0.824000 0.032000 -0.100000
v -0.824000 0.086000 -0.100000
v -0.573000 0.086000 -0.100000
v -0.573000 -0.241000 -0.100000
v -0.573229 -0.250347 -0.100000
v -0.573995 -0.258444 -0.100000
v -0.575422 -0.265375 -0.100000
v -0.577630 -0.271222 -0.100000
v -0.580740 -0.276069 -0.100000
v -0.584875 -0.280000 -0.100000
v -0.590156 -0.283097 -0.100000
v -0.596704 -0.285444 -0.100000
v -0.604641 -0.287125 -0.100000
v -0.614088 -0.288222 -0.100000
v -0.625167 -0.288819 -0.100000
v -0.638000 -0.289000 -0.100000
v -0.646262 -0.289000 -0.100000
v -0.658093 -0.289000 -0.100000
v -0.672813 -0.289000 -0.100000
v -0.689741 -0.289000 -0.100000
v -0.708197 -0.289000 -0.100000
v -0.727500 -0.289000 -0.100000
v -0.746970 -0.289000 -0.100000
v -0.765926 -0.289000 -0.100000
v -0.783688 -0.289000 -0.100000
v -0.799574 -0.289000 -0.100000
v -0.812905 -0.289000 -0.100000
v -0.823000 -0.289000 -0.100000
v -0.835567 -0.288407 -0.100000
v -0.846370 -0.286426 -0.100000
v -0.855563 -0.282750 -0.100000
v -0.863296 -0.277074 -0.100000
v -0.869725 -0.269093 -0.100000
v -0.875000 -0.258500 -0.100000
v -0.879276 -0.244991 -0.100000
v -0.882704 -0.228259 -0.100000
v -0.885438 -0.208000 -0.100000
v -0.887630 -0.183907 -0.100000
v -0.889433 -0.155676 -0.100000
v -0.891000 -0.123000 -0.100000
v -0.895528 -0.126245 -0.100000
v -0.900560 -0.129458 -0.100000
v -0.906016 -0.132609 -0.100000
v -0.911815 -0.135667 -0.100000
v -0.917878 -0.138599 -0.100000
v -0.924125 -0.141375 -0.100000
v -0.930476 -0.143964 -0.100000
v -0.936852 -0.146333 -0.100000
v -0.943172 -0.148453 -0.100000
v -0.949356 -0.150292 -0.100000
v -0.955326 -0.151818 -0.100000
v -0.961000 -0.153000 -0.100000
v -0.957962 -0.191314 -0.100000
v -0.954199 -0.224931 -0.100000
v -0.949484 -0.254109 -0.100000
v -0.943593 -0.279111 -0.100000
v -0.936298 -0.300196 -0.100000
v -0.927375 -0.317625 -0.100000
v -0.916598 -0.331658 -0.100000
v -0.903741 -0.342556 -0.100000
v -0.888578 -0.350578 -0.100000
v -0.870884 -0.355986 -0.100000
v -0.850433 -0.359040 -0.100000
v -0.827000 -0.360000 -0.100000
v -0.818752 -0.360000 -0.100000
v -0.806097 -0.360000 -0.100000
v -0.789922 -0.360000 -0.100000
v -0.771111 -0.360000 -0.100000
v -0.750550 -0.360000 -0.100000
v -0.729125 -0.360000 -0.100000
v -0.707721 -0.360000 -0.100000
v -0.687222 -0.360000 -0.100000
v -0.668516 -0.360000 -0.100000
v -0.652486 -0.360000 -0.100000
v -0.640019 -0.360000 -0.100000
v -0.632000 -0.360000 -0.100000
v -0.607726 -0.359473 -0.100000
v -0.586310 -0.357782 -0.100000
v -0.567609 -0.354766 -0.100000
v -0.551482 -0.350259 -0.100000
v -0.537784 -0.344100 -0.100000
v -0.526375 -0.336125 -0.100000
v -0.517112 -0.326171 -0.100000
v -0.509852 -0.314074 -0.100000
v -0.504453 -0.299672 -0.100000
v -0.500773 -0.282801 -0.100000
v -0.498670 -0.263298 -0.100000
v -0.498000 -0.241000 -0.100000
v -0.498000 0.157000 -0.100000
v -0.824000 0.157000 -0.100000
v -0.824000 0.413000 -0.100000
v -0.485000 0.413000 -0.100000
v -0.485000 0.485000 -0.100000
v -0.899000 0.485000 -0.100000
v 0.565027 -0.131591 -0.100000
v 0.575551 -0.133310 -0.100000
v 0.585484 -0.136078 -0.100000
v 0.594741 -0.139815 -0.100000
v 0.603233 -0.144440 -0.100000
v 0.610875 -0.149875 -0.100000
v 0.617579 -0.156039 -0.100000
v 0.623259 -0.162852 -0.100000
v 0.627828 -0.170234 -0.100000
v 0.631199 -0.178106 -0.100000
v 0.633285 -0.186388 -0.100000
v 0.634000 -0.195000 -0.100000
v 0.632873 -0.206618 -0.100000
v 0.629565 -0.217444 -0.100000
v 0.624188 -0.227438 -0.100000
v 0.616852 -0.236556 -0.100000
v 0.607669 -0.244757 -0.100000
v 0.596750 -0.252000 -0.100000
v 0.584206 -0.258243 -0.100000
v 0.570148 -0.263444 -0.100000
v 0.554688 -0.267563 -0.100000
v 0.537935 -0.270556 -0.100000
v 0.520002 -0.272382 -0.100000
v 0.501000 -0.273000 -0.100000
v 0.493792 -0.272958 -0.100000
v 0.486667 -0.272833 -0.100000
v 0.479625 -0.272625 -0.100000
v 0.472667 -0.272333 -0.100000
v 0.465792 -0.271958 -0.100000
v 0.459000 -0.271500 -0.100000
v 0.452292 -0.270958 -0.100000
v 0.445667 -0.270333 -0.100000
v 0.439125 -0.269625 -0.100000
v 0.432667 -0.268833 -0.100000
v 0.426292 -0.267958 -0.100000
v 0.420000 -0.267000 -0.100000
v 0.422866 -0.247729 -0.100000
v 0.427426 -0.229495 -0.100000
v 0.433625 -0.212422 -0.100000
v 0.441407 -0.196630 -0.100000
v 0.450718 -0.182240 -0.100000
v 0.461500 -0.169375 -0.100000
v 0.473699 -0.158156 -0.100000
v 0.487259 -0.148704 -0.100000
v 0.502125 -0.141141 -0.100000
v 0.518241 -0.135588 -0.100000
v 0.535551 -0.132167 -0.100000
v 0.554000 -0.131000 -0.100000
v 0.674340 0.433160 -0.100000
v 0.651218 0.433616 -0.100000
v 0.622922 0.434328 -0.100000
v 0.590741 0.435259 -0.100000
v 0.555962 0.436371 -0.100000
v 0.519875 0.437625 -0.100000
v 0.483767 0.438983 -0.100000
v 0.448926 0.440407 -0.100000
v 0.416641 0.441859 -0.100000
v 0.388199 0.443301 -0.100000
v 0.364889 0.444694 -0.100000
v 0.348000 0.446000 -0.100000
v 0.340826 0.446520 -0.100000
v 0.334278 0.447079 -0.100000
v 0.328312 0.447672 -0.100000
v 0.322889 0.448296 -0.100000
v 0.317965 0.448949 -0.100000
v 0.313500 0.449625 -0.100000
v 0.309451 0.450322 -0.100000
v 0.305778 0.451037 -0.100000
v 0.302437 0.451766 -0.100000
v 0.299389 0.452505 -0.100000
v 0.296590 0.453251 -0.100000
v 0.294000 0.454000 -0.100000
v 0.248000 0.396000 -0.100000
v 0.252539 0.392749 -0.100000
v 0.257148 0.389491 -0.100000
v 0.261812 0.386219 -0.100000
v 0.266518 0.382926 -0.100000
v 0.271252 0.379605 -0.100000
v 0.276000 0.376250 -0.100000
v 0.280748 0.372853 -0.100000
v 0.285481 0.369407 -0.100000
v 0.290187 0.365906 -0.100000
v 0.294852 0.362343 -0.100000
v 0.299461 0.358710 -0.100000
v 0.304000 0.355000 -0.100000
v 0.318208 0.343950 -0.100000
v 0.335500 0.330097 -0.100000
v 0.355375 0.313891 -0.100000
v 0.377333 0.295778 -0.100000
v 0.400875 0.276207 -0.100000
v 0.425500 0.255625 -0.100000
v 0.450708 0.234481 -0.100000
v 0.476000 0.213222 -0.100000
v 0.500875 0.192297 -0.100000
v 0.524833 0.172153 -0.100000
v 0.547375 0.153238 -0.100000
v 0.568000 0.136000 -0.100000
v 0.556461 0.139774 -0.100000
v 0.544856 0.143111 -0.100000
v 0.533203 0.146031 -0.100000
v 0.521518 0.148556 -0.100000
v 0.509820 0.150705 -0.100000
v 0.498125 0.152500 -0.100000
v 0.486451 0.153962 -0.100000
v 0.474815 0.155111 -0.100000
v 0.463234 0.155969 -0.100000
v 0.451727 0.156556 -0.100000
v 0.440310 0.156892 -0.100000
v 0.429000 0.157000 -0.100000
v 0.388521 0.154954 -0.100000
v 0.350250 0.148968 -0.100000
v 0.314437 0.139266 -0.100000
v 0.281333 0.126074 -0.100000
v 0.251187 0.109619 -0.100000
v 0.224250 0.090125 -0.100000
v 0.200771 0.067819 -0.100000
v 0.181000 0.042926 -0.100000
v 0.165187 0.015672 -0.100000
v 0.153583 -0.013718 -0.100000
v 0.146437 -0.045017 -0.100000
v 0.144000 -0.078000 -0.100000
v 0.146720 -0.117035 -0.100000
v 0.154759 -0.153532 -0.100000
v 0.167937 -0.187328 -0.100000
v 0.186074 -0.218259 -0.100000
v 0.208988 -0.246163 -0.100000
v 0.236500 -0.270875 -0.100000
v 0.268428 -0.292233 -0.100000
v 0.304593 -0.310074 -0.100000
v 0.344812 -0.324234 -0.100000
v 0.388907 -0.334551 -0.100000
v 0.436697 -0.340861 -0.100000
v 0.488000 -0.343000 -0.100000
v 0.520878 -0.341791 -0.100000
v 0.551444 -0.338245 -0.100000
v 0.579594 -0.332484 -0.100000
v 0.605222 -0.324630 -0.100000
v 0.628226 -0.314803 -0.100000
v 0.648500 -0.303125 -0.100000
v 0.665941 -0.289718 -0.100000
v 0.680444 -0.274704 -0.100000
v 0.691906 -0.258203 -0.100000
v 0.700222 -0.240338 -0.100000
v 0.705288 -0.221230 -0.100000
v 0.707000 -0.201000 -0.100000
v 0.705746 -0.183947 -0.100000
v 0.702051 -0.167412 -0.100000
v 0.696016 -0.151578 -0.100000
v 0.687741 -0.136630 -0.100000
v 0.677327 -0.122751 -0.100000
v 0.664875 -0.110125 -0.100000
v 0.650486 -0.098937 -0.100000
v 0.634259 -0.089370 -0.100000
v 0.616297 -0.081609 -0.100000
v 0.596699 -0.075838 -0.100000
v 0.575567 -0.072240 -0.100000
v 0.553000 -0.071000 -0.100000
v 0.522957 -0.072668 -0.100000
v 0.495319 -0.077514 -0.100000
v 0.470078 -0.085297 -0.100000
v 0.447222 -0.095778 -0.100000
v 0.426741 -0.108717 -0.100000
v 0.408625 -0.123875 -0.100000
v 0.392863 -0.141012 -0.100000
v 0.379444 -0.159889 -0.100000
v 0.368359 -0.180266 -0.100000
v 0.359597 -0.201903 -0.100000
v 0.353148 -0.224561 -0.100000
v 0.349000 -0.248000 -0.100000
v 0.329735 -0.239689 -0.100000
v 0.311963 -0.230264 -0.100000
v 0.295719 -0.219734 -0.100000
v 0.281037 -0.208111 -0.100000
v 0.267953 -0.195405 -0.100000
v 0.256500 -0.181625 -0.100000
v 0.246714 -0.166783 -0.100000
v 0.238630 -0.150889 -0.100000
v 0.232281 -0.133953 -0.100000
v 0.227704 -0.115986 -0.100000
v 0.224932 -0.096998 -0.100000
v 0.224000 -0.077000 -0.100000
v 0.225925 -0.053029 -0.100000
v 0.231565 -0.030231 -0.100000
v 0.240719 -0.008781 -0.100000
v 0.253185 0.011148 -0.100000
v 0.268763 0.029383 -0.100000
v 0.287250 0.045750 -0.100000
v 0.308446 0.060075 -0.100000
v 0.332148 0.072185 -0.100000
v 0.358156 0.081906 -0.100000
v 0.386268 0.089065 -0.100000
v 0.416284 0.093487 -0.100000
v 0.448000 0.095000 -0.100000
v 0.488192 0.093528 -0.100000
v 0.525537 0.089144 -0.100000
v 0.560438 0.081891 -0.100000
v 0.593296 0.071815 -0.100000
v 0.624516 0.058961 -0.100000
v 0.654500 0.043375 -0.100000
v 0.683650 0.025101 -0.100000
v 0.712370 0.004185 -0.100000
v 0.741063 -0.019328 -0.100000
v 0.770130 -0.045394 -0.100000
v 0.799975 -0.073966 -0.100000
v 0.831000 -0.105000 -0.100000
v 0.888000 -0.046000 -0.100000
v 0.866379 -0.028244 -0.100000
v 0.843282 -0.009199 -0.100000
v 0.819109 0.010797 -0.100000
v 0.794259 0.031407 -0.100000
v 0.769131 0.052296 -0.100000
v 0.744125 0.073125 -0.100000
v 0.719639 0.093558 -0.100000
v 0.696074 0.113259 -0.100000
v 0.673828 0.131891 -0.100000
v 0.653301 0.149116 -0.100000
v 0.634892 0.164598 -0.100000
v 0.619000 0.178000 -0.100000
v 0.603645 0.190660 -0.100000
v 0.585912 0.205366 -0.100000
v 0.566297 0.221703 -0.100000
v 0.545296 0.239259 -0.100000
v 0.523407 0.257621 -0.100000
v 0.501125 0.276375 -0.100000
v 0.478947 0.295108 -0.100000
v 0.457370 0.313407 -0.100000
v 0.436891 0.330859 -0.100000
v 0.418005 0.347051 -0.100000
v 0.401209 0.361569 -0.100000
v 0.387000 0.374000 -0.100000
v 0.403142 0.373362 -0.100000
v 0.424389 0.372477 -0.100000
v 0.449719 0.371391 -0.100000
v 0.478111 0.370148 -0.100000
v 0.508545 0.368795 -0.100000
v 0.540000 0.367375 -0.100000
v 0.571455 0.365935 -0.100000
v 0.601889 0.364519 -0.100000
v 0.630281 0.363172 -0.100000
v 0.655611 0.361940 -0.100000
v 0.676858 0.360868 -0.100000
v 0.693000 0.360000 -0.100000
v 0.698519 0.359729 -0.100000
v 0.704069 0.359417 -0.100000
v 0.709641 0.359062 -0.100000
v 0.715222 0.358667 -0.100000
v 0.720804 0.358229 -0.100000
v 0.726375 0.357750 -0.100000
v 0.731925 0.357229 -0.100000
v 0.737444 0.356667 -0.100000
v 0.742922 0.356062 -0.100000
v 0.748347 0.355417 -0.100000
v 0.753710 0.354729 -0.100000
v 0.759000 0.354000 -0.100000
v 0.762000 0.437000 -0.100000
v 0.756153 0.436291 -0.100000
v 0.750143 0.435662 -0.100000
v 0.744016 0.435109 -0.100000
v 0.737815 0.434630 -0.100000
v 0.731586 0.434219 -0.100000
v 0.725375 0.433875 -0.100000
v 0.719226 0.433593 -0.100000
v 0.713185 0.433370 -0.100000
v 0.707297 0.433203 -0.100000
v 0.701606 0.433088 -0.100000
v 0.696159 0.433021 -0.100000
v 0.691000 0.433000 -0.100000
v 1.210000 -0.016000 -0.100000
v 1.210000 0.068000 -0.100000
v 1.545000 0.068000 -0.100000
v 1.545000 -0.016000 -0.100000
v 1.210000 -0.153000 -0.100000
v 1.210000 -0.069000 -0.100000
v 1.545000 -0.069000 -0.100000
v 1.545000 -0.153000 -0.100000
v 1.210000 0.121000 -0.100000
v 1.210000 0.204000 -0.100000
v 1.545000 0.204000 -0.100000
v 1.545000 0.121000 -0.100000
v 1.444982 0.267599 -0.100000
v 1.442935 0.274375 -0.100000
v 1.440875 0.281297 -0.100000
v 1.438815 0.288333 -0.100000
v 1.436769 0.295453 -0.100000
v 1.434750 0.302625 -0.100000
v 1.432773 0.309818 -0.100000
v 1.430852 0.317000 -0.100000
v 1.429000 0.324141 -0.100000
v 1.427232 0.331208 -0.100000
v 1.425560 0.338172 -0.100000
v 1.424000 0.345000 -0.100000
v 1.689000 0.345000 -0.100000
v 1.689000 0.408000 -0.100000
v 1.519000 0.408000 -0.100000
v 1.522552 0.416027 -0.100000
v 1.526671 0.424546 -0.100000
v 1.531297 0.433469 -0.100000
v 1.536370 0.442704 -0.100000
v 1.541833 0.452161 -0.100000
v 1.547625 0.461750 -0.100000
v 1.553688 0.471381 -0.100000
v 1.559963 0.480963 -0.100000
v 1.566391 0.490406 -0.100000
v 1.572912 0.499620 -0.100000
v 1.579468 0.508515 -0.100000
v 1.586000 0.517000 -0.100000
v 1.524000 0.544000 -0.100000
v 1.516701 0.535456 -0.100000
v 1.509356 0.526398 -0.100000
v 1.502047 0.516938 -0.100000
v 1.494852 0.507185 -0.100000
v 1.487851 0.497252 -0.100000
v 1.481125 0.487250 -0.100000
v 1.474753 0.477289 -0.100000
v 1.468815 0.467482 -0.100000
v 1.463391 0.457938 -0.100000
v 1.458560 0.448769 -0.100000
v 1.454403 0.440086 -0.100000
v 1.451000 0.432000 -0.100000
v 1.503000 0.408000 -0.100000
v 1.316000 0.408000 -0.100000
v 1.309158 0.418045 -0.100000
v 1.302181 0.428611 -0.100000
v 1.295141 0.439594 -0.100000
v 1.288111 0.450889 -0.100000
v 1.281165 0.462392 -0.100000
v 1.274375 0.474000 -0.100000
v 1.267814 0.485608 -0.100000
v 1.261556 0.497111 -0.100000
v 1.255672 0.508406 -0.100000
v 1.250236 0.519389 -0.100000
v 1.245321 0.529955 -0.100000
v 1.241000 0.540000 -0.100000
v 1.167000 0.518000 -0.100000
v 1.173020 0.508693 -0.100000
v 1.179074 0.499296 -0.100000
v 1.185156 0.489844 -0.100000
v 1.191259 0.480370 -0.100000
v 1.197376 0.470911 -0.100000
v 1.203500 0.461500 -0.100000
v 1.209624 0.452172 -0.100000
v 1.215741 0.442963 -0.100000
v 1.221844 0.433906 -0.100000
v 1.227926 0.425037 -0.100000
v 1.233980 0.416390 -0.100000
v 1.240000 0.408000 -0.100000
v 1.053000 0.408000 -0.100000
v 1.053000 0.345000 -0.100000
v 1.341000 0.345000 -0.100000
v 1.344000 0.337733 -0.100000
v 1.346995 0.330444 -0.100000
v 1.349985 0.323156 -0.100000
v 1.352963 0.315889 -0.100000
v 1.355928 0.308663 -0.100000
v 1.358875 0.301500 -0.100000
v 1.361802 0.294420 -0.100000
v 1.364704 0.287444 -0.100000
v 1.367578 0.280594 -0.100000
v 1.370421 0.273889 -0.100000
v 1.373230 0.267351 -0.100000
v 1.376000 0.261000 -0.100000
v 1.137000 0.261000 -0.100000
v 1.137000 -0.211000 -0.100000
v 1.616000 -0.211000 -0.100000
v 1.616000 0.261000 -0.100000
v 1.447000 0.261000 -0.100000
v 1.732932 -0.202663 -0.100000
v 1.727708 -0.205639 -0.100000
v 1.722297 -0.208906 -0.100000
v 1.716667 -0.212444 -0.100000
v 1.710786 -0.216233 -0.100000
v 1.704625 -0.220250 -0.100000
v 1.698151 -0.224476 -0.100000
v 1.691333 -0.228889 -0.100000
v 1.684141 -0.233469 -0.100000
v 1.676542 -0.238194 -0.100000
v 1.668505 -0.243045 -0.100000
v 1.660000 -0.248000 -0.100000
v 1.643541 -0.256179 -0.100000
v 1.626162 -0.263264 -0.100000
v 1.607859 -0.269328 -0.100000
v 1.588630 -0.274444 -0.100000
v 1.568469 -0.278686 -0.100000
v 1.547375 -0.282125 -0.100000
v 1.525343 -0.284835 -0.100000
v 1.502370 -0.286889 -0.100000
v 1.478453 -0.288359 -0.100000
v 1.453588 -0.289319 -0.100000
v 1.427771 -0.289842 -0.100000
v 1.401000 -0.290000 -0.100000
v 1.371132 -0.289856 -0.100000
v 1.340222 -0.289435 -0.100000
v 1.308562 -0.288750 -0.100000
v 1.276444 -0.287815 -0.100000
v 1.244160 -0.286644 -0.100000
v 1.212000 -0.285250 -0.100000
v 1.180257 -0.283648 -0.100000
v 1.149222 -0.281852 -0.100000
v 1.119187 -0.279875 -0.100000
v 1.090444 -0.277731 -0.100000
v 1.063285 -0.275435 -0.100000
v 1.038000 -0.273000 -0.100000
v 1.040074 -0.277817 -0.100000
v 1.042264 -0.283199 -0.100000
v 1.044515 -0.289047 -0.100000
v 1.046778 -0.295259 -0.100000
v 1.048998 -0.301736 -0.100000
v 1.051125 -0.308375 -0.100000
v 1.053106 -0.315077 -0.100000
v 1.054889 -0.321741 -0.100000
v 1.056422 -0.328266 -0.100000
v 1.057653 -0.334551 -0.100000
v 1.058529 -0.340496 -0.100000
v 1.059000 -0.346000 -0.100000
v 1.079060 -0.347267 -0.100000
v 1.102815 -0.348551 -0.100000
v 1.129625 -0.349828 -0.100000
v 1.158852 -0.351074 -0.100000
v 1.189856 -0.352265 -0.100000
v 1.222000 -0.353375 -0.100000
v 1.254643 -0.354381 -0.100000
v 1.287148 -0.355259 -0.100000
v 1.318875 -0.355984 -0.100000
v 1.349185 -0.356532 -0.100000
v 1.377440 -0.356879 -0.100000
v 1.403000 -0.357000 -0.100000
v 1.431842 -0.356761 -0.100000
v 1.459403 -0.356005 -0.100000
v 1.485734 -0.354672 -0.100000
v 1.510889 -0.352704 -0.100000
v 1.534918 -0.350041 -0.100000
v 1.557875 -0.346625 -0.100000
v 1.579811 -0.342396 -0.100000
v 1.600778 -0.337296 -0.100000
v 1.620828 -0.331266 -0.100000
v 1.640014 -0.324245 -0.100000
v 1.658387 -0.316177 -0.100000
v 1.676000 -0.307000 -0.100000
v 1.686502 -0.300896 -0.100000
v 1.696518 -0.294667 -0.100000
v 1.706062 -0.288438 -0.100000
v 1.715148 -0.282333 -0.100000
v 1.723789 -0.276479 -0.100000
v 1.732000 -0.271000 -0.100000
v 1.739794 -0.266021 -0.100000
v 1.747185 -0.261667 -0.100000
v 1.754187 -0.258063 -0.100000
v 1.760815 -0.255333 -0.100000
v 1.767081 -0.253604 -0.100000
v 1.773000 -0.253000 -0.100000
v 1.782304 -0.254079 -0.100000
v 1.792181 -0.257213 -0.100000
v 1.802578 -0.262250 -0.100000
v 1.813444 -0.269037 -0.100000
v 1.824728 -0.277421 -0.100000
v 1.836375 -0.287250 -0.100000
v 1.848335 -0.298370 -0.100000
v 1.860556 -0.310630 -0.100000
v 1.872984 -0.323875 -0.100000
v 1.885569 -0.337954 -0.100000
v 1.898259 -0.352713 -0.100000
v 1.911000 -0.368000 -0.100000
v 1.958000 -0.307000 -0.100000
v 1.945024 -0.294447 -0.100000
v 1.932106 -0.282329 -0.100000
v 1.919266 -0.270703 -0.100000
v 1.906518 -0.259630 -0.100000
v 1.893883 -0.249167 -0.100000
v 1.881375 -0.239375 -0.100000
v 1.869013 -0.230312 -0.100000
v 1.856815 -0.222037 -0.100000
v 1.844797 -0.214609 -0.100000
v 1.832977 -0.208088 -0.100000
v 1.821372 -0.202532 -0.100000
v 1.810000 -0.198000 -0.100000
v 1.810000 0.113000 -0.100000
v 1.949000 0.113000 -0.100000
v 1.949000 0.183000 -0.100000
v 1.738000 0.183000 -0.100000
v 1.738000 -0.200000 -0.100000
v 1.864547 0.488588 -0.100000
v 1.850792 0.475454 -0.100000
v 1.836891 0.461750 -0.100000
v 1.823000 0.447630 -0.100000
v 1.809276 0.433245 -0.100000
v 1.795875 0.418750 -0.100000
v 1.782953 0.404296 -0.100000
v 1.770667 0.390037 -0.100000
v 1.759172 0.376125 -0.100000
v 1.748625 0.362713 -0.100000
v 1.739182 0.349954 -0.100000
v 1.731000 0.338000 -0.100000
v 1.793000 0.296000 -0.100000
v 1.800473 0.308015 -0.100000
v 1.809287 0.320949 -0.100000
v 1.819281 0.334641 -0.100000
v 1.830296 0.348926 -0.100000
v 1.842173 0.363642 -0.100000
v 1.854750 0.378625 -0.100000
v 1.867869 0.393712 -0.100000
v 1.881370 0.408741 -0.100000
v 1.895094 0.423547 -0.100000
v 1.908880 0.437968 -0.100000
v 1.922568 0.451840 -0.100000
v 1.936000 0.465000 -0.100000
v 1.878000 0.501000 -0.100000
v -1.604940 0.465828 0.100000
v -1.602769 0.471787 0.100000
v -1.600500 0.477844 0.100000
v -1.598148 0.483963 0.100000
v -1.595727 0.490110 0.100000
v -1.593250 0.496250 0.100000
v -1.590732 0.502348 0.100000
v -1.588185 0.508370 0.100000
v -1.585625 0.514281 0.100000
v -1.583065 0.520046 0.100000
v -1.580519 0.525631 0.100000
v -1.578000 0.531000 0.100000
v -1.643000 0.543000 0.100000
v -1.646268 0.536612 0.100000
v -1.649560 0.529977 0.100000
v -1.652859 0.523141 0.100000
v -1.656148 0.516148 0.100000
v -1.659409 0.509045 0.100000
v -1.662625 0.501875 0.100000
v -1.665778 0.494685 0.100000
v -1.668852 0.487519 0.100000
v -1.671828 0.480422 0.100000
v -1.674690 0.473440 0.100000
v -1.677420 0.466617 0.100000
v -1.680000 0.460000 0.100000
v -1.913000 0.460000 0.100000
v -1.913000 0.401000 0.100000
v -1.363000 0.401000 0.100000
v -1.363000 0.460000 0.100000
v -1.607000 0.460000 0.100000
v -1.518000 -0.287000 0.100000
v -1.518164 -0.292133 0.100000
v -1.518727 -0.296565 0.100000
v -1.519797 -0.300344 0.100000
v -1.521482 -0.303519 0.100000
v -1.523888 -0.306138 0.100000
v -1.527125 -0.308250 0.100000
v -1.531299 -0.309904 0.100000
v -1.536519 -0.311148 0.100000
v -1.542891 -0.312031 0.100000
v -1.550523 -0.312602 0.100000
v -1.559524 -0.312909 0.100000
v -1.570000 -0.313000 0.100000
v -1.576735 -0.313000 0.100000
v -1.586551 -0.313000 0.100000
v -1.598859 -0.313000 0.100000
v -1.613074 -0.313000 0.100000
v -1.628608 -0.313000 0.100000
v -1.644875 -0.313000 0.100000
v -1.661288 -0.313000 0.100000
v -1.677259 -0.313000 0.100000
v -1.692203 -0.313000 0.100000
v -1.705532 -0.313000 0.100000
v -1.716660 -0.313000 0.100000
v -1.725000 -0.313000 0.100000
v -1.733161 -0.312759 0.100000
v -1.740208 -0.311903 0.100000
v -1.746234 -0.310234 0.100000
v -1.751333 -0.307556 0.100000
v -1.755599 -0.303668 0.100000
v -1.759125 -0.298375 0.100000
v -1.762005 -0.291477 0.100000
v -1.764333 -0.282778 0.100000
v -1.766203 -0.272078 0.100000
v -1.767708 -0.259181 0.100000
v -1.768943 -0.243887 0.100000
v -1.770000 -0.226000 0.100000
v -1.773758 -0.228497 0.100000
v -1.777981 -0.230972 0.100000
v -1.782594 -0.233406 0.100000
v -1.787518 -0.235778 0.100000
v -1.792679 -0.238066 0.100000
v -1.798000 -0.240250 0.100000
v -1.803404 -0.242309 0.100000
v -1.808815 -0.244222 0.100000
v -1.814156 -0.245969 0.100000
v -1.819352 -0.247528 0.100000
v -1.824325 -0.248878 0.100000
v -1.829000 -0.250000 0.100000
v -1.826748 -0.272987 0.100000
v -1.823898 -0.293065 0.100000
v -1.820313 -0.310406 0.100000
v -1.815852 -0.325185 0.100000
v -1.810377 -0.337575 0.100000
v -1.803750 -0.347750 0.100000
v -1.795831 -0.355883 0.100000
v -1.786482 -0.362148 0.100000
v -1.775563 -0.366719 0.100000
v -1.762935 -0.369769 0.100000
v -1.748461 -0.371471 0.100000
v -1.732000 -0.372000 0.100000
v -1.725066 -0.372000 0.100000
v -1.714278 -0.372000 0.100000
v -1.700406 -0.372000 0.100000
v -1.684222 -0.372000 0.100000
v -1.666497 -0.372000 0.100000
v -1.648000 -0.372000 0.100000
v -1.629503 -0.372000 0.100000
v -1.611778 -0.372000 0.100000
v -1.595594 -0.372000 0.100000
v -1.581722 -0.372000 0.100000
v -1.570934 -0.372000 0.100000
v -1.564000 -0.372000 0.100000
v -1.542890 -0.371626 0.100000
v -1.524454 -0.370426 0.100000
v -1.508531 -0.368281 0.100000
v -1.494963 -0.365074 0.100000
v -1.483589 -0.360686 0.100000
v -1.474250 -0.355000 0.100000
v -1.466786 -0.347897 0.100000
v -1.461037 -0.339259 0.100000
v -1.456844 -0.328969 0.100000
v -1.454046 -0.316907 0.100000
v -1.452485 -0.302957 0.100000
v -1.452000 -0.287000 0.100000
v -1.452000 -0.152000 0.100000
v -1.518000 -0.152000 0.100000
v -1.411861 -0.187013 0.100000
v -1.405472 -0.200935 0.100000
v -1.398875 -0.215594 0.100000
v -1.392111 -0.230815 0.100000
v -1.385222 -0.246425 0.100000
v -1.378250 -0.262250 0.100000
v -1.371236 -0.278117 0.100000
v -1.364222 -0.293852 0.100000
v -1.357250 -0.309281 0.100000
v -1.350361 -0.324231 0.100000
v -1.343597 -0.338529 0.100000
v -1.337000 -0.352000 0.100000
v -1.276000 -0.322000 0.100000
v -1.283803 -0.309429 0.100000
v -1.291676 -0.295847 0.100000
v -1.299563 -0.281453 0.100000
v -1.307407 -0.266444 0.100000
v -1.315155 -0.251019 0.100000
v -1.322750 -0.235375 0.100000
v -1.330137 -0.219710 0.100000
v -1.337259 -0.204222 0.100000
v -1.344063 -0.189109 0.100000
v -1.350491 -0.174569 0.100000
v -1.356488 -0.160800 0.100000
v -1.362000 -0.148000 0.100000
v -1.418000 -0.174000 0.100000
v -1.864358 -0.138598 0.100000
v -1.874861 -0.153787 0.100000
v -1.885406 -0.169406 0.100000
v -1.895889 -0.185296 0.100000
v -1.906205 -0.201297 0.100000
v -1.916250 -0.217250 0.100000
v -1.925920 -0.232994 0.100000
v -1.935111 -0.248370 0.100000
v -1.943719 -0.263219 0.100000
v -1.951639 -0.277380 0.100000
v -1.958767 -0.290693 0.100000
v -1.965000 -0.303000 0.100000
v -1.906000 -0.333000 0.100000
v -1.899979 -0.320194 0.100000
v -1.892995 -0.306384 0.100000
v -1.885172 -0.291734 0.100000
v -1.876630 -0.276407 0.100000
v -1.867490 -0.260567 0.100000
v -1.857875 -0.244375 0.100000
v -1.847906 -0.227996 0.100000
v -1.837704 -0.211593 0.100000
v -1.827391 -0.195328 0.100000
v -1.817088 -0.179366 0.100000
v -1.806917 -0.163869 0.100000
v -1.797000 -0.149000 0.100000
v -1.854000 -0.124000 0.100000
v -1.815000 -0.050000 0.100000
v -1.815000 0.015000 0.100000
v -1.458000 0.015000 0.100000
v -1.458000 -0.050000 0.100000
v -1.815000 0.064000 0.100000
v -1.815000 0.128000 0.100000
v -1.458000 0.128000 0.100000
v -1.458000 0.064000 0.100000
v -1.886000 -0.100000 0.100000
v -1.610000 -0.100000 0.100000
v -1.621626 -0.109503 0.100000
v -1.633426 -0.119440 0.100000
v -1.645281 -0.129703 0.100000
v -1.657074 -0.140185 0.100000
v -1.668686 -0.150778 0.100000
v -1.680000 -0.161375 0.100000
v -1.690897 -0.171867 0.100000
v -1.701259 -0.182148 0.100000
v -1.710969 -0.192109 0.100000
v -1.719908 -0.201644 0.100000
v -1.727957 -0.210643 0.100000
v -1.735000 -0.219000 0.100000
v -1.685000 -0.259000 0.100000
v -1.677399 -0.249337 0.100000
v -1.668694 -0.238944 0.100000
v -1.659031 -0.227969 0.100000
v -1.648556 -0.216556 0.100000
v -1.637413 -0.204851 0.100000
v -1.625750 -0.193000 0.100000
v -1.613712 -0.181149 0.100000
v -1.601444 -0.169444 0.100000
v -1.589094 -0.158031 0.100000
v -1.576805 -0.147056 0.100000
v -1.564726 -0.136663 0.100000
v -1.553000 -0.127000 0.100000
v -1.591000 -0.100000 0.100000
v -1.389000 -0.100000 0.100000
v -1.389000 0.179000 0.100000
v -1.886000 0.179000 0.100000
v -1.222000 -0.379000 0.100000
v -1.156000 -0.379000 0.100000
v -1.156000 0.540000 0.100000
v -1.222000 0.540000 0.100000
v -1.125983 0.319544 0.100000
v -1.124444 0.297852 0.100000
v -1.122406 0.275188 0.100000
v -1.119889 0.251815 0.100000
v -1.116913 0.227998 0.100000
v -1.113500 0.204000 0.100000
v -1.109670 0.180086 0.100000
v -1.105444 0.156519 0.100000
v -1.100844 0.133563 0.100000
v -1.095889 0.111481 0.100000
v -1.090601 0.090539 0.100000
v -1.085000 0.071000 0.100000
v -1.028000 0.090000 0.100000
v -1.033602 0.107852 0.100000
v -1.038903 0.127232 0.100000
v -1.043891 0.147875 0.100000
v -1.048556 0.169519 0.100000
v -1.052887 0.191898 0.100000
v -1.056875 0.214750 0.100000
v -1.060509 0.237810 0.100000
v -1.063778 0.260815 0.100000
v -1.066672 0.283500 0.100000
v -1.069180 0.305602 0.100000
v -1.071293 0.326856 0.100000
v -1.073000 0.347000 0.100000
v -1.127000 0.340000 0.100000
v -1.286761 0.361616 0.100000
v -1.292505 0.344593 0.100000
v -1.298172 0.327125 0.100000
v -1.303704 0.309407 0.100000
v -1.309041 0.291634 0.100000
v -1.314125 0.274000 0.100000
v -1.318896 0.256699 0.100000
v -1.323296 0.239926 0.100000
v -1.327266 0.223875 0.100000
v -1.330745 0.208741 0.100000
v -1.333676 0.194718 0.100000
v -1.336000 0.182000 0.100000
v -1.281000 0.160000 0.100000
v -1.278946 0.173447 0.100000
v -1.276320 0.188157 0.100000
v -1.273172 0.203938 0.100000
v -1.269556 0.220593 0.100000
v -1.265523 0.237928 0.100000
v -1.261125 0.255750 0.100000
v -1.256415 0.273863 0.100000
v -1.251444 0.292074 0.100000
v -1.246266 0.310188 0.100000
v -1.240931 0.328009 0.100000
v -1.235491 0.345345 0.100000
v -1.230000 0.362000 0.100000
v -1.281000 0.378000 0.100000
v -1.818020 0.375233 0.100000
v -1.814074 0.367449 0.100000
v -1.810156 0.359672 0.100000
v -1.806259 0.351926 0.100000
v -1.802376 0.344236 0.100000
v -1.798500 0.336625 0.100000
v -1.794624 0.329119 0.100000
v -1.790741 0.321741 0.100000
v -1.786844 0.314516 0.100000
v -1.782926 0.307468 0.100000
v -1.778980 0.300621 0.100000
v -1.775000 0.294000 0.100000
v -1.947000 0.294000 0.100000
v -1.947000 0.233000 0.100000
v -1.336000 0.233000 0.100000
v -1.336000 0.294000 0.100000
v -1.487000 0.294000 0.100000
v -1.485109 0.300237 0.100000
v -1.482958 0.306898 0.100000
v -1.480578 0.313906 0.100000
v -1.478000 0.321185 0.100000
v -1.475255 0.328659 0.100000
v -1.472375 0.336250 0.100000
v -1.469391 0.343883 0.100000
v -1.466333 0.351481 0.100000
v -1.463234 0.358969 0.100000
v -1.460125 0.366269 0.100000
v -1.457036 0.373304 0.100000
v -1.454000 0.380000 0.100000
v -1.513000 0.396000 0.100000
v -1.516765 0.388826 0.100000
v -1.520537 0.381361 0.100000
v -1.524281 0.373688 0.100000
v -1.527963 0.365889 0.100000
v -1.531547 0.358049 0.100000
v -1.535000 0.350250 0.100000
v -1.538286 0.342576 0.100000
v -1.541370 0.335111 0.100000
v -1.544219 0.327938 0.100000
v -1.546796 0.321139 0.100000
v -1.549068 0.314799 0.100000
v -1.551000 0.309000 0.100000
v -1.504000 0.294000 0.100000
v -1.707000 0.294000 0.100000
v -1.711285 0.302445 0.100000
v -1.715616 0.311227 0.100000
v -1.719953 0.320266 0.100000
v -1.724259 0.329481 0.100000
v -1.728496 0.338795 0.100000
v -1.732625 0.348125 0.100000
v -1.736608 0.357393 0.100000
v -1.740407 0.366519 0.100000
v -1.743984 0.375422 0.100000
v -1.747301 0.384023 0.100000
v -1.750319 0.392242 0.100000
v -1.753000 0.400000 0.100000
v -1.822000 0.383000 0.100000
v -0.395000 -0.326000 0.100000
v -0.151000 -0.326000 0.100000
v -0.151000 -0.372000 0.100000
v -0.084000 -0.372000 0.100000
v -0.084000 -0.033000 0.100000
v -0.395000 -0.033000 0.100000
v -0.328000 -0.264000 0.100000
v -0.328000 -0.095000 0.100000
v -0.151000 -0.095000 0.100000
v -0.151000 -0.264000 0.100000
v -0.392000 0.184000 0.100000
v -0.091000 0.184000 0.100000
v -0.091000 0.243000 0.100000
v -0.392000 0.243000 0.100000
v -0.412000 0.043000 0.100000
v -0.072000 0.043000 0.100000
v -0.072000 0.103000 0.100000
v -0.412000 0.103000 0.100000
v -0.443000 0.322000 0.100000
v -0.042000 0.322000 0.100000
v -0.042000 0.384000 0.100000
v -0.443000 0.384000 0.100000
v -0.225758 0.536496 0.100000
v -0.234481 0.526551 0.100000
v -0.243094 0.516266 0.100000
v -0.251518 0.505741 0.100000
v -0.259679 0.495077 0.100000
v -0.267500 0.484375 0.100000
v -0.274904 0.473736 0.100000
v -0.281815 0.463259 0.100000
v -0.288156 0.453047 0.100000
v -0.293852 0.443199 0.100000
v -0.298825 0.433817 0.100000
v -0.303000 0.425000 0.100000
v -0.242000 0.389000 0.100000
v -0.237846 0.398105 0.100000
v -0.232935 0.407843 0.100000
v -0.227344 0.418094 0.100000
v -0.221148 0.428741 0.100000
v -0.214425 0.439665 0.100000
v -0.207250 0.450750 0.100000
v -0.199700 0.461876 0.100000
v -0.191852 0.472926 0.100000
v -0.183781 0.483781 0.100000
v -0.175565 0.494324 0.100000
v -0.167279 0.504436 0.100000
v -0.159000 0.514000 0.100000
v -0.217000 0.546000 0.100000
v -0.899000 0.032000 0.100000
v -0.824000 0.032000 0.100000
v -0.824000 0.086000 0.100000
v -0.573000 0.086000 0.100000
v -0.573000 -0.241000 0.100000
v -0.573229 -0.250347 0.100000
v -0.573995 -0.258444 0.100000
v -0.575422 -0.265375 0.100000
v -0.577630 -0.271222 0.100000
v -0.580740 -0.276069 0.100000
v -0.584875 -0.280000 0.100000
v -0.590156 -0.283097 0.100000
v -0.596704 -0.285444 0.100000
v -0.604641 -0.287125 0.100000
v -0.614088 -0.288222 0.100000
v -0.625167 -0.288819 0.100000
v -0.638000 -0.289000 0.100000
v -0.646262 -0.289000 0.100000
v -0.658093 -0.289000 0.100000
v -0.672813 -0.289000 0.100000
v -0.689741 -0.289000 0.100000
v -0.708197 -0.289000 0.100000
v -0.727500 -0.289000 0.100000
v -0.746970 -0.289000 0.100000
v -0.765926 -0.289000 0.100000
v -0.783688 -0.289000 0.100000
v -0.799574 -0.289000 0.100000
v -0.812905 -0.289000 0.100000
v -0.823000 -0.289000 0.100000
v -0.835567 -0.288407 0.100000
v -0.846370 -0.286426 0.100000
v -0.855563 -0.282750 0.100000
v -0.863296 -0.277074 0.100000
v -0.869725 -0.269093 0.100000
v -0.875000 -0.258500 0.100000
v -0.879276 -0.244991 0.100000
v -0.882704 -0.228259 0.100000
v -0.885438 -0.208000 0.100000
v -0.887630 -0.183907 0.100000
v -0.889433 -0.155676 0.100000
v -0.891000 -0.123000 0.100000
v -0.895528 -0.126245 0.100000
v -0.900560 -0.129458 0.100000
v -0.906016 -0.132609 0.100000
v -0.911815 -0.135667 0.100000
v -0.917878 -0.138599 0.100000
v -0.924125 -0.141375 0.100000
v -0.930476 -0.143964 0.100000
v -0.936852 -0.146333 0.100000
v -0.943172 -0.148453 0.100000
v -0.949356 -0.150292 0.100000
v -0.955326 -0.151818 0.100000
v -0.961000 -0.153000 0.100000
v -0.957962 -0.191314 0.100000
v -0.954199 -0.224931 0.100000
v -0.949484 -0.254109 0.100000
v -0.943593 -0.279111 0.100000
v -0.936298 -0.300196 0.100000
v -0.927375 -0.317625 0.100000
v -0.916598 -0.331658 0.100000
v -0.903741 -0.342556 0.100000
v -0.888578 -0.350578 0.100000
v -0.870884 -0.355986 0.100000
v -0.850433 -0.359040 0.100000
v -0.827000 -0.360000 0.100000
v -0.818752 -0.360000 0.100000
v -0.806097 -0.360000 0.100000
v -0.789922 -0.360000 0.100000
v -0.771111 -0.360000 0.100000
v -0.750550 -0.360000 0.100000
v -0.729125 -0.360000 0.100000
v -0.707721 -0.360000 0.100000
v -0.687222 -0.360000 0.100000
v -0.668516 -0.360000 0.100000
v -0.652486 -0.360000 0.100000
v -0.640019 -0.360000 0.100000
v -0.632000 -0.360000 0.100000
v -0.607726 -0.359473 0.100000
v -0.586310 -0.357782 0.100000
v -0.567609 -0.354766 0.100000
v -0.551482 -0.350259 0.100000
v -0.537784 -0.344100 0.100000
v -0.526375 -0.336125 0.100000
v -0.517112 -0.326171 0.100000
v -0.509852 -0.314074 0.100000
v -0.504453 -0.299672 0.100000
v -0.500773 -0.282801 0.100000
v -0.498670 -0.263298 0.100000
v -0.498000 -0.241000 0.100000
v -0.498000 0.157000 0.100000
v -0.824000 0.157000 0.100000
v -0.824000 0.413000 0.100000
v -0.485000 0.413000 0.100000
v -0.485000 0.485000 0.100000
v -0.899000 0.485000 0.100000
v 0.565027 -0.131591 0.100000
v 0.575551 -0.133310 0.100000
v 0.585484 -0.136078 0.100000
v 0.594741 -0.139815 0.100000
v 0.603233 -0.144440 0.100000
v 0.610875 -0.149875 0.100000
v 0.617579 -0.156039 0.100000
v 0.623259 -0.162852 0.100000
v 0.627828 -0.170234 0.100000
v 0.631199 -0.178106 0.100000
v 0.633285 -0.186388 0.100000
v 0.634000 -0.195000 0.100000
v 0.632873 -0.206618 0.100000
v 0.629565 -0.217444 0.100000
v 0.624188 -0.227438 0.100000
v 0.616852 -0.236556 0.100000
v 0.607669 -0.244757 0.100000
v 0.596750 -0.252000 0.100000
v 0.584206 -0.258243 0.100000
v 0.570148 -0.263444 0.100000
v 0.554688 -0.267563 0.100000
v 0.537935 -0.270556 0.100000
v 0.520002 -0.272382 0.100000
v 0.501000 -0.273000 0.100000
v 0.493792 -0.272958 0.100000
v 0.486667 -0.272833 0.100000
v 0.479625 -0.272625 0.100000
v 0.472667 -0.272333 0.100000
v 0.465792 -0.271958 0.100000
v 0.459000 -0.271500 0.100000
v 0.452292 -0.270958 0.100000
v 0.445667 -0.270333 0.100000
v 0.439125 -0.269625 0.100000
v 0.432667 -0.268833 0.100000
v 0.426292 -0.267958 0.100000
v 0.420000 -0.267000 0.100000
v 0.422866 -0.247729 0.100000
v 0.427426 -0.229495 0.100000
v 0.433625 -0.212422 0.100000
v 0.441407 -0.196630 0.100000
v 0.450718 -0.182240 0.100000
v 0.461500 -0.169375 0.100000
v 0.473699 -0.158156 0.100000
v 0.487259 -0.148704 0.100000
v 0.502125 -0.141141 0.100000
v 0.518241 -0.135588 0.100000
v 0.535551 -0.132167 0.100000
v 0.554000 -0.131000 0.100000
v 0.674340 0.433160 0.100000
v 0.651218 0.433616 0.100000
v 0.622922 0.434328 0.100000
v 0.590741 0.435259 0.100000
v 0.555962 0.436371 0.100000
v 0.519875 0.437625 0.100000
v 0.483767 0.438983 0.100000
v 0.448926 0.440407 0.100000
v 0.416641 0.441859 0.100000
v 0.388199 0.443301 0.100000
v 0.364889 0.444694 0.100000
v 0.348000 0.446000 0.100000
v 0.340826 0.446520 0.100000
v 0.334278 0.447079 0.100000
v 0.328312 0.447672 0.100000
v 0.322889 0.448296 0.100000
v 0.317965 0.448949 0.100000
v 0.313500 0.449625 0.100000
v 0.309451 0.450322 0.100000
v 0.305778 0.451037 0.100000
v 0.302437 0.451766 0.100000
v 0.299389 0.452505 0.100000
v 0.296590 0.453251 0.100000
v 0.294000 0.454000 0.100000
v 0.248000 0.396000 0.100000
v 0.252539 0.392749 0.100000
v 0.257148 0.389491 0.100000
v 0.261812 0.386219 0.100000
v 0.266518 0.382926 0.100000
v 0.271252 0.379605 0.100000
v 0.276000 0.376250 0.100000
v 0.280748 0.372853 0.100000
v 0.285481 0.369407 0.100000
v 0.290187 0.365906 0.100000
v 0.294852 0.362343 0.100000
v 0.299461 0.358710 0.100000
v 0.304000 0.355000 0.100000
v 0.318208 0.343950 0.100000
v 0.335500 0.330097 0.100000
v 0.355375 0.313891 0.100000
v 0.377333 0.295778 0.100000
v 0.400875 0.276207 0.100000
v 0.425500 0.255625 0.100000
v 0.450708 0.234481 0.100000
v 0.476000 0.213222 0.100000
v 0.500875 0.192297 0.100000
v 0.524833 0.172153 0.100000
v 0.547375 0.153238 0.100000
v 0.568000 0.136000 0.100000
v 0.556461 0.139774 0.100000
v 0.544856 0.143111 0.100000
v 0.533203 0.146031 0.100000
v 0.521518 0.148556 0.100000
v 0.509820 0.150705 0.100000
v 0.498125 0.152500 0.100000
v 0.486451 0.153962 0.100000
v 0.474815 0.155111 0.100000
v 0.463234 0.155969 0.100000
v 0.451727 0.156556 0.100000
v 0.440310 0.156892 0.100000
v 0.429000 0.157000 0.100000
v 0.388521 0.154954 0.100000
v 0.350250 0.148968 0.100000
v 0.314437 0.139266 0.100000
v 0.281333 0.126074 0.100000
v 0.251187 0.109619 0.100000
v 0.224250 0.090125 0.100000
v 0.200771 0.067819 0.100000
v 0.181000 0.042926 0.100000
v 0.165187 0.015672 0.100000
v 0.153583 -0.013718 0.100000
v 0.146437 -0.045017 0.100000
v 0.144000 -0.078000 0.100000
v 0.146720 -0.117035 0.100000
v 0.154759 -0.153532 0.100000
v 0.167937 -0.187328 0.100000
v 0.186074 -0.218259 0.100000
v 0.208988 -0.246163 0.100000
v 0.236500 -0.270875 0.100000
v 0.268428 -0.292233 0.100000
v 0.304593 -0.310074 0.100000
v 0.344812 -0.324234 0.100000
v 0.388907 -0.334551 0.100000
v 0.436697 -0.340861 0.100000
v 0.488000 -0.343000 0.100000
v 0.520878 -0.341791 0.100000
v 0.551444 -0.338245 0.100000
v 0.579594 -0.332484 0.100000
v 0.605222 -0.324630 0.100000
v 0.628226 -0.314803 0.100000
v 0.648500 -0.303125 0.100000
v 0.665941 -0.289718 0.100000
v 0.680444 -0.274704 0.100000
v 0.691906 -0.258203 0.100000
v 0.700222 -0.240338 0.100000
v 0.705288 -0.221230 0.100000
v 0.707000 -0.201000 0.100000
v 0.705746 -0.183947 0.100000
v 0.702051 -0.167412 0.100000
v 0.696016 -0.151578 0.100000
v 0.687741 -0.136630 0.100000
v 0.677327 -0.122751 0.100000
v 0.664875 -0.110125 0.100000
v 0.650486 -0.098937 0.100000
v 0.634259 -0.089370 0.100000
v 0.616297 -0.081609 0.100000
v 0.596699 -0.075838 0.100000
v 0.575567 -0.072240 0.100000
v 0.553000 -0.071000 0.100000
v 0.522957 -0.072668 0.100000
v 0.495319 -0.077514 0.100000
v 0.470078 -0.085297 0.100000
v 0.447222 -0.095778 0.100000
v 0.426741 -0.108717 0.100000
v 0.408625 -0.123875 0.100000
v 0.392863 -0.141012 0.100000
v 0.379444 -0.159889 0.100000
v 0.368359 -0.180266 0.100000
v 0.359597 -0.201903 0.100000
v 0.353148 -0.224561 0.100000
v 0.349000 -0.248000 0.100000
v 0.329735 -0.239689 0.100000
v 0.311963 -0.230264 0.100000
v 0.295719 -0.219734 0.100000
v 0.281037 -0.208111 0.100000
v 0.267953 -0.195405 0.100000
v 0.256500 -0.181625 0.100000
v 0.246714 -0.166783 0.100000
v 0.238630 -0.150889 0.100000
v 0.232281 -0.133953 0.100000
v 0.227704 -0.115986 0.100000
v 0.224932 -0.096998 0.100000
v 0.224000 -0.077000 0.100000
v 0.225925 -0.053029 0.100000
v 0.231565 -0.030231 0.100000
v 0.240719 -0.008781 0.100000
v 0.253185 0.011148 0.100000
v 0.268763 0.029383 0.100000
v 0.287250 0.045750 0.100000
v 0.308446 0.060075 0.100000
v 0.332148 0.072185 0.100000
v 0.358156 0.081906 0.100000
v 0.386268 0.089065 0.100000
v 0.416284 0.093487 0.100000
v 0.448000 0.095000 0.100000
v 0.488192 0.093528 0.100000
v 0.525537 0.089144 0.100000
v 0.560438 0.081891 0.100000
v 0.593296 0.071815 0.100000
v 0.624516 0.058961 0.100000
v 0.654500 0.043375 0.100000
v 0.683650 0.025101 0.100000
v 0.712370 0.004185 0.100000
v 0.741063 -0.019328 0.100000
v 0.770130 -0.045394 0.100000
v 0.799975 -0.073966 0.100000
v 0.831000 -0.105000 0.100000
v 0.888000 -0.046000 0.100000
v 0.866379 -0.028244 0.100000
v 0.843282 -0.009199 0.100000
v 0.819109 0.010797 0.100000
v 0.794259 0.031407 0.100000
v 0.769131 0.052296 0.100000
v 0.744125 0.073125 0.100000
v 0.719639 0.093558 0.100000
v 0.696074 0.113259 0.100000
v 0.673828 0.131891 0.100000
v 0.653301 0.149116 0.100000
v 0.634892 0.164598 0.100000
v 0.619000 0.178000 0.100000
v 0.603645 0.190660 0.100000
v 0.585912 0.205366 0.100000
v 0.566297 0.221703 0.100000
v 0.545296 0.239259 0.100000
v 0.523407 0.257621 0.100000
v 0.501125 0.276375 0.100000
v 0.478947 0.295108 0.100000
v 0.457370 0.313407 0.100000
v 0.436891 0.330859 0.100000
v 0.418005 0.347051 0.100000
v 0.401209 0.361569 0.100000
v 0.387000 0.374000 0.100000
v 0.403142 0.373362 0.100000
v 0.424389 0.372477 0.100000
v 0.449719 0.371391 0.100000
v 0.478111 0.370148 0.100000
v 0.508545 0.368795 0.100000
v 0.540000 0.367375 0.100000
v 0.571455 0.365935 0.100000
v 0.601889 0.364519 0.100000
v 0.630281 0.363172 0.100000
v 0.655611 0.361940 0.100000
v 0.676858 0.360868 0.100000
v 0.693000 0.360000 0.100000
v 0.698519 0.359729 0.100000
v 0.704069 0.359417 0.100000
v 0.709641 0.359062 0.100000
v 0.715222 0.358667 0.100000
v 0.720804 0.358229 0.100000
v 0.726375 0.357750 0.100000
v 0.731925 0.357229 0.100000
v 0.737444 0.356667 0.100000
v 0.742922 0.356062 0.100000
v 0.748347 0.355417 0.100000
v 0.753710 0.354729 0.100000
v 0.759000 0.354000 0.100000
v 0.762000 0.437000 0.100000
v 0.756153 0.436291 0.100000
v 0.750143 0.435662 0.100000
v 0.744016 0.435109 0.100000
v 0.737815 0.434630 0.100000
v 0.731586 0.434219 0.100000
v 0.725375 0.433875 0.100000
v 0.719226 0.433593 0.100000
v 0.713185 0.433370 0.100000
v 0.707297 0.433203 0.100000
v 0.701606 0.433088 0.100000
v 0.696159 0.433021 0.100000
v 0.691000 0.433000 0.100000
v 1.210000 -0.016000 0.100000
v 1.210000 0.068000 0.100000
v 1.545000 0.068000 0.100000
v 1.545000 -0.016000 0.100000
v 1.210000 -0.153000 0.100000
v 1.210000 -0.069000 0.100000
v 1.545000 -0.069000 0.100000
v 1.545000 -0.153000 0.100000
v 1.210000 0.121000 0.100000
v 1.210000 0.204000 0.100000
v 1.545000 0.204000 0.100000
v 1.545000 0.121000 0.100000
v 1.444982 0.267599 0.100000
v 1.442935 0.274375 0.100000
v 1.440875 0.281297 0.100000
v 1.438815 0.288333 0.100000
v 1.436769 0.295453 0.100000
v 1.434750 0.302625 0.100000
v 1.432773 0.309818 0.100000
v 1.430852 0.317000 0.100000
v 1.429000 0.324141 0.100000
v 1.427232 0.331208 0.100000
v 1.425560 0.338172 0.100000
v 1.424000 0.345000 0.100000
v 1.689000 0.345000 0.100000
v 1.689000 0.408000 0.100000
v 1.519000 0.408000 0.100000
v 1.522552 0.416027 0.100000
v 1.526671 0.424546 0.100000
v 1.531297 0.433469 0.100000
v 1.536370 0.442704 0.100000
v 1.541833 0.452161 0.100000
v 1.547625 0.461750 0.100000
v 1.553688 0.471381 0.100000
v 1.559963 0.480963 0.100000
v 1.566391 0.490406 0.100000
v 1.572912 0.499620 0.100000
v 1.579468 0.508515 0.100000
v 1.586000 0.517000 0.100000
v 1.524000 0.544000 0.100000
v 1.516701 0.535456 0.100000
v 1.509356 0.526398 0.100000
v 1.502047 0.516938 0.100000
v 1.494852 0.507185 0.100000
v 1.487851 0.497252 0.100000
v 1.481125 0.487250 0.100000
v 1.474753 0.477289 0.100000
v 1.468815 0.467482 0.100000
v 1.463391 0.457938 0.100000
v 1.458560 0.448769 0.100000
v 1.454403 0.440086 0.100000
v 1.451000 0.432000 0.100000
v 1.503000 0.408000 0.100000
v 1.316000 0.408000 0.100000
v 1.309158 0.418045 0.100000
v 1.302181 0.428611 0.100000
v 1.295141 0.439594 0.100000
v 1.288111 0.450889 0.100000
v 1.281165 0.462392 0.100000
v 1.274375 0.474000 0.100000
v 1.267814 0.485608 0.100000
v 1.261556 0.497111 0.100000
v 1.255672 0.508406 0.100000
v 1.250236 0.519389 0.100000
v 1.245321 0.529955 0.100000
v 1.241000 0.540000 0.100000
v 1.167000 0.518000 0.100000
v 1.173020 0.508693 0.100000
v 1.179074 0.499296 0.100000
v 1.185156 0.489844 0.100000
v 1.191259 0.480370 0.100000
v 1.197376 0.470911 0.100000
v 1.203500 0.461500 0.100000
v 1.209624 0.452172 0.100000
v 1.215741 0.442963 0.100000
v 1.221844 0.433906 0.100000
v 1.227926 0.425037 0.100000
v 1.233980 0.416390 0.100000
v 1.240000 0.408000 0.100000
v 1.053000 0.408000 0.100000
v 1.053000 0.345000 0.100000
v 1.341000 0.345000 0.100000
v 1.344000 0.337733 0.100000
v 1.346995 0.330444 0.100000
v 1.349985 0.323156 0.100000
v 1.352963 0.315889 0.100000
v 1.355928 0.308663 0.100000
v 1.358875 0.301500 0.100000
v 1.361802 0.294420 0.100000
v 1.364704 0.287444 0.100000
v 1.367578 0.280594 0.100000
v 1.370421 0.273889 0.100000
v 1.373230 0.267351 0.100000
v 1.376000 0.261000 0.100000
v 1.137000 0.261000 0.100000
v 1.137000 -0.211000 0.100000
v 1.616000 -0.211000 0.100000
v 1.616000 0.261000 0.100000
v 1.447000 0.261000 0.100000
v 1.732932 -0.202663 0.100000
v 1.727708 -0.205639 0.100000
v 1.722297 -0.208906 0.100000
v 1.716667 -0.212444 0.100000
v 1.710786 -0.216233 0.100000
v 1.704625 -0.220250 0.100000
v 1.698151 -0.224476 0.100000
v 1.691333 -0.228889 0.100000
v 1.684141 -0.233469 0.100000
v 1.676542 -0.238194 0.100000
v 1.668505 -0.243045 0.100000
v 1.660000 -0.248000 0.100000
v 1.643541 -0.256179 0.100000
v 1.626162 -0.263264 0.100000
v 1.607859 -0.269328 0.100000
v 1.588630 -0.274444 0.100000
v 1.568469 -0.278686 0.100000
v 1.547375 -0.282125 0.100000
v 1.525343 -0.284835 0.100000
v 1.502370 -0.286889 0.100000
v 1.478453 -0.288359 0.100000
v 1.453588 -0.289319 0.100000
v 1.427771 -0.289842 0.100000
v 1.401000 -0.290000 0.100000
v 1.371132 -0.289856 0.100000
v 1.340222 -0.289435 0.100000
v 1.308562 -0.288750 0.100000
v 1.276444 -0.287815 0.100000
v 1.244160 -0.286644 0.100000
v 1.212000 -0.285250 0.100000
v 1.180257 -0.283648 0.100000
v 1.149222 -0.281852 0.100000
v 1.119187 -0.279875 0.100000
v 1.090444 -0.277731 0.100000
v 1.063285 -0.275435 0.100000
v 1.038000 -0.273000 0.100000
v 1.040074 -0.277817 0.100000
v 1.042264 -0.283199 0.100000
v 1.044515 -0.289047 0.100000
v 1.046778 -0.295259 0.100000
v 1.048998 -0.301736 0.100000
v 1.051125 -0.308375 0.100000
v 1.053106 -0.315077 0.100000
v 1.054889 -0.321741 0.100000
v 1.056422 -0.328266 0.100000
v 1.057653 -0.334551 0.100000
v 1.058529 -0.340496 0.100000
v 1.059000 -0.346000 0.100000
v 1.079060 -0.347267 0.100000
v 1.102815 -0.348551 0.100000
v 1.129625 -0.349828 0.100000
v 1.158852 -0.351074 0.100000
v 1.189856 -0.352265 0.100000
v 1.222000 -0.353375 0.100000
v 1.254643 -0.354381 0.100000
v 1.287148 -0.355259 0.100000
v 1.318875 -0.355984 0.100000
v 1.349185 -0.356532 0.100000
v 1.377440 -0.356879 0.100000
v 1.403000 -0.357000 0.100000
v 1.431842 -0.356761 0.100000
v 1.459403 -0.356005 0.100000
v 1.485734 -0.354672 0.100000
v 1.510889 -0.352704 0.100000
v 1.534918 -0.350041 0.100000
v 1.557875 -0.346625 0.100000
v 1.579811 -0.342396 0.100000
v 1.600778 -0.337296 0.100000
v 1.620828 -0.331266 0.100000
v 1.640014 -0.324245 0.100000
v 1.658387 -0.316177 0.100000
v 1.676000 -0.307000 0.100000
v 1.686502 -0.300896 0.100000
v 1.696518 -0.294667 0.100000
v 1.706062 -0.288438 0.100000
v 1.715148 -0.282333 0.100000
v 1.723789 -0.276479 0.100000
v 1.732000 -0.271000 0.100000
v 1.739794 -0.266021 0.100000
v 1.747185 -0.261667 0.100000
v 1.754187 -0.258063 0.100000
v 1.760815 -0.255333 0.100000
v 1.767081 -0.253604 0.100000
v 1.773000 -0.253000 0.100000
v 1.782304 -0.254079 0.100000
v 1.792181 -0.257213 0.100000
v 1.802578 -0.262250 0.100000
v 1.813444 -0.269037 0.100000
v 1.824728 -0.277421 0.100000
v 1.836375 -0.287250 0.100000
v 1.848335 -0.298370 0.100000
v 1.860556 -0.310630 0.100000
v 1.872984 -0.323875 0.100000
v 1.885569 -0.337954 0.100000
v 1.898259 -0.352713 0.100000
v 1.911000 -0.368000 0.100000
v 1.958000 -0.307000 0.100000
v 1.945024 -0.294447 0.100000
v 1.932106 -0.282329 0.100000
v 1.919266 -0.270703 0.100000
v 1.906518 -0.259630 0.100000
v 1.893883 -0.249167 0.100000
v 1.881375 -0.239375 0.100000
v 1.869013 -0.230312 0.100000
v 1.856815 -0.222037 0.100000
v 1.844797 -0.214609 0.100000
v 1.832977 -0.208088 0.100000
v 1.821372 -0.202532 0.100000
v 1.810000 -0.198000 0.100000
v 1.810000 0.113000 0.100000
v 1.949000 0.113000 0.100000
v 1.949000 0.183000 0.100000
v 1.738000 0.183000 0.100000
v 1.738000 -0.200000 0.100000
v 1.864547 0.488588 0.100000
v 1.850792 0.475454 0.100000
v 1.836891 0.461750 0.100000
v 1.823000 0.447630 0.100000
v 1.809276 0.433245 0.100000
v 1.795875 0.418750 0.100000
v 1.782953 0.404296 0.100000
v 1.770667 0.390037 0.100000
v 1.759172 0.376125 0.100000
v 1.748625 0.362713 0.100000
v 1.739182 0.349954 0.100000
v 1.731000 0.338000 0.100000
v 1.793000 0.296000 0.100000
v 1.800473 0.308015 0.100000
v 1.809287 0.320949 0.100000
v 1.819281 0.334641 0.100000
v 1.830296 0.348926 0.100000
v 1.842173 0.363642 0.100000
v 1.854750 0.378625 0.100000
v 1.867869 0.393712 0.100000
v 1.881370 0.408741 0.100000
v 1.895094 0.423547 0.100000
v 1.908880 0.437968 0.100000
v 1.922568 0.451840 0.100000
v 1.936000 0.465000 0.100000
v 1.878000 0.501000 0.100000
v 1.864547 0.488588 0.100000
v 1.864547 0.488588 -0.100000
v 1.850792 0.475454 0.100000
v 1.850792 0.475454 -0.100000
v 1.836891 0.461750 0.100000
v 1.836891 0.461750 -0.100000
v 1.823000 0.447630 0.100000
v 1.823000 0.447630 -0.100000
v 1.809276 0.433245 0.100000
v 1.809276 0.433245 -0.100000
v 1.795875 0.418750 0.100000
v 1.795875 0.418750 -0.100000
v 1.782953 0.404296 0.100000
v 1.782953 0.404296 -0.100000
v 1.770667 0.390037 0.100000
v 1.770667 0.390037 -0.100000
v 1.759172 0.376125 0.100000
v 1.759172 0.376125 -0.100000
v 1.748625 0.362713 0.100000
v 1.748625 0.362713 -0.100000
v 1.739182 0.349954 0.100000
v 1.739182 0.349954 -0.100000
v 1.731000 0.338000 0.100000
v 1.731000 0.338000 -0.100000
v 1.793000 0.296000 0.100000
v 1.793000 0.296000 -0.100000
v 1.800473 0.308015 0.100000
v 1.800473 0.308015 -0.100000
v 1.809287 0.320949 0.100000
v 1.809287 0.320949 -0.100000
v 1.819281 0.334641 0.100000
v 1.819281 0.334641 -0.100000
v 1.830296 0.348926 0.100000
v 1.830296 0.348926 -0.100000
v 1.842173 0.363642 0.100000
v 1.842173 0.363642 -0.100000
v 1.854750 0.378625 0.100000
v 1.854750 0.378625 -0.100000
v 1.867869 0.393712 0.100000
v 1.867869 0.393712 -0.100000
v 1.881370 0.408741 0.100000
v 1.881370 0.408741 -0.100000
v 1.895094 0.423547 0.100000
v 1.895094 0.423547 -0.100000
v 1.908880 0.437968 0.100000
v 1.908880 0.437968 -0.100000
v 1.922568 0.451840 0.100000
v 1.922568 0.451840 -0.100000
v 1.936000 0.465000 0.100000
v 1.936000 0.465000 -0.100000
v 1.878000 0.501000 0.100000
v 1.878000 0.501000 -0.100000
v 1.210000 -0.016000 0.100000
v 1.210000 -0.016000 -0.100000
v 1.210000 0.068000 0.100000
v 1.210000 0.068000 -0.100000
v 1.545000 0.068000 0.100000
v 1.545000 0.068000 -0.100000
v 1.545000 -0.016000 0.100000
v 1.545000 -0.016000 -0.100000
v 1.210000 -0.153000 0.100000
v 1.210000 -0.153000 -0.100000
v 1.210000 -0.069000 0.100000
v 1.210000 -0.069000 -0.100000
v 1.545000 -0.069000 0.100000
v 1.545000 -0.069000 -0.100000
v 1.545000 -0.153000 0.100000
v 1.545000 -0.153000 -0.100000
v 1.210000 0.121000 0.100000
v 1.210000 0.121000 -0.100000
v 1.210000 0.204000 0.100000
v 1.210000 0.204000 -0.100000
v 1.545000 0.204000 0.100000
v 1.545000 0.204000 -0.100000
v 1.545000 0.121000 0.100000
v 1.545000 0.121000 -0.100000
v 1.444982 0.267599 0.100000
v 1.444982 0.267599 -0.100000
v 1.442935 0.274375 0.100000
v 1.442935 0.274375 -0.100000
v 1.440875 0.281297 0.100000
v 1.440875 0.281297 -0.100000
v 1.438815 0.288333 0.100000
v 1.438815 0.288333 -0.100000
v 1.436769 0.295453 0.100000
v 1.436769 0.295453 -0.100000
v 1.434750 0.302625 0.100000
v 1.434750 0.302625 -0.100000
v 1.432773 0.309818 0.100000
v 1.432773 0.309818 -0.100000
v 1.430852 0.317000 0.100000
v 1.430852 0.317000 -0.100000
v 1.429000 0.324141 0.100000
v 1.429000 0.324141 -0.100000
v 1.427232 0.331208 0.100000
v 1.427232 0.331208 -0.100000
v 1.425560 0.338172 0.100000
v 1.425560 0.338172 -0.100000
v 1.424000 0.345000 0.100000
v 1.424000 0.345000 -0.100000
v 1.689000 0.345000 0.100000
v 1.689000 0.345000 -0.100000
v 1.689000 0.408000 0.100000
v 1.689000 0.408000 -0.100000
v 1.519000 0.408000 0.100000
v 1.519000 0.408000 -0.100000
v 1.522552 0.416027 0.100000
v 1.522552 0.416027 -0.100000
v 1.526671 0.424546 0.100000
v 1.526671 0.424546 -0.100000
v 1.531297 0.433469 0.100000
v 1.531297 0.433469 -0.100000
v 1.536370 0.442704 0.100000
v 1.536370 0.442704 -0.100000
v 1.541833 0.452161 0.100000
v 1.541833 0.452161 -0.100000
v 1.547625 0.461750 0.100000
v 1.547625 0.461750 -0.100000
v 1.553688 0.471381 0.100000
v 1.553688 0.471381 -0.100000
v 1.559963 0.480963 0.100000
v 1.559963 0.480963 -0.100000
v 1.566391 0.490406 0.100000
v 1.566391 0.490406 -0.100000
v 1.572912 0.499620 0.100000
v 1.572912 0.499620 -0.100000
v 1.579468 0.508515 0.100000
v 1.579468 0.508515 -0.100000
v 1.586000 0.517000 0.100000
v 1.586000 0.517000 -0.100000
v 1.524000 0.544000 0.100000
v 1.524000 0.544000 -0.100000
v 1.516701 0.535456 0.100000
v 1.516701 0.535456 -0.100000
v 1.509356 0.526398 0.100000
v 1.509356 0.526398 -0.100000
v 1.502047 0.516938 0.100000
v 1.502047 0.516938 -0.100000
v 1.494852 0.507185 0.100000
v 1.494852 0.507185 -0.100000
v 1.487851 0.497252 0.100000
v 1.487851 0.497252 -0.100000
v 1.481125 0.487250 0.100000
v 1.481125 0.487250 -0.100000
v 1.474753 0.477289 0.100000
v 1.474753 0.477289 -0.100000
v 1.468815 0.467482 0.100000
v 1.468815 0.467482 -0.100000
v 1.463391 0.457938 0.100000
v 1.463391 0.457938 -0.100000
v 1.458560 0.448769 0.100000
v 1.458560 0.448769 -0.100000
v 1.454403 0.440086 0.100000
v 1.454403 0.440086 -0.100000
v 1.451000 0.432000 0.100000
v 1.451000 0.432000 -0.100000
v 1.503000 0.408000 0.100000
v 1.503000 0.408000 -0.100000
v 1.316000 0.408000 0.100000
v 1.316000 0.408000 -0.100000
v 1.309158 0.418045 0.100000
v 1.309158 0.418045 -0.100000
v 1.302181 0.428611 0.100000
v 1.302181 0.428611 -0.100000
v 1.295141 0.439594 0.100000
v 1.295141 0.439594 -0.100000
v 1.288111 0.450889 0.100000
v 1.288111 0.450889 -0.100000
v 1.281165 0.462392 0.100000
v 1.281165 0.462392 -0.100000
v 1.274375 0.474000 0.100000
v 1.274375 0.474000 -0.100000
v 1.267814 0.485608 0.100000
v 1.267814 0.485608 -0.100000
v 1.261556 0.497111 0.100000
v 1.261556 0.497111 -0.100000
v 1.255672 0.508406 0.100000
v 1.255672 0.508406 -0.100000
v 1.250236 0.519389 0.100000
v 1.250236 0.519389 -0.100000
v 1.245321 0.529955 0.100000
v 1.245321 0.529955 -0.100000
v 1.241000 0.540000 0.100000
v 1.241000 0.540000 -0.100000
v 1.167000 0.518000 0.100000
v 1.167000 0.518000 -0.100000
v 1.173020 0.508693 0.100000
v 1.173020 0.508693 -0.100000
v 1.179074 0.499296 0.100000
v 1.179074 0.499296 -0.100000
v 1.185156 0.489844 0.100000
v 1.185156 0.489844 -0.100000
v 1.191259 0.480370 0.100000
v 1.191259 0.480370 -0.100000
v 1.197376 0.470911 0.100000
v 1.197376 0.470911 -0.100000
v 1.203500 0.461500 0.100000
v 1.203500 0.461500 -0.100000
v 1.209624 0.452172 0.100000
v 1.209624 0.452172 -0.100000
v 1.215741 0.442963 0.100000
v 1.215741 0.442963 -0.100000
v 1.221844 0.433906 0.100000
v 1.221844 0.433906 -0.100000
v 1.227926 0.425037 0.100000
v 1.227926 0.425037 -0.100000
v 1.233980 0.416390 0.100000
v 1.233980 0.416390 -0.100000
v 1.240000 0.408000 0.100000
v 1.240000 0.408000 -0.100000
v 1.053000 0.408000 0.100000
v 1.053000 0.408000 -0.100000
v 1.053000 0.345000 0.100000
v 1.053000 0.345000 -0.100000
v 1.341000 0.345000 0.100000
v 1.341000 0.345000 -0.100000
v 1.344000 0.337733 0.100000
v 1.344000 0.337733 -0.100000
v 1.346995 0.330444 0.100000
v 1.346995 0.330444 -0.100000
v 1.349985 0.323156 0.100000
v 1.349985 0.323156 -0.100000
v 1.352963 0.315889 0.100000
v 1.352963 0.315889 -0.100000
v 1.355928 0.308663 0.100000
v 1.355928 0.308663 -0.100000
v 1.358875 0.301500 0.100000
v 1.358875 0.301500 -0.100000
v 1.361802 0.294420 0.100000
v 1.361802 0.294420 -0.100000
v 1.364704 0.287444 0.100000
v 1.364704 0.287444 -0.100000
v 1.367578 0.280594 0.100000
v 1.367578 0.280594 -0.100000
v 1.370421 0.273889 0.100000
v 1.370421 0.273889 -0.100000
v 1.373230 0.267351 0.100000
v 1.373230 0.267351 -0.100000
v 1.376000 0.261000 0.100000
v 1.376000 0.261000 -0.100000
v 1.137000 0.261000 0.100000
v 1.137000 0.261000 -0.100000
v 1.137000 -0.211000 0.100000
v 1.137000 -0.211000 -0.100000
v 1.616000 -0.211000 0.100000
v 1.616000 -0.211000 -0.100000
v 1.616000 0.261000 0.100000
v 1.616000 0.261000 -0.100000
v 1.447000 0.261000 0.100000
v 1.447000 0.261000 -0.100000
v 1.732932 -0.202663 0.100000
v 1.732932 -0.202663 -0.100000
v 1.727708 -0.205639 0.100000
v 1.727708 -0.205639 -0.100000
v 1.722297 -0.208906 0.100000
v 1.722297 -0.208906 -0.100000
v 1.716667 -0.212444 0.100000
v 1.716667 -0.212444 -0.100000
v 1.710786 -0.216233 0.100000
v 1.710786 -0.216233 -0.100000
v 1.704625 -0.220250 0.100000
v 1.704625 -0.220250 -0.100000
v 1.698151 -0.224476 0.100000
v 1.698151 -0.224476 -0.100000
v 1.691333 -0.228889 0.100000
v 1.691333 -0.228889 -0.100000
v 1.684141 -0.233469 0.100000
v 1.684141 -0.233469 -0.100000
v 1.676542 -0.238194 0.100000
v 1.676542 -0.238194 -0.100000
v 1.668505 -0.243045 0.100000
v 1.668505 -0.243045 -0.100000
v 1.660000 -0.248000 0.100000
v 1.660000 -0.248000 -0.100000
v 1.643541 -0.256179 0.100000
v 1.643541 -0.256179 -0.100000
v 1.626162 -0.263264 0.100000
v 1.626162 -0.263264 -0.100000
v 1.607859 -0.269328 0.100000
v 1.607859 -0.269328 -0.100000
v 1.588630 -0.274444 0.100000
v 1.588630 -0.274444 -0.100000
v 1.568469 -0.278686 0.100000
v 1.568469 -0.278686 -0.100000
v 1.547375 -0.282125 0.100000
v 1.547375 -0.282125 -0.100000
v 1.525343 -0.284835 0.100000
v 1.525343 -0.284835 -0.100000
v 1.502370 -0.286889 0.100000
v 1.502370 -0.286889 -0.100000
v 1.478453 -0.288359 0.100000
v 1.478453 -0.288359 -0.100000
v 1.453588 -0.289319 0.100000
v 1.453588 -0.289319 -0.100000
v 1.427771 -0.289842 0.100000
v 1.427771 -0.289842 -0.100000
v 1.401000 -0.290000 0.100000
v 1.401000 -0.290000 -0.100000
v 1.371132 -0.289856 0.100000
v 1.371132 -0.289856 -0.100000
v 1.340222 -0.289435 0.100000
v 1.340222 -0.289435 -0.100000
v 1.308562 -0.288750 0.100000
v 1.308562 -0.288750 -0.100000
v 1.276444 -0.287815 0.100000
v 1.276444 -0.287815 -0.100000
v 1.244160 -0.286644 0.100000
v 1.244160 -0.286644 -0.100000
v 1.212000 -0.285250 0.100000
v 1.212000 -0.285250 -0.100000
v 1.180257 -0.283648 0.100000
v 1.180257 -0.283648 -0.100000
v 1.149222 -0.281852 0.100000
v 1.149222 -0.281852 -0.100000
v 1.119187 -0.279875 0.100000
v 1.119187 -0.279875 -0.100000
v 1.090444 -0.277731 0.100000
v 1.090444 -0.277731 -0.100000
v 1.063285 -0.275435 0.100000
v 1.063285 -0.275435 -0.100000
v 1.038000 -0.273000 0.100000
v 1.038000 -0.273000 -0.100000
v 1.040074 -0.277817 0.100000
v 1.040074 -0.277817 -0.100000
v 1.042264 -0.283199 0.100000
v 1.042264 -0.283199 -0.100000
v 1.044515 -0.289047 0.100000
v 1.044515 -0.289047 -0.100000
v 1.046778 -0.295259 0.100000
v 1.046778 -0.295259 -0.100000
v 1.048998 -0.301736 0.100000
v 1.048998 -0.301736 -0.100000
v 1.051125 -0.308375 0.100000
v 1.051125 -0.308375 -0.100000
v 1.053106 -0.315077 0.100000
v 1.053106 -0.315077 -0.100000
v 1.054889 -0.321741 0.100000
v 1.054889 -0.321741 -0.100000
v 1.056422 -0.328266 0.100000
v 1.056422 -0.328266 -0.100000
v 1.057653 -0.334551 0.100000
v 1.057653 -0.334551 -0.100000
v 1.058529 -0.340496 0.100000
v 1.058529 -0.340496 -0.100000
v 1.059000 -0.346000 0.100000
v 1.059000 -0.346000 -0.100000
v 1.079060 -0.347267 0.100000
v 1.079060 -0.347267 -0.100000
v 1.102815 -0.348551 0.100000
v 1.102815 -0.348551 -0.100000
v 1.129625 -0.349828 0.100000
v 1.129625 -0.349828 -0.100000
v 1.158852 -0.351074 0.100000
v 1.158852 -0.351074 -0.100000
v 1.189856 -0.352265 0.100000
v 1.189856 -0.352265 -0.100000
v 1.222000 -0.353375 0.100000
v 1.222000 -0.353375 -0.100000
v 1.254643 -0.354381 0.100000
v 1.254643 -0.354381 -0.100000
v 1.287148 -0.355259 0.100000
v 1.287148 -0.355259 -0.100000
v 1.318875 -0.355984 0.100000
v 1.318875 -0.355984 -0.100000
v 1.349185 -0.356532 0.100000
v 1.349185 -0.356532 -0.100000
v 1.377440 -0.356879 0.100000
v 1.377440 -0.356879 -0.100000
v 1.403000 -0.357000 0.100000
v 1.403000 -0.357000 -0.100000
v 1.431842 -0.356761 0.100000
v 1.431842 -0.356761 -0.100000
v 1.459403 -0.356005 0.100000
v 1.459403 -0.356005 -0.100000
v 1.485734 -0.354672 0.100000
v 1.485734 -0.354672 -0.100000
v 1.510889 -0.352704 0.100000
v 1.510889 -0.352704 -0.100000
v 1.534918 -0.350041 0.100000
v 1.534918 -0.350041 -0.100000
v 1.557875 -0.346625 0.100000
v 1.557875 -0.346625 -0.100000
v 1.579811 -0.342396 0.100000
v 1.579811 -0.342396 -0.100000
v 1.600778 -0.337296 0.100000
v 1.600778 -0.337296 -0.100000
v 1.620828 -0.331266 0.100000
v 1.620828 -0.331266 -0.100000
v 1.640014 -0.324245 0.100000
v 1.640014 -0.324245 -0.100000
v 1.658387 -0.316177 0.100000
v 1.658387 -0.316177 -0.100000
v 1.676000 -0.307000 0.100000
v 1.676000 -0.307000 -0.100000
v 1.686502 -0.300896 0.100000
v 1.686502 -0.300896 -0.100000
v 1.696518 -0.294667 0.100000
v 1.696518 -0.294667 -0.100000
v 1.706062 -0.288438 0.100000
v 1.706062 -0.288438 -0.100000
v 1.715148 -0.282333 0.100000
v 1.715148 -0.282333 -0.100000
v 1.723789 -0.276479 0.100000
v 1.723789 -0.276479 -0.100000
v 1.732000 -0.271000 0.100000
v 1.732000 -0.271000 -0.100000
v 1.739794 -0.266021 0.100000
v 1.739794 -0.266021 -0.100000
v 1.747185 -0.261667 0.100000
v 1.747185 -0.261667 -0.100000
v 1.754187 -0.258063 0.100000
v 1.754187 -0.258063 -0.100000
v 1.760815 -0.255333 0.100000
v 1.760815 -0.255333 -0.100000
v 1.767081 -0.253604 0.100000
v 1.767081 -0.253604 -0.100000
v 1.773000 -0.253000 0.100000
v 1.773000 -0.253000 -0.100000
v 1.782304 -0.254079 0.100000
v 1.782304 -0.254079 -0.100000
v 1.792181 -0.257213 0.100000
v 1.792181 -0.257213 -0.100000
v 1.802578 -0.262250 0.100000
v 1.802578 -0.262250 -0.100000
v 1.813444 -0.269037 0.100000
v 1.813444 -0.269037 -0.100000
v 1.824728 -0.277421 0.100000
v 1.824728 -0.277421 -0.100000
v 1.836375 -0.287250 0.100000
v 1.836375 -0.287250 -0.100000
v 1.848335 -0.298370 0.100000
v 1.848335 -0.298370 -0.100000
v 1.860556 -0.310630 0.100000
v 1.860556 -0.310630 -0.100000
v 1.872984 -0.323875 0.100000
v 1.872984 -0.323875 -0.100000
v 1.885569 -0.337954 0.100000
v 1.885569 -0.337954 -0.100000
v 1.898259 -0.352713 0.100000
v 1.898259 -0.352713 -0.100000
v 1.911000 -0.368000 0.100000
v 1.911000 -0.368000 -0.100000
v 1.958000 -0.307000 0.100000
v 1.958000 -0.307000 -0.100000
v 1.945024 -0.294447 0.100000
v 1.945024 -0.294447 -0.100000
v 1.932106 -0.282329 0.100000
v 1.932106 -0.282329 -0.100000
v 1.919266 -0.270703 0.100000
v 1.919266 -0.270703 -0.100000
v 1.906518 -0.259630 0.100000
v 1.906518 -0.259630 -0.100000
v 1.893883 -0.249167 0.100000
v 1.893883 -0.249167 -0.100000
v 1.881375 -0.239375 0.100000
v 1.881375 -0.239375 -0.100000
v 1.869013 -0.230312 0.100000
v 1.869013 -0.230312 -0.100000
v 1.856815 -0.222037 0.100000
v 1.856815 -0.222037 -0.100000
v 1.844797 -0.214609 0.100000
v 1.844797 -0.214609 -0.100000
v 1.832977 -0.208088 0.100000
v 1.832977 -0.208088 -0.100000
v 1.821372 -0.202532 0.100000
v 1.821372 -0.202532 -0.100000
v 1.810000 -0.198000 0.100000
v 1.810000 -0.198000 -0.100000
v 1.810000 0.113000 0.100000
v 1.810000 0.113000 -0.100000
v 1.949000 0.113000 0.100000
v 1.949000 0.113000 -0.100000
v 1.949000 0.183000 0.100000
v 1.949000 0.183000 -0.100000
v 1.738000 0.183000 0.100000
v 1.738000 0.183000 -0.100000
v 1.738000 -0.200000 0.100000
v 1.738000 -0.200000 -0.100000
v 0.565027 -0.131591 0.100000
v 0.565027 -0.131591 -0.100000
v 0.575551 -0.133310 0.100000
v 0.575551 -0.133310 -0.100000
v 0.585484 -0.136078 0.100000
v 0.585484 -0.136078 -0.100000
v 0.594741 -0.139815 0.100000
v 0.594741 -0.139815 -0.100000
v 0.603233 -0.144440 0.100000
v 0.603233 -0.144440 -0.100000
v 0.610875 -0.149875 0.100000
v 0.610875 -0.149875 -0.100000
v 0.617579 -0.156039 0.100000
v 0.617579 -0.156039 -0.100000
v 0.623259 -0.162852 0.100000
v 0.623259 -0.162852 -0.100000
v 0.627828 -0.170234 0.100000
v 0.627828 -0.170234 -0.100000
v 0.631199 -0.178106 0.100000
v 0.631199 -0.178106 -0.100000
v 0.633285 -0.186388 0.100000
v 0.633285 -0.186388 -0.100000
v 0.634000 -0.195000 0.100000
v 0.634000 -0.195000 -0.100000
v 0.632873 -0.206618 0.100000
v 0.632873 -0.206618 -0.100000
v 0.629565 -0.217444 0.100000
v 0.629565 -0.217444 -0.100000
v 0.624188 -0.227438 0.100000
v 0.624188 -0.227438 -0.100000
v 0.616852 -0.236556 0.100000
v 0.616852 -0.236556 -0.100000
v 0.607669 -0.244757 0.100000
v 0.607669 -0.244757 -0.100000
v 0.596750 -0.252000 0.100000
v 0.596750 -0.252000 -0.100000
v 0.584206 -0.258243 0.100000
v 0.584206 -0.258243 -0.100000
v 0.570148 -0.263444 0.100000
v 0.570148 -0.263444 -0.100000
v 0.554688 -0.267563 0.100000
v 0.554688 -0.267563 -0.100000
v 0.537935 -0.270556 0.100000
v 0.537935 -0.270556 -0.100000
v 0.520002 -0.272382 0.100000
v 0.520002 -0.272382 -0.100000
v 0.501000 -0.273000 0.100000
v 0.501000 -0.273000 -0.100000
v 0.493792 -0.272958 0.100000
v 0.493792 -0.272958 -0.100000
v 0.486667 -0.272833 0.100000
v 0.486667 -0.272833 -0.100000
v 0.479625 -0.272625 0.100000
v 0.479625 -0.272625 -0.100000
v 0.472667 -0.272333 0.100000
v 0.472667 -0.272333 -0.100000
v 0.465792 -0.271958 0.100000
v 0.465792 -0.271958 -0.100000
v 0.459000 -0.271500 0.100000
v 0.459000 -0.271500 -0.100000
v 0.452292 -0.270958 0.100000
v 0.452292 -0.270958 -0.100000
v 0.445667 -0.270333 0.100000
v 0.445667 -0.270333 -0.100000
v 0.439125 -0.269625 0.100000
v 0.439125 -0.269625 -0.100000
v 0.432667 -0.268833 0.100000
v 0.432667 -0.268833 -0.100000
v 0.426292 -0.267958 0.100000
v 0.426292 -0.267958 -0.100000
v 0.420000 -0.267000 0.100000
v 0.420000 -0.267000 -0.100000
v 0.422866 -0.247729 0.100000
v 0.422866 -0.247729 -0.100000
v 0.427426 -0.229495 0.100000
v 0.427426 -0.229495 -0.100000
v 0.433625 -0.212422 0.100000
v 0.433625 -0.212422 -0.100000
v 0.441407 -0.196630 0.100000
v 0.441407 -0.196630 -0.100000
v 0.450718 -0.182240 0.100000
v 0.450718 -0.182240 -0.100000
v 0.461500 -0.169375 0.100000
v 0.461500 -0.169375 -0.100000
v 0.473699 -0.158156 0.100000
v 0.473699 -0.158156 -0.100000
v 0.487259 -0.148704 0.100000
v 0.487259 -0.148704 -0.100000
v 0.502125 -0.141141 0.100000
v 0.502125 -0.141141 -0.100000
v 0.518241 -0.135588 0.100000
v 0.518241 -0.135588 -0.100000
v 0.535551 -0.132167 0.100000
v 0.535551 -0.132167 -0.100000
v 0.554000 -0.131000 0.100000
v 0.554000 -0.131000 -0.100000
v 0.674340 0.433160 0.100000
v 0.674340 0.433160 -0.100000
v 0.651218 0.433616 0.100000
v 0.651218 0.433616 -0.100000
v 0.622922 0.434328 0.100000
v 0.622922 0.434328 -0.100000
v 0.590741 0.435259 0.100000
v 0.590741 0.435259 -0.100000
v 0.555962 0.436371 0.100000
v 0.555962 0.436371 -0.100000
v 0.519875 0.437625 0.100000
v 0.519875 0.437625 -0.100000
v 0.483767 0.438983 0.100000
v 0.483767 0.438983 -0.100000
v 0.448926 0.440407 0.100000
v 0.448926 0.440407 -0.100000
v 0.416641 0.441859 0.100000
v 0.416641 0.441859 -0.100000
v 0.388199 0.443301 0.100000
v 0.388199 0.443301 -0.100000
v 0.364889 0.444694 0.100000
v 0.364889 0.444694 -0.100000
v 0.348000 0.446000 0.100000
v 0.348000 0.446000 -0.100000
v 0.340826 0.446520 0.100000
v 0.340826 0.446520 -0.100000
v 0.334278 0.447079 0.100000
v 0.334278 0.447079 -0.100000
v 0.328312 0.447672 0.100000
v 0.328312 0.447672 -0.100000
v 0.322889 0.448296 0.100000
v 0.322889 0.448296 -0.100000
v 0.317965 0.448949 0.100000
v 0.317965 0.448949 -0.100000
v 0.313500 0.449625 0.100000
v 0.313500 0.449625 -0.100000
v 0.309451 0.450322 0.100000
v 0.309451 0.450322 -0.100000
v 0.305778 0.451037 0.100000
v 0.305778 0.451037 -0.100000
v 0.302437 0.451766 0.100000
v 0.302437 0.451766 -0.100000
v 0.299389 0.452505 0.100000
v 0.299389 0.452505 -0.100000
v 0.296590 0.453251 0.100000
v 0.296590 0.453251 -0.100000
v 0.294000 0.454000 0.100000
v 0.294000 0.454000 -0.100000
v 0.248000 0.396000 0.100000
v 0.248000 0.396000 -0.100000
v 0.252539 0.392749 0.100000
v 0.252539 0.392749 -0.100000
v 0.257148 0.389491 0.100000
v 0.257148 0.389491 -0.100000
v 0.261812 0.386219 0.100000
v 0.261812 0.386219 -0.100000
v 0.266518 0.382926 0.100000
v 0.266518 0.382926 -0.100000
v 0.271252 0.379605 0.100000
v 0.271252 0.379605 -0.100000
v 0.276000 0.376250 0.100000
v 0.276000 0.376250 -0.100000
v 0.280748 0.372853 0.100000
v 0.280748 0.372853 -0.100000
v 0.285481 0.369407 0.100000
v 0.285481 0.369407 -0.100000
v 0.290187 0.365906 0.100000
v 0.290187 0.365906 -0.100000
v 0.294852 0.362343 0.100000
v 0.294852 0.362343 -0.100000
v 0.299461 0.358710 0.100000
v 0.299461 0.358710 -0.100000
v 0.304000 0.355000 0.100000
v 0.304000 0.355000 -0.100000
v 0.318208 0.343950 0.100000
v 0.318208 0.343950 -0.100000
v 0.335500 0.330097 0.100000
v 0.335500 0.330097 -0.100000
v 0.355375 0.313891 0.100000
v 0.355375 0.313891 -0.100000
v 0.377333 0.295778 0.100000
v 0.377333 0.295778 -0.100000
v 0.400875 0.276207 0.100000
v 0.400875 0.276207 -0.100000
v 0.425500 0.255625 0.100000
v 0.425500 0.255625 -0.100000
v 0.450708 0.234481 0.100000
v 0.450708 0.234481 -0.100000
v 0.476000 0.213222 0.100000
v 0.476000 0.213222 -0.100000
v 0.500875 0.192297 0.100000
v 0.500875 0.192297 -0.100000
v 0.524833 0.172153 0.100000
v 0.524833 0.172153 -0.100000
v 0.547375 0.153238 0.100000
v 0.547375 0.153238 -0.100000
v 0.568000 0.136000 0.100000
v 0.568000 0.136000 -0.100000
v 0.556461 0.139774 0.100000
v 0.556461 0.139774 -0.100000
v 0.544856 0.143111 0.100000
v 0.544856 0.143111 -0.100000
v 0.533203 0.146031 0.100000
v 0.533203 0.146031 -0.100000
v 0.521518 0.148556 0.100000
v 0.521518 0.148556 -0.100000
v 0.509820 0.150705 0.100000
v 0.509820 0.150705 -0.100000
v 0.498125 0.152500 0.100000
v 0.498125 0.152500 -0.100000
v 0.486451 0.153962 0.100000
v 0.486451 0.153962 -0.100000
v 0.474815 0.155111 0.100000
v 0.474815 0.155111 -0.100000
v 0.463234 0.155969 0.100000
v 0.463234 0.155969 -0.100000
v 0.451727 0.156556 0.100000
v 0.451727 0.156556 -0.100000
v 0.440310 0.156892 0.100000
v 0.440310 0.156892 -0.100000
v 0.429000 0.157000 0.100000
v 0.429000 0.157000 -0.100000
v 0.388521 0.154954 0.100000
v 0.388521 0.154954 -0.100000
v 0.350250 0.148968 0.100000
v 0.350250 0.148968 -0.100000
v 0.314437 0.139266 0.100000
v 0.314437 0.139266 -0.100000
v 0.281333 0.126074 0.100000
v 0.281333 0.126074 -0.100000
v 0.251187 0.109619 0.100000
v 0.251187 0.109619 -0.100000
v 0.224250 0.090125 0.100000
v 0.224250 0.090125 -0.100000
v 0.200771 0.067819 0.100000
v 0.200771 0.067819 -0.100000
v 0.181000 0.042926 0.100000
v 0.181000 0.042926 -0.100000
v 0.165187 0.015672 0.100000
v 0.165187 0.015672 -0.100000
v 0.153583 -0.013718 0.100000
v 0.153583 -0.013718 -0.100000
v 0.146437 -0.045017 0.100000
v 0.146437 -0.045017 -0.100000
v 0.144000 -0.078000 0.100000
v 0.144000 -0.078000 -0.100000
v 0.146720 -0.117035 0.100000
v 0.146720 -0.117035 -0.100000
v 0.154759 -0.153532 0.100000
v 0.154759 -0.153532 -0.100000
v 0.167937 -0.187328 0.100000
v 0.167937 -0.187328 -0.100000
v 0.186074 -0.218259 0.100000
v 0.186074 -0.218259 -0.100000
v 0.208988 -0.246163 0.100000
v 0.208988 -0.246163 -0.100000
v 0.236500 -0.270875 0.100000
v 0.236500 -0.270875 -0.100000
v 0.268428 -0.292233 0.100000
v 0.268428 -0.292233 -0.100000
v 0.304593 -0.310074 0.100000
v 0.304593 -0.310074 -0.100000
v 0.344812 -0.324234 0.100000
v 0.344812 -0.324234 -0.100000
v 0.388907 -0.334551 0.100000
v 0.388907 -0.334551 -0.100000
v 0.436697 -0.340861 0.100000
v 0.436697 -0.340861 -0.100000
v 0.488000 -0.343000 0.100000
v 0.488000 -0.343000 -0.100000
v 0.520878 -0.341791 0.100000
v 0.520878 -0.341791 -0.100000
v 0.551444 -0.338245 0.100000
v 0.551444 -0.338245 -0.100000
v 0.579594 -0.332484 0.100000
v 0.579594 -0.332484 -0.100000
v 0.605222 -0.324630 0.100000
v 0.605222 -0.324630 -0.100000
v 0.628226 -0.314803 0.100000
v 0.628226 -0.314803 -0.100000
v 0.648500 -0.303125 0.100000
v 0.648500 -0.303125 -0.100000
v 0.665941 -0.289718 0.100000
v 0.665941 -0.289718 -0.100000
v 0.680444 -0.274704 0.100000
v 0.680444 -0.274704 -0.100000
v 0.691906 -0.258203 0.100000
v 0.691906 -0.258203 -0.100000
v 0.700222 -0.240338 0.100000
v 0.700222 -0.240338 -0.100000
v 0.705288 -0.221230 0.100000
v 0.705288 -0.221230 -0.100000
v 0.707000 -0.201000 0.100000
v 0.707000 -0.201000 -0.100000
v 0.705746 -0.183947 0.100000
v 0.705746 -0.183947 -0.100000
v 0.702051 -0.167412 0.100000
v 0.702051 -0.167412 -0.100000
v 0.696016 -0.151578 0.100000
v 0.696016 -0.151578 -0.100000
v 0.687741 -0.136630 0.100000
v 0.687741 -0.136630 -0.100000
v 0.677327 -0.122751 0.100000
v 0.677327 -0.122751 -0.100000
v 0.664875 -0.110125 0.100000
v 0.664875 -0.110125 -0.100000
v 0.650486 -0.098937 0.100000
v 0.650486 -0.098937 -0.100000
v 0.634259 -0.089370 0.100000
v 0.634259 -0.089370 -0.100000
v 0.616297 -0.081609 0.100000
v 0.616297 -0.081609 -0.100000
v 0.596699 -0.075838 0.100000
v 0.596699 -0.075838 -0.100000
v 0.575567 -0.072240 0.100000
v 0.575567 -0.072240 -0.100000
v 0.553000 -0.071000 0.100000
v 0.553000 -0.071000 -0.100000
v 0.522957 -0.072668 0.100000
v 0.522957 -0.072668 -0.100000
v 0.495319 -0.077514 0.100000
v 0.495319 -0.077514 -0.100000
v 0.470078 -0.085297 0.100000
v 0.470078 -0.085297 -0.100000
v 0.447222 -0.095778 0.100000
v 0.447222 -0.095778 -0.100000
v 0.426741 -0.108717 0.100000
v 0.426741 -0.108717 -0.100000
v 0.408625 -0.123875 0.100000
v 0.408625 -0.123875 -0.100000
v 0.392863 -0.141012 0.100000
v 0.392863 -0.141012 -0.100000
v 0.379444 -0.159889 0.100000
v 0.379444 -0.159889 -0.100000
v 0.368359 -0.180266 0.100000
v 0.368359 -0.180266 -0.100000
v 0.359597 -0.201903 0.100000
v 0.359597 -0.201903 -0.100000
v 0.353148 -0.224561 0.100000
v 0.353148 -0.224561 -0.100000
v 0.349000 -0.248000 0.100000
v 0.349000 -0.248000 -0.100000
v 0.329735 -0.239689 0.100000
v 0.329735 -0.239689 -0.100000
v 0.311963 -0.230264 0.100000
v 0.311963 -0.230264 -0.100000
v 0.295719 -0.219734 0.100000
v 0.295719 -0.219734 -0.100000
v 0.281037 -0.208111 0.100000
v 0.281037 -0.208111 -0.100000
v 0.267953 -0.195405 0.100000
v 0.267953 -0.195405 -0.100000
v 0.256500 -0.181625 0.100000
v 0.256500 -0.181625 -0.100000
v 0.246714 -0.166783 0.100000
v 0.246714 -0.166783 -0.100000
v 0.238630 -0.150889 0.100000
v 0.238630 -0.150889 -0.100000
v 0.232281 -0.133953 0.100000
v 0.232281 -0.133953 -0.100000
v 0.227704 -0.115986 0.100000
v 0.227704 -0.115986 -0.100000
v 0.224932 -0.096998 0.100000
v 0.224932 -0.096998 -0.100000
v 0.224000 -0.077000 0.100000
v 0.224000 -0.077000 -0.100000
v 0.225925 -0.053029 0.100000
v 0.225925 -0.053029 -0.100000
v 0.231565 -0.030231 0.100000
v 0.231565 -0.030231 -0.100000
v 0.240719 -0.008781 0.100000
v 0.240719 -0.008781 -0.100000
v 0.253185 0.011148 0.100000
v 0.253185 0.011148 -0.100000
v 0.268763 0.029383 0.100000
v 0.268763 0.029383 -0.100000
v 0.287250 0.045750 0.100000
v 0.287250 0.045750 -0.100000
v 0.308446 0.060075 0.100000
v 0.308446 0.060075 -0.100000
v 0.332148 0.072185 0.100000
v 0.332148 0.072185 -0.100000
v 0.358156 0.081906 0.100000
v 0.358156 0.081906 -0.100000
v 0.386268 0.089065 0.100000
v 0.386268 0.089065 -0.100000
v 0.416284 0.093487 0.100000
v 0.416284 0.093487 -0.100000
v 0.448000 0.095000 0.100000
v 0.448000 0.095000 -0.100000
v 0.488192 0.093528 0.100000
v 0.488192 0.093528 -0.100000
v 0.525537 0.089144 0.100000
v 0.525537 0.089144 -0.100000
v 0.560438 0.081891 0.100000
v 0.560438 0.081891 -0.100000
v 0.593296 0.071815 0.100000
v 0.593296 0.071815 -0.100000
v 0.624516 0.058961 0.100000
v 0.624516 0.058961 -0.100000
v 0.654500 0.043375 0.100000
v 0.654500 0.043375 -0.100000
v 0.683650 0.025101 0.100000
v 0.683650 0.025101 -0.100000
v 0.712370 0.004185 0.100000
v 0.712370 0.004185 -0.100000
v 0.741063 -0.019328 0.100000
v 0.741063 -0.019328 -0.100000
v 0.770130 -0.045394 0.100000
v 0.770130 -0.045394 -0.100000
v 0.799975 -0.073966 0.100000
v 0.799975 -0.073966 -0.100000
v 0.831000 -0.105000 0.100000
v 0.831000 -0.105000 -0.100000
v 0.888000 -0.046000 0.100000
v 0.888000 -0.046000 -0.100000
v 0.866379 -0.028244 0.100000
v 0.866379 -0.028244 -0.100000
v 0.843282 -0.009199 0.100000
v 0.843282 -0.009199 -0.100000
v 0.819109 0.010797 0.100000
v 0.819109 0.010797 -0.100000
v 0.794259 0.031407 0.100000
v 0.794259 0.031407 -0.100000
v 0.769131 0.052296 0.100000
v 0.769131 0.052296 -0.100000
v 0.744125 0.073125 0.100000
v 0.744125 0.073125 -0.100000
v 0.719639 0.093558 0.100000
v 0.719639 0.093558 -0.100000
v 0.696074 0.113259 0.100000
v 0.696074 0.113259 -0.100000
v 0.673828 0.131891 0.100000
v 0.673828 0.131891 -0.100000
v 0.653301 0.149116 0.100000
v 0.653301 0.149116 -0.100000
v 0.634892 0.164598 0.100000
v 0.634892 0.164598 -0.100000
v 0.619000 0.178000 0.100000
v 0.619000 0.178000 -0.100000
v 0.603645 0.190660 0.100000
v 0.603645 0.190660 -0.100000
v 0.585912 0.205366 0.100000
v 0.585912 0.205366 -0.100000
v 0.566297 0.221703 0.100000
v 0.566297 0.221703 -0.100000
v 0.545296 0.239259 0.100000
v 0.545296 0.239259 -0.100000
v 0.523407 0.257621 0.100000
v 0.523407 0.257621 -0.100000
v 0.501125 0.276375 0.100000
v 0.501125 0.276375 -0.100000
v 0.478947 0.295108 0.100000
v 0.478947 0.295108 -0.100000
v 0.457370 0.313407 0.100000
v 0.457370 0.313407 -0.100000
v 0.436891 0.330859 0.100000
v 0.436891 0.330859 -0.100000
v 0.418005 0.347051 0.100000
v 0.418005 0.347051 -0.100000
v 0.401209 0.361569 0.100000
v 0.401209 0.361569 -0.100000
v 0.387000 0.374000 0.100000
v 0.387000 0.374000 -0.100000
v 0.403142 0.373362 0.100000
v 0.403142 0.373362 -0.100000
v 0.424389 0.372477 0.100000
v 0.424389 0.372477 -0.100000
v 0.449719 0.371391 0.100000
v 0.449719 0.371391 -0.100000
v 0.478111 0.370148 0.100000
v 0.478111 0.370148 -0.100000
v 0.508545 0.368795 0.100000
v 0.508545 0.368795 -0.100000
v 0.540000 0.367375 0.100000
v 0.540000 0.367375 -0.100000
v 0.571455 0.365935 0.100000
v 0.571455 0.365935 -0.100000
v 0.601889 0.364519 0.100000
v 0.601889 0.364519 -0.100000
v 0.630281 0.363172 0.100000
v 0.630281 0.363172 -0.100000
v 0.655611 0.361940 0.100000
v 0.655611 0.361940 -0.100000
v 0.676858 0.360868 0.100000
v 0.676858 0.360868 -0.100000
v 0.693000 0.360000 0.100000
v 0.693000 0.360000 -0.100000
v 0.698519 0.359729 0.100000
v 0.698519 0.359729 -0.100000
v 0.704069 0.359417 0.100000
v 0.704069 0.359417 -0.100000
v 0.709641 0.359062 0.100000
v 0.709641 0.359062 -0.100000
v 0.715222 0.358667 0.100000
v 0.715222 0.358667 -0.100000
v 0.720804 0.358229 0.100000
v 0.720804 0.358229 -0.100000
v 0.726375 0.357750 0.100000
v 0.726375 0.357750 -0.100000
v 0.731925 0.357229 0.100000
v 0.731925 0.357229 -0.100000
v 0.737444 0.356667 0.100000
v 0.737444 0.356667 -0.100000
v 0.742922 0.356062 0.100000
v 0.742922 0.356062 -0.100000
v 0.748347 0.355417 0.100000
v 0.748347 0.355417 -0.100000
v 0.753710 0.354729 0.100000
v 0.753710 0.354729 -0.100000
v 0.759000 0.354000 0.100000
v 0.759000 0.354000 -0.100000
v 0.762000 0.437000 0.100000
v 0.762000 0.437000 -0.100000
v 0.756153 0.436291 0.100000
v 0.756153 0.436291 -0.100000
v 0.750143 0.435662 0.100000
v 0.750143 0.435662 -0.100000
v 0.744016 0.435109 0.100000
v 0.744016 0.435109 -0.100000
v 0.737815 0.434630 0.100000
v 0.737815 0.434630 -0.100000
v 0.731586 0.434219 0.100000
v 0.731586 0.434219 -0.100000
v 0.725375 0.433875 0.100000
v 0.725375 0.433875 -0.100000
v 0.719226 0.433593 0.100000
v 0.719226 0.433593 -0.100000
v 0.713185 0.433370 0.100000
v 0.713185 0.433370 -0.100000
v 0.707297 0.433203 0.100000
v 0.707297 0.433203 -0.100000
v 0.701606 0.433088 0.100000
v 0.701606 0.433088 -0.100000
v 0.696159 0.433021 0.100000
v 0.696159 0.433021 -0.100000
v 0.691000 0.433000 0.100000
v 0.691000 0.433000 -0.100000
v -0.392000 0.184000 0.100000
v -0.392000 0.184000 -0.100000
v -0.091000 0.184000 0.100000
v -0.091000 0.184000 -0.100000
v -0.091000 0.243000 0.100000
v -0.091000 0.243000 -0.100000
v -0.392000 0.243000 0.100000
v -0.392000 0.243000 -0.100000
v -0.412000 0.043000 0.100000
v -0.412000 0.043000 -0.100000
v -0.072000 0.043000 0.100000
v -0.072000 0.043000 -0.100000
v -0.072000 0.103000 0.100000
v -0.072000 0.103000 -0.100000
v -0.412000 0.103000 0.100000
v -0.412000 0.103000 -0.100000
v -0.443000 0.322000 0.100000
v -0.443000 0.322000 -0.100000
v -0.042000 0.322000 0.100000
v -0.042000 0.322000 -0.100000
v -0.042000 0.384000 0.100000
v -0.042000 0.384000 -0.100000
v -0.443000 0.384000 0.100000
v -0.443000 0.384000 -0.100000
v -0.225758 0.536496 0.100000
v -0.225758 0.536496 -0.100000
v -0.234481 0.526551 0.100000
v -0.234481 0.526551 -0.100000
v -0.243094 0.516266 0.100000
v -0.243094 0.516266 -0.100000
v -0.251518 0.505741 0.100000
v -0.251518 0.505741 -0.100000
v -0.259679 0.495077 0.100000
v -0.259679 0.495077 -0.100000
v -0.267500 0.484375 0.100000
v -0.267500 0.484375 -0.100000
v -0.274904 0.473736 0.100000
v -0.274904 0.473736 -0.100000
v -0.281815 0.463259 0.100000
v -0.281815 0.463259 -0.100000
v -0.288156 0.453047 0.100000
v -0.288156 0.453047 -0.100000
v -0.293852 0.443199 0.100000
v -0.293852 0.443199 -0.100000
v -0.298825 0.433817 0.100000
v -0.298825 0.433817 -0.100000
v -0.303000 0.425000 0.100000
v -0.303000 0.425000 -0.100000
v -0.242000 0.389000 0.100000
v -0.242000 0.389000 -0.100000
v -0.237846 0.398105 0.100000
v -0.237846 0.398105 -0.100000
v -0.232935 0.407843 0.100000
v -0.232935 0.407843 -0.100000
v -0.227344 0.418094 0.100000
v -0.227344 0.418094 -0.100000
v -0.221148 0.428741 0.100000
v -0.221148 0.428741 -0.100000
v -0.214425 0.439665 0.100000
v -0.214425 0.439665 -0.100000
v -0.207250 0.450750 0.100000
v -0.207250 0.450750 -0.100000
v -0.199700 0.461876 0.100000
v -0.199700 0.461876 -0.100000
v -0.191852 0.472926 0.100000
v -0.191852 0.472926 -0.100000
v -0.183781 0.483781 0.100000
v -0.183781 0.483781 -0.100000
v -0.175565 0.494324 0.100000
v -0.175565 0.494324 -0.100000
v -0.167279 0.504436 0.100000
v -0.167279 0.504436 -0.100000
v -0.159000 0.514000 0.100000
v -0.159000 0.514000 -0.100000
v -0.217000 0.546000 0.100000
v -0.217000 0.546000 -0.100000
v -0.899000 0.032000 0.100000
v -0.899000 0.032000 -0.100000
v -0.824000 0.032000 0.100000
v -0.824000 0.032000 -0.100000
v -0.824000 0.086000 0.100000
v -0.824000 0.086000 -0.100000
v -0.573000 0.086000 0.100000
v -0.573000 0.086000 -0.100000
v -0.573000 -0.241000 0.100000
v -0.573000 -0.241000 -0.100000
v -0.573229 -0.250347 0.100000
v -0.573229 -0.250347 -0.100000
v -0.573995 -0.258444 0.100000
v -0.573995 -0.258444 -0.100000
v -0.575422 -0.265375 0.100000
v -0.575422 -0.265375 -0.100000
v -0.577630 -0.271222 0.100000
v -0.577630 -0.271222 -0.100000
v -0.580740 -0.276069 0.100000
v -0.580740 -0.276069 -0.100000
v -0.584875 -0.280000 0.100000
v -0.584875 -0.280000 -0.100000
v -0.590156 -0.283097 0.100000
v -0.590156 -0.283097 -0.100000
v -0.596704 -0.285444 0.100000
v -0.596704 -0.285444 -0.100000
v -0.604641 -0.287125 0.100000
v -0.604641 -0.287125 -0.100000
v -0.614088 -0.288222 0.100000
v -0.614088 -0.288222 -0.100000
v -0.625167 -0.288819 0.100000
v -0.625167 -0.288819 -0.100000
v -0.638000 -0.289000 0.100000
v -0.638000 -0.289000 -0.100000
v -0.646262 -0.289000 0.100000
v -0.646262 -0.289000 -0.100000
v -0.658093 -0.289000 0.100000
v -0.658093 -0.289000 -0.100000
v -0.672813 -0.289000 0.100000
v -0.672813 -0.289000 -0.100000
v -0.689741 -0.289000 0.100000
v -0.689741 -0.289000 -0.100000
v -0.708197 -0.289000 0.100000
v -0.708197 -0.289000 -0.100000
v -0.727500 -0.289000 0.100000
v -0.727500 -0.289000 -0.100000
v -0.746970 -0.289000 0.100000
v -0.746970 -0.289000 -0.100000
v -0.765926 -0.289000 0.100000
v -0.765926 -0.289000 -0.100000
v -0.783688 -0.289000 0.100000
v -0.783688 -0.289000 -0.100000
v -0.799574 -0.289000 0.100000
v -0.799574 -0.289000 -0.100000
v -0.812905 -0.289000 0.100000
v -0.812905 -0.289000 -0.100000
v -0.823000 -0.289000 0.100000
v -0.823000 -0.289000 -0.100000
v -0.835567 -0.288407 0.100000
v -0.835567 -0.288407 -0.100000
v -0.846370 -0.286426 0.100000
v -0.846370 -0.286426 -0.100000
v -0.855563 -0.282750 0.100000
v -0.855563 -0.282750 -0.100000
v -0.863296 -0.277074 0.100000
v -0.863296 -0.277074 -0.100000
v -0.869725 -0.269093 0.100000
v -0.869725 -0.269093 -0.100000
v -0.875000 -0.258500 0.100000
v -0.875000 -0.258500 -0.100000
v -0.879276 -0.244991 0.100000
v -0.879276 -0.244991 -0.100000
v -0.882704 -0.228259 0.100000
v -0.882704 -0.228259 -0.100000
v -0.885438 -0.208000 0.100000
v -0.885438 -0.208000 -0.100000
v -0.887630 -0.183907 0.100000
v -0.887630 -0.183907 -0.100000
v -0.889433 -0.155676 0.100000
v -0.889433 -0.155676 -0.100000
v -0.891000 -0.123000 0.100000
v -0.891000 -0.123000 -0.100000
v -0.895528 -0.126245 0.100000
v -0.895528 -0.126245 -0.100000
v -0.900560 -0.129458 0.100000
v -0.900560 -0.129458 -0.100000
v -0.906016 -0.132609 0.100000
v -0.906016 -0.132609 -0.100000
v -0.911815 -0.135667 0.100000
v -0.911815 -0.135667 -0.100000
v -0.917878 -0.138599 0.100000
v -0.917878 -0.138599 -0.100000
v -0.924125 -0.141375 0.100000
v -0.924125 -0.141375 -0.100000
v -0.930476 -0.143964 0.100000
v -0.930476 -0.143964 -0.100000
v -0.936852 -0.146333 0.100000
v -0.936852 -0.146333 -0.100000
v -0.943172 -0.148453 0.100000
v -0.943172 -0.148453 -0.100000
v -0.949356 -0.150292 0.100000
v -0.949356 -0.150292 -0.100000
v -0.955326 -0.151818 0.100000
v -0.955326 -0.151818 -0.100000
v -0.961000 -0.153000 0.100000
v -0.961000 -0.153000 -0.100000
v -0.957962 -0.191314 0.100000
v -0.957962 -0.191314 -0.100000
v -0.954199 -0.224931 0.100000
v -0.954199 -0.224931 -0.100000
v -0.949484 -0.254109 0.100000
v -0.949484 -0.254109 -0.100000
v -0.943593 -0.279111 0.100000
v -0.943593 -0.279111 -0.100000
v -0.936298 -0.300196 0.100000
v -0.936298 -0.300196 -0.100000
v -0.927375 -0.317625 0.100000
v -0.927375 -0.317625 -0.100000
v -0.916598 -0.331658 0.100000
v -0.916598 -0.331658 -0.100000
v -0.903741 -0.342556 0.100000
v -0.903741 -0.342556 -0.100000
v -0.888578 -0.350578 0.100000
v -0.888578 -0.350578 -0.100000
v -0.870884 -0.355986 0.100000
v -0.870884 -0.355986 -0.100000
v -0.850433 -0.359040 0.100000
v -0.850433 -0.359040 -0.100000
v -0.827000 -0.360000 0.100000
v -0.827000 -0.360000 -0.100000
v -0.818752 -0.360000 0.100000
v -0.818752 -0.360000 -0.100000
v -0.806097 -0.360000 0.100000
v -0.806097 -0.360000 -0.100000
v -0.789922 -0.360000 0.100000
v -0.789922 -0.360000 -0.100000
v -0.771111 -0.360000 0.100000
v -0.771111 -0.360000 -0.100000
v -0.750550 -0.360000 0.100000
v -0.750550 -0.360000 -0.100000
v -0.729125 -0.360000 0.100000
v -0.729125 -0.360000 -0.100000
v -0.707721 -0.360000 0.100000
v -0.707721 -0.360000 -0.100000
v -0.687222 -0.360000 0.100000
v -0.687222 -0.360000 -0.100000
v -0.668516 -0.360000 0.100000
v -0.668516 -0.360000 -0.100000
v -0.652486 -0.360000 0.100000
v -0.652486 -0.360000 -0.100000
v -0.640019 -0.360000 0.100000
v -0.640019 -0.360000 -0.100000
v -0.632000 -0.360000 0.100000
v -0.632000 -0.360000 -0.100000
v -0.607726 -0.359473 0.100000
v -0.607726 -0.359473 -0.100000
v -0.586310 -0.357782 0.100000
v -0.586310 -0.357782 -0.100000
v -0.567609 -0.354766 0.100000
v -0.567609 -0.354766 -0.100000
v -0.551482 -0.350259 0.100000
v -0.551482 -0.350259 -0.100000
v -0.537784 -0.344100 0.100000
v -0.537784 -0.344100 -0.100000
v -0.526375 -0.336125 0.100000
v -0.526375 -0.336125 -0.100000
v -0.517112 -0.326171 0.100000
v -0.517112 -0.326171 -0.100000
v -0.509852 -0.314074 0.100000
v -0.509852 -0.314074 -0.100000
v -0.504453 -0.299672 0.100000
v -0.504453 -0.299672 -0.100000
v -0.500773 -0.282801 0.100000
v -0.500773 -0.282801 -0.100000
v -0.498670 -0.263298 0.100000
v -0.498670 -0.263298 -0.100000
v -0.498000 -0.241000 0.100000
v -0.498000 -0.241000 -0.100000
v -0.498000 0.157000 0.100000
v -0.498000 0.157000 -0.100000
v -0.824000 0.157000 0.100000
v -0.824000 0.157000 -0.100000
v -0.824000 0.413000 0.100000
v -0.824000 0.413000 -0.100000
v -0.485000 0.413000 0.100000
v -0.485000 0.413000 -0.100000
v -0.485000 0.485000 0.100000
v -0.485000 0.485000 -0.100000
v -0.899000 0.485000 0.100000
v -0.899000 0.485000 -0.100000
v -0.395000 -0.326000 0.100000
v -0.395000 -0.326000 -0.100000
v -0.151000 -0.326000 0.100000
v -0.151000 -0.326000 -0.100000
v -0.151000 -0.372000 0.100000
v -0.151000 -0.372000 -0.100000
v -0.084000 -0.372000 0.100000
v -0.084000 -0.372000 -0.100000
v -0.084000 -0.033000 0.100000
v -0.084000 -0.033000 -0.100000
v -0.395000 -0.033000 0.100000
v -0.395000 -0.033000 -0.100000
v -0.328000 -0.264000 0.100000
v -0.328000 -0.264000 -0.100000
v -0.328000 -0.095000 0.100000
v -0.328000 -0.095000 -0.100000
v -0.151000 -0.095000 0.100000
v -0.151000 -0.095000 -0.100000
v -0.151000 -0.264000 0.100000
v -0.151000 -0.264000 -0.100000
v -1.518000 -0.287000 0.100000
v -1.518000 -0.287000 -0.100000
v -1.518164 -0.292133 0.100000
v -1.518164 -0.292133 -0.100000
v -1.518727 -0.296565 0.100000
v -1.518727 -0.296565 -0.100000
v -1.519797 -0.300344 0.100000
v -1.519797 -0.300344 -0.100000
v -1.521482 -0.303519 0.100000
v -1.521482 -0.303519 -0.100000
v -1.523888 -0.306138 0.100000
v -1.523888 -0.306138 -0.100000
v -1.527125 -0.308250 0.100000
v -1.527125 -0.308250 -0.100000
v -1.531299 -0.309904 0.100000
v -1.531299 -0.309904 -0.100000
v -1.536519 -0.311148 0.100000
v -1.536519 -0.311148 -0.100000
v -1.542891 -0.312031 0.100000
v -1.542891 -0.312031 -0.100000
v -1.550523 -0.312602 0.100000
v -1.550523 -0.312602 -0.100000
v -1.559524 -0.312909 0.100000
v -1.559524 -0.312909 -0.100000
v -1.570000 -0.313000 0.100000
v -1.570000 -0.313000 -0.100000
v -1.576735 -0.313000 0.100000
v -1.576735 -0.313000 -0.100000
v -1.586551 -0.313000 0.100000
v -1.586551 -0.313000 -0.100000
v -1.598859 -0.313000 0.100000
v -1.598859 -0.313000 -0.100000
v -1.613074 -0.313000 0.100000
v -1.613074 -0.313000 -0.100000
v -1.628608 -0.313000 0.100000
v -1.628608 -0.313000 -0.100000
v -1.644875 -0.313000 0.100000
v -1.644875 -0.313000 -0.100000
v -1.661288 -0.313000 0.100000
v -1.661288 -0.313000 -0.100000
v -1.677259 -0.313000 0.100000
v -1.677259 -0.313000 -0.100000
v -1.692203 -0.313000 0.100000
v -1.692203 -0.313000 -0.100000
v -1.705532 -0.313000 0.100000
v -1.705532 -0.313000 -0.100000
v -1.716660 -0.313000 0.100000
v -1.716660 -0.313000 -0.100000
v -1.725000 -0.313000 0.100000
v -1.725000 -0.313000 -0.100000
v -1.733161 -0.312759 0.100000
v -1.733161 -0.312759 -0.100000
v -1.740208 -0.311903 0.100000
v -1.740208 -0.311903 -0.100000
v -1.746234 -0.310234 0.100000
v -1.746234 -0.310234 -0.100000
v -1.751333 -0.307556 0.100000
v -1.751333 -0.307556 -0.100000
v -1.755599 -0.303668 0.100000
v -1.755599 -0.303668 -0.100000
v -1.759125 -0.298375 0.100000
v -1.759125 -0.298375 -0.100000
v -1.762005 -0.291477 0.100000
v -1.762005 -0.291477 -0.100000
v -1.764333 -0.282778 0.100000
v -1.764333 -0.282778 -0.100000
v -1.766203 -0.272078 0.100000
v -1.766203 -0.272078 -0.100000
v -1.767708 -0.259181 0.100000
v -1.767708 -0.259181 -0.100000
v -1.768943 -0.243887 0.100000
v -1.768943 -0.243887 -0.100000
v -1.770000 -0.226000 0.100000
v -1.770000 -0.226000 -0.100000
v -1.773758 -0.228497 0.100000
v -1.773758 -0.228497 -0.100000
v -1.777981 -0.230972 0.100000
v -1.777981 -0.230972 -0.100000
v -1.782594 -0.233406 0.100000
v -1.782594 -0.233406 -0.100000
v -1.787518 -0.235778 0.100000
v -1.787518 -0.235778 -0.100000
v -1.792679 -0.238066 0.100000
v -1.792679 -0.238066 -0.100000
v -1.798000 -0.240250 0.100000
v -1.798000 -0.240250 -0.100000
v -1.803404 -0.242309 0.100000
v -1.803404 -0.242309 -0.100000
v -1.808815 -0.244222 0.100000
v -1.808815 -0.244222 -0.100000
v -1.814156 -0.245969 0.100000
v -1.814156 -0.245969 -0.100000
v -1.819352 -0.247528 0.100000
v -1.819352 -0.247528 -0.100000
v -1.824325 -0.248878 0.100000
v -1.824325 -0.248878 -0.100000
v -1.829000 -0.250000 0.100000
v -1.829000 -0.250000 -0.100000
v -1.826748 -0.272987 0.100000
v -1.826748 -0.272987 -0.100000
v -1.823898 -0.293065 0.100000
v -1.823898 -0.293065 -0.100000
v -1.820313 -0.310406 0.100000
v -1.820313 -0.310406 -0.100000
v -1.815852 -0.325185 0.100000
v -1.815852 -0.325185 -0.100000
v -1.810377 -0.337575 0.100000
v -1.810377 -0.337575 -0.100000
v -1.803750 -0.347750 0.100000
v -1.803750 -0.347750 -0.100000
v -1.795831 -0.355883 0.100000
v -1.795831 -0.355883 -0.100000
v -1.786482 -0.362148 0.100000
v -1.786482 -0.362148 -0.100000
v -1.775563 -0.366719 0.100000
v -1.775563 -0.366719 -0.100000
v -1.762935 -0.369769 0.100000
v -1.762935 -0.369769 -0.100000
v -1.748461 -0.371471 0.100000
v -1.748461 -0.371471 -0.100000
v -1.732000 -0.372000 0.100000
v -1.732000 -0.372000 -0.100000
v -1.725066 -0.372000 0.100000
v -1.725066 -0.372000 -0.100000
v -1.714278 -0.372000 0.100000
v -1.714278 -0.372000 -0.100000
v -1.700406 -0.372000 0.100000
v -1.700406 -0.372000 -0.100000
v -1.684222 -0.372000 0.100000
v -1.684222 -0.372000 -0.100000
v -1.666497 -0.372000 0.100000
v -1.666497 -0.372000 -0.100000
v -1.648000 -0.372000 0.100000
v -1.648000 -0.372000 -0.100000
v -1.629503 -0.372000 0.100000
v -1.629503 -0.372000 -0.100000
v -1.611778 -0.372000 0.100000
v -1.611778 -0.372000 -0.100000
v -1.595594 -0.372000 0.100000
v -1.595594 -0.372000 -0.100000
v -1.581722 -0.372000 0.100000
v -1.581722 -0.372000 -0.100000
v -1.570934 -0.372000 0.100000
v -1.570934 -0.372000 -0.100000
v -1.564000 -0.372000 0.100000
v -1.564000 -0.372000 -0.100000
v -1.542890 -0.371626 0.100000
v -1.542890 -0.371626 -0.100000
v -1.524454 -0.370426 0.100000
v -1.524454 -0.370426 -0.100000
v -1.508531 -0.368281 0.100000
v -1.508531 -0.368281 -0.100000
v -1.494963 -0.365074 0.100000
v -1.494963 -0.365074 -0.100000
v -1.483589 -0.360686 0.100000
v -1.483589 -0.360686 -0.100000
v -1.474250 -0.355000 0.100000
v -1.474250 -0.355000 -0.100000
v -1.466786 -0.347897 0.100000
v -1.466786 -0.347897 -0.100000
v -1.461037 -0.339259 0.100000
v -1.461037 -0.339259 -0.100000
v -1.456844 -0.328969 0.100000
v -1.456844 -0.328969 -0.100000
v -1.454046 -0.316907 0.100000
v -1.454046 -0.316907 -0.100000
v -1.452485 -0.302957 0.100000
v -1.452485 -0.302957 -0.100000
v -1.452000 -0.287000 0.100000
v -1.452000 -0.287000 -0.100000
v -1.452000 -0.152000 0.100000
v -1.452000 -0.152000 -0.100000
v -1.518000 -0.152000 0.100000
v -1.518000 -0.152000 -0.100000
v -1.411861 -0.187013 0.100000
v -1.411861 -0.187013 -0.100000
v -1.405472 -0.200935 0.100000
v -1.405472 -0.200935 -0.100000
v -1.398875 -0.215594 0.100000
v -1.398875 -0.215594 -0.100000
v -1.392111 -0.230815 0.100000
v -1.392111 -0.230815 -0.100000
v -1.385222 -0.246425 0.100000
v -1.385222 -0.246425 -0.100000
v -1.378250 -0.262250 0.100000
v -1.378250 -0.262250 -0.100000
v -1.371236 -0.278117 0.100000
v -1.371236 -0.278117 -0.100000
v -1.364222 -0.293852 0.100000
v -1.364222 -0.293852 -0.100000
v -1.357250 -0.309281 0.100000
v -1.357250 -0.309281 -0.100000
v -1.350361 -0.324231 0.100000
v -1.350361 -0.324231 -0.100000
v -1.343597 -0.338529 0.100000
v -1.343597 -0.338529 -0.100000
v -1.337000 -0.352000 0.100000
v -1.337000 -0.352000 -0.100000
v -1.276000 -0.322000 0.100000
v -1.276000 -0.322000 -0.100000
v -1.283803 -0.309429 0.100000
v -1.283803 -0.309429 -0.100000
v -1.291676 -0.295847 0.100000
v -1.291676 -0.295847 -0.100000
v -1.299563 -0.281453 0.100000
v -1.299563 -0.281453 -0.100000
v -1.307407 -0.266444 0.100000
v -1.307407 -0.266444 -0.100000
v -1.315155 -0.251019 0.100000
v -1.315155 -0.251019 -0.100000
v -1.322750 -0.235375 0.100000
v -1.322750 -0.235375 -0.100000
v -1.330137 -0.219710 0.100000
v -1.330137 -0.219710 -0.100000
v -1.337259 -0.204222 0.100000
v -1.337259 -0.204222 -0.100000
v -1.344063 -0.189109 0.100000
v -1.344063 -0.189109 -0.100000
v -1.350491 -0.174569 0.100000
v -1.350491 -0.174569 -0.100000
v -1.356488 -0.160800 0.100000
v -1.356488 -0.160800 -0.100000
v -1.362000 -0.148000 0.100000
v -1.362000 -0.148000 -0.100000
v -1.418000 -0.174000 0.100000
v -1.418000 -0.174000 -0.100000
v -1.864358 -0.138598 0.100000
v -1.864358 -0.138598 -0.100000
v -1.874861 -0.153787 0.100000
v -1.874861 -0.153787 -0.100000
v -1.885406 -0.169406 0.100000
v -1.885406 -0.169406 -0.100000
v -1.895889 -0.185296 0.100000
v -1.895889 -0.185296 -0.100000
v -1.906205 -0.201297 0.100000
v -1.906205 -0.201297 -0.100000
v -1.916250 -0.217250 0.100000
v -1.916250 -0.217250 -0.100000
v -1.925920 -0.232994 0.100000
v -1.925920 -0.232994 -0.100000
v -1.935111 -0.248370 0.100000
v -1.935111 -0.248370 -0.100000
v -1.943719 -0.263219 0.100000
v -1.943719 -0.263219 -0.100000
v -1.951639 -0.277380 0.100000
v -1.951639 -0.277380 -0.100000
v -1.958767 -0.290693 0.100000
v -1.958767 -0.290693 -0.100000
v -1.965000 -0.303000 0.100000
v -1.965000 -0.303000 -0.100000
v -1.906000 -0.333000 0.100000
v -1.906000 -0.333000 -0.100000
v -1.899979 -0.320194 0.100000
v -1.899979 -0.320194 -0.100000
v -1.892995 -0.306384 0.100000
v -1.892995 -0.306384 -0.100000
v -1.885172 -0.291734 0.100000
v -1.885172 -0.291734 -0.100000
v -1.876630 -0.276407 0.100000
v -1.876630 -0.276407 -0.100000
v -1.867490 -0.260567 0.100000
v -1.867490 -0.260567 -0.100000
v -1.857875 -0.244375 0.100000
v -1.857875 -0.244375 -0.100000
v -1.847906 -0.227996 0.100000
v -1.847906 -0.227996 -0.100000
v -1.837704 -0.211593 0.100000
v -1.837704 -0.211593 -0.100000
v -1.827391 -0.195328 0.100000
v -1.827391 -0.195328 -0.100000
v -1.817088 -0.179366 0.100000
v -1.817088 -0.179366 -0.100000
v -1.806917 -0.163869 0.100000
v -1.806917 -0.163869 -0.100000
v -1.797000 -0.149000 0.100000
v -1.797000 -0.149000 -0.100000
v -1.854000 -0.124000 0.100000
v -1.854000 -0.124000 -0.100000
v -1.222000 -0.379000 0.100000
v -1.222000 -0.379000 -0.100000
v -1.156000 -0.379000 0.100000
v -1.156000 -0.379000 -0.100000
v -1.156000 0.540000 0.100000
v -1.156000 0.540000 -0.100000
v -1.222000 0.540000 0.100000
v -1.222000 0.540000 -0.100000
v -1.125983 0.319544 0.100000
v -1.125983 0.319544 -0.100000
v -1.124444 0.297852 0.100000
v -1.124444 0.297852 -0.100000
v -1.122406 0.275188 0.100000
v -1.122406 0.275188 -0.100000
v -1.119889 0.251815 0.100000
v -1.119889 0.251815 -0.100000
v -1.116913 0.227998 0.100000
v -1.116913 0.227998 -0.100000
v -1.113500 0.204000 0.100000
v -1.113500 0.204000 -0.100000
v -1.109670 0.180086 0.100000
v -1.109670 0.180086 -0.100000
v -1.105444 0.156519 0.100000
v -1.105444 0.156519 -0.100000
v -1.100844 0.133563 0.100000
v -1.100844 0.133563 -0.100000
v -1.095889 0.111481 0.100000
v -1.095889 0.111481 -0.100000
v -1.090601 0.090539 0.100000
v -1.090601 0.090539 -0.100000
v -1.085000 0.071000 0.100000
v -1.085000 0.071000 -0.100000
v -1.028000 0.090000 0.100000
v -1.028000 0.090000 -0.100000
v -1.033602 0.107852 0.100000
v -1.033602 0.107852 -0.100000
v -1.038903 0.127232 0.100000
v -1.038903 0.127232 -0.100000
v -1.043891 0.147875 0.100000
v -1.043891 0.147875 -0.100000
v -1.048556 0.169519 0.100000
v -1.048556 0.169519 -0.100000
v -1.052887 0.191898 0.100000
v -1.052887 0.191898 -0.100000
v -1.056875 0.214750 0.100000
v -1.056875 0.214750 -0.100000
v -1.060509 0.237810 0.100000
v -1.060509 0.237810 -0.100000
v -1.063778 0.260815 0.100000
v -1.063778 0.260815 -0.100000
v -1.066672 0.283500 0.100000
v -1.066672 0.283500 -0.100000
v -1.069180 0.305602 0.100000
v -1.069180 0.305602 -0.100000
v -1.071293 0.326856 0.100000
v -1.071293 0.326856 -0.100000
v -1.073000 0.347000 0.100000
v -1.073000 0.347000 -0.100000
v -1.127000 0.340000 0.100000
v -1.127000 0.340000 -0.100000
v -1.286761 0.361616 0.100000
v -1.286761 0.361616 -0.100000
v -1.292505 0.344593 0.100000
v -1.292505 0.344593 -0.100000
v -1.298172 0.327125 0.100000
v -1.298172 0.327125 -0.100000
v -1.303704 0.309407 0.100000
v -1.303704 0.309407 -0.100000
v -1.309041 0.291634 0.100000
v -1.309041 0.291634 -0.100000
v -1.314125 0.274000 0.100000
v -1.314125 0.274000 -0.100000
v -1.318896 0.256699 0.100000
v -1.318896 0.256699 -0.100000
v -1.323296 0.239926 0.100000
v -1.323296 0.239926 -0.100000
v -1.327266 0.223875 0.100000
v -1.327266 0.223875 -0.100000
v -1.330745 0.208741 0.100000
v -1.330745 0.208741 -0.100000
v -1.333676 0.194718 0.100000
v -1.333676 0.194718 -0.100000
v -1.336000 0.182000 0.100000
v -1.336000 0.182000 -0.100000
v -1.281000 0.160000 0.100000
v -1.281000 0.160000 -0.100000
v -1.278946 0.173447 0.100000
v -1.278946 0.173447 -0.100000
v -1.276320 0.188157 0.100000
v -1.276320 0.188157 -0.100000
v -1.273172 0.203938 0.100000
v -1.273172 0.203938 -0.100000
v -1.269556 0.220593 0.100000
v -1.269556 0.220593 -0.100000
v -1.265523 0.237928 0.100000
v -1.265523 0.237928 -0.100000
v -1.261125 0.255750 0.100000
v -1.261125 0.255750 -0.100000
v -1.256415 0.273863 0.100000
v -1.256415 0.273863 -0.100000
v -1.251444 0.292074 0.100000
v -1.251444 0.292074 -0.100000
v -1.246266 0.310188 0.100000
v -1.246266 0.310188 -0.100000
v -1.240931 0.328009 0.100000
v -1.240931 0.328009 -0.100000
v -1.235491 0.345345 0.100000
v -1.235491 0.345345 -0.100000
v -1.230000 0.362000 0.100000
v -1.230000 0.362000 -0.100000
v -1.281000 0.378000 0.100000
v -1.281000 0.378000 -0.100000
v -1.815000 -0.050000 0.100000
v -1.815000 -0.050000 -0.100000
v -1.815000 0.015000 0.100000
v -1.815000 0.015000 -0.100000
v -1.458000 0.015000 0.100000
v -1.458000 0.015000 -0.100000
v -1.458000 -0.050000 0.100000
v -1.458000 -0.050000 -0.100000
v -1.815000 0.064000 0.100000
v -1.815000 0.064000 -0.100000
v -1.815000 0.128000 0.100000
v -1.815000 0.128000 -0.100000
v -1.458000 0.128000 0.100000
v -1.458000 0.128000 -0.100000
v -1.458000 0.064000 0.100000
v -1.458000 0.064000 -0.100000
v -1.886000 -0.100000 0.100000
v -1.886000 -0.100000 -0.100000
v -1.610000 -0.100000 0.100000
v -1.610000 -0.100000 -0.100000
v -1.621626 -0.109503 0.100000
v -1.621626 -0.109503 -0.100000
v -1.633426 -0.119440 0.100000
v -1.633426 -0.119440 -0.100000
v -1.645281 -0.129703 0.100000
v -1.645281 -0.129703 -0.100000
v -1.657074 -0.140185 0.100000
v -1.657074 -0.140185 -0.100000
v -1.668686 -0.150778 0.100000
v -1.668686 -0.150778 -0.100000
v -1.680000 -0.161375 0.100000
v -1.680000 -0.161375 -0.100000
v -1.690897 -0.171867 0.100000
v -1.690897 -0.171867 -0.100000
v -1.701259 -0.182148 0.100000
v -1.701259 -0.182148 -0.100000
v -1.710969 -0.192109 0.100000
v -1.710969 -0.192109 -0.100000
v -1.719908 -0.201644 0.100000
v -1.719908 -0.201644 -0.100000
v -1.727957 -0.210643 0.100000
v -1.727957 -0.210643 -0.100000
v -1.735000 -0.219000 0.100000
v -1.735000 -0.219000 -0.100000
v -1.685000 -0.259000 0.100000
v -1.685000 -0.259000 -0.100000
v -1.677399 -0.249337 0.100000
v -1.677399 -0.249337 -0.100000
v -1.668694 -0.238944 0.100000
v -1.668694 -0.238944 -0.100000
v -1.659031 -0.227969 0.100000
v -1.659031 -0.227969 -0.100000
v -1.648556 -0.216556 0.100000
v -1.648556 -0.216556 -0.100000
v -1.637413 -0.204851 0.100000
v -1.637413 -0.204851 -0.100000
v -1.625750 -0.193000 0.100000
v -1.625750 -0.193000 -0.100000
v -1.613712 -0.181149 0.100000
v -1.613712 -0.181149 -0.100000
v -1.601444 -0.169444 0.100000
v -1.601444 -0.169444 -0.100000
v -1.589094 -0.158031 0.100000
v -1.589094 -0.158031 -0.100000
v -1.576805 -0.147056 0.100000
v -1.576805 -0.147056 -0.100000
v -1.564726 -0.136663 0.100000
v -1.564726 -0.136663 -0.100000
v -1.553000 -0.127000 0.100000
v -1.553000 -0.127000 -0.100000
v -1.591000 -0.100000 0.100000
v -1.591000 -0.100000 -0.100000
v -1.389000 -0.100000 0.100000
v -1.389000 -0.100000 -0.100000
v -1.389000 0.179000 0.100000
v -1.389000 0.179000 -0.100000
v -1.886000 0.179000 0.100000
v -1.886000 0.179000 -0.100000
v -1.604940 0.465828 0.100000
v -1.604940 0.465828 -0.100000
v -1.602769 0.471787 0.100000
v -1.602769 0.471787 -0.100000
v -1.600500 0.477844 0.100000
v -1.600500 0.477844 -0.100000
v -1.598148 0.483963 0.100000
v -1.598148 0.483963 -0.100000
v -1.595727 0.490110 0.100000
v -1.595727 0.490110 -0.100000
v -1.593250 0.496250 0.100000
v -1.593250 0.496250 -0.100000
v -1.590732 0.502348 0.100000
v -1.590732 0.502348 -0.100000
v -1.588185 0.508370 0.100000
v -1.588185 0.508370 -0.100000
v -1.585625 0.514281 0.100000
v -1.585625 0.514281 -0.100000
v -1.583065 0.520046 0.100000
v -1.583065 0.520046 -0.100000
v -1.580519 0.525631 0.100000
v -1.580519 0.525631 -0.100000
v -1.578000 0.531000 0.100000
v -1.578000 0.531000 -0.100000
v -1.643000 0.543000 0.100000
v -1.643000 0.543000 -0.100000
v -1.646268 0.536612 0.100000
v -1.646268 0.536612 -0.100000
v -1.649560 0.529977 0.100000
v -1.649560 0.529977 -0.100000
v -1.652859 0.523141 0.100000
v -1.652859 0.523141 -0.100000
v -1.656148 0.516148 0.100000
v -1.656148 0.516148 -0.100000
v -1.659409 0.509045 0.100000
v -1.659409 0.509045 -0.100000
v -1.662625 0.501875 0.100000
v -1.662625 0.501875 -0.100000
v -1.665778 0.494685 0.100000
v -1.665778 0.494685 -0.100000
v -1.668852 0.487519 0.100000
v -1.668852 0.487519 -0.100000
v -1.671828 0.480422 0.100000
v -1.671828 0.480422 -0.100000
v -1.674690 0.473440 0.100000
v -1.674690 0.473440 -0.100000
v -1.677420 0.466617 0.100000
v -1.677420 0.466617 -0.100000
v -1.680000 0.460000 0.100000
v -1.680000 0.460000 -0.100000
v -1.913000 0.460000 0.100000
v -1.913000 0.460000 -0.100000
v -1.913000 0.401000 0.100000
v -1.913000 0.401000 -0.100000
v -1.363000 0.401000 0.100000
v -1.363000 0.401000 -0.100000
v -1.363000 0.460000 0.100000
v -1.363000 0.460000 -0.100000
v -1.607000 0.460000 0.100000
v -1.607000 0.460000 -0.100000
v -1.818020 0.375233 0.100000
v -1.818020 0.375233 -0.100000
v -1.814074 0.367449 0.100000
v -1.814074 0.367449 -0.100000
v -1.810156 0.359672 0.100000
v -1.810156 0.359672 -0.100000
v -1.806259 0.351926 0.100000
v -1.806259 0.351926 -0.100000
v -1.802376 0.344236 0.100000
v -1.802376 0.344236 -0.100000
v -1.798500 0.336625 0.100000
v -1.798500 0.336625 -0.100000
v -1.794624 0.329119 0.100000
v -1.794624 0.329119 -0.100000
v -1.790741 0.321741 0.100000
v -1.790741 0.321741 -0.100000
v -1.786844 0.314516 0.100000
v -1.786844 0.314516 -0.100000
v -1.782926 0.307468 0.100000
v -1.782926 0.307468 -0.100000
v -1.778980 0.300621 0.100000
v -1.778980 0.300621 -0.100000
v -1.775000 0.294000 0.100000
v -1.775000 0.294000 -0.100000
v -1.947000 0.294000 0.100000
v -1.947000 0.294000 -0.100000
v -1.947000 0.233000 0.100000
v -1.947000 0.233000 -0.100000
v -1.336000 0.233000 0.100000
v -1.336000 0.233000 -0.100000
v -1.336000 0.294000 0.100000
v -1.336000 0.294000 -0.100000
v -1.487000 0.294000 0.100000
v -1.487000 0.294000 -0.100000
v -1.485109 0.300237 0.100000
v -1.485109 0.300237 -0.100000
v -1.482958 0.306898 0.100000
v -1.482958 0.306898 -0.100000
v -1.480578 0.313906 0.100000
v -1.480578 0.313906 -0.100000
v -1.478000 0.321185 0.100000
v -1.478000 0.321185 -0.100000
v -1.475255 0.328659 0.100000
v -1.475255 0.328659 -0.100000
v -1.472375 0.336250 0.100000
v -1.472375 0.336250 -0.100000
v -1.469391 0.343883 0.100000
v -1.469391 0.343883 -0.100000
v -1.466333 0.351481 0.100000
v -1.466333 0.351481 -0.100000
v -1.463234 0.358969 0.100000
v -1.463234 0.358969 -0.100000
v -1.460125 0.366269 0.100000
v -1.460125 0.366269 -0.100000
v -1.457036 0.373304 0.100000
v -1.457036 0.373304 -0.100000
v -1.454000 0.380000 0.100000
v -1.454000 0.380000 -0.100000
v -1.513000 0.396000 0.100000
v -1.513000 0.396000 -0.100000
v -1.516765 0.388826 0.100000
v -1.516765 0.388826 -0.100000
v -1.520537 0.381361 0.100000
v -1.520537 0.381361 -0.100000
v -1.524281 0.373688 0.100000
v -1.524281 0.373688 -0.100000
v -1.527963 0.365889 0.100000
v -1.527963 0.365889 -0.100000
v -1.531547 0.358049 0.100000
v -1.531547 0.358049 -0.100000
v -1.535000 0.350250 0.100000
v -1.535000 0.350250 -0.100000
v -1.538286 0.342576 0.100000
v -1.538286 0.342576 -0.100000
v -1.541370 0.335111 0.100000
v -1.541370 0.335111 -0.100000
v -1.544219 0.327938 0.100000
v -1.544219 0.327938 -0.100000
v -1.546796 0.321139 0.100000
v -1.546796 0.321139 -0.100000
v -1.549068 0.314799 0.100000
v -1.549068 0.314799 -0.100000
v -1.551000 0.309000 0.100000
v -1.551000 0.309000 -0.100000
v -1.504000 0.294000 0.100000
v -1.504000 0.294000 -0.100000
v -1.707000 0.294000 0.100000
v -1.707000 0.294000 -0.100000
v -1.711285 0.302445 0.100000
v -1.711285 0.302445 -0.100000
v -1.715616 0.311227 0.100000
v -1.715616 0.311227 -0.100000
v -1.719953 0.320266 0.100000
v -1.719953 0.320266 -0.100000
v -1.724259 0.329481 0.100000
v -1.724259 0.329481 -0.100000
v -1.728496 0.338795 0.100000
v -1.728496 0.338795 -0.100000
v -1.732625 0.348125 0.100000
v -1.732625 0.348125 -0.100000
v -1.736608 0.357393 0.100000
v -1.736608 0.357393 -0.100000
v -1.740407 0.366519 0.100000
v -1.740407 0.366519 -0.100000
v -1.743984 0.375422 0.100000
v -1.743984 0.375422 -0.100000
v -1.747301 0.384023 0.100000
v -1.747301 0.384023 -0.100000
v -1.750319 0.392242 0.100000
v -1.750319 0.392242 -0.100000
v -1.753000 0.400000 0.100000
v -1.753000 0.400000 -0.100000
v -1.822000 0.383000 0.100000
v -1.822000 0.383000 -0.100000
vn -0.0000 -0.0000 -1.0000
vn -0.0000 -0.0000 1.0000
vn 0.0001 -0.0000 -1.0000
vn 0.0001 -0.0000 1.0000
vn -0.6844 0.7291 -0.0000
vn -0.6963 0.7177 -0.0000
vn -0.7075 0.7067 -0.0000
vn -0.7182 0.6958 -0.0000
vn -0.7289 0.6846 -0.0000
vn -0.7399 0.6727 -0.0000
vn -0.7516 0.6597 -0.0000
vn -0.7643 0.6449 -0.0000
vn -0.7785 0.6276 -0.0000
vn -0.7950 0.6066 -0.0000
vn -0.8146 0.5800 -0.0000
vn -0.9825 -0.1865 -0.0000
vn 0.2079 -0.9781 -0.0000
vn 0.8379 -0.5458 -0.0000
vn 0.8172 -0.5764 -0.0000
vn 0.7999 -0.6002 -0.0000
vn 0.7851 -0.6194 -0.0000
vn 0.7721 -0.6355 -0.0000
vn 0.7603 -0.6496 -0.0000
vn 0.7493 -0.6623 -0.0000
vn 0.7387 -0.6741 -0.0000
vn 0.7281 -0.6854 -0.0000
vn 0.7173 -0.6967 -0.0000
vn 0.7059 -0.7084 -0.0000
vn 0.9940 0.1096 -0.0000
vn -0.0947 0.9955 -0.0000
vn 0.7071 0.7071 -0.0000
vn 0.7071 -0.7071 -0.0000
vn -0.7071 -0.7071 -0.0000
vn -0.7071 0.7071 -0.0000
vn 0.9568 0.2908 -0.0000
vn 0.9579 0.2872 -0.0000
vn 0.9591 0.2831 -0.0000
vn 0.9604 0.2786 -0.0000
vn 0.9618 0.2736 -0.0000
vn 0.9634 0.2680 -0.0000
vn 0.9651 0.2617 -0.0000
vn 0.9670 0.2547 -0.0000
vn 0.9690 0.2469 -0.0000
vn 0.9713 0.2381 -0.0000
vn 0.9736 0.2281 -0.0000
vn 0.7819 -0.6234 -0.0000
vn 0.8381 0.5456 -0.0000
vn 0.9075 -0.4200 -0.0000
vn 0.8941 -0.4478 -0.0000
vn 0.8822 -0.4709 -0.0000
vn 0.8712 -0.4909 -0.0000
vn 0.8610 -0.5086 -0.0000
vn 0.8511 -0.5249 -0.0000
vn 0.8415 -0.5403 -0.0000
vn 0.8317 -0.5553 -0.0000
vn 0.8215 -0.5702 -0.0000
vn 0.8106 -0.5855 -0.0000
vn 0.7987 -0.6017 -0.0000
vn 0.9684 0.2493 -0.0000
vn -0.2246 0.9744 -0.0000
vn -0.7686 0.6397 -0.0000
vn -0.7841 0.6206 -0.0000
vn -0.7981 0.6026 -0.0000
vn -0.8111 0.5849 -0.0000
vn -0.8237 0.5671 -0.0000
vn -0.8362 0.5485 -0.0000
vn -0.8490 0.5284 -0.0000
vn -0.8625 0.5061 -0.0000
vn -0.8772 0.4802 -0.0000
vn -0.8935 0.4490 -0.0000
vn -0.9121 0.4100 -0.0000
vn -0.9323 -0.3616 -0.0000
vn -0.9767 0.2145 -0.0000
vn 0.4675 0.8840 -0.0000
vn 0.8305 0.5570 -0.0000
vn 0.8382 0.5454 -0.0000
vn 0.8455 0.5340 -0.0000
vn 0.8525 0.5227 -0.0000
vn 0.8596 0.5109 -0.0000
vn 0.8669 0.4985 -0.0000
vn 0.8745 0.4850 -0.0000
vn 0.8827 0.4700 -0.0000
vn 0.8916 0.4528 -0.0000
vn 0.9015 0.4327 -0.0000
vn 0.9128 0.4085 -0.0000
vn 0.4239 0.9057 -0.0000
vn -0.9380 0.3465 -0.0000
vn -0.8401 -0.5424 -0.0000
vn -0.8408 -0.5414 -0.0000
vn -0.8408 -0.5413 -0.0000
vn -0.8402 -0.5423 -0.0000
vn -0.8389 -0.5442 -0.0000
vn -0.8371 -0.5471 -0.0000
vn -0.8345 -0.5510 -0.0000
vn -0.8311 -0.5561 -0.0000
vn -0.8270 -0.5622 -0.0000
vn -0.8219 -0.5696 -0.0000
vn -0.8158 -0.5783 -0.0000
vn -0.8897 0.4566 -0.0000
vn -0.5561 -0.8311 -0.0000
vn -0.9246 -0.3809 -0.0000
vn -0.9251 -0.3798 -0.0000
vn -0.9253 -0.3793 -0.0000
vn -0.9252 -0.3794 -0.0000
vn -0.9250 -0.3800 -0.0000
vn -0.9245 -0.3813 -0.0000
vn -0.9237 -0.3831 -0.0000
vn -0.9227 -0.3855 -0.0000
vn -0.9214 -0.3887 -0.0000
vn -0.9197 -0.3925 -0.0000
vn -0.9177 -0.3972 -0.0000
vn -0.8366 0.5478 -0.0000
vn 0.5948 0.8039 -0.0000
vn -0.4802 0.8772 -0.0000
vn -0.5060 0.8626 -0.0000
vn -0.5245 0.8514 -0.0000
vn -0.5368 0.8437 -0.0000
vn -0.5439 0.8392 -0.0000
vn -0.5464 0.8375 -0.0000
vn -0.5450 0.8384 -0.0000
vn -0.5403 0.8415 -0.0000
vn -0.5326 0.8464 -0.0000
vn -0.5224 0.8527 -0.0000
vn -0.5101 0.8601 -0.0000
vn -0.4745 0.8803 -0.0000
vn -0.4115 0.9114 -0.0000
vn -0.3462 0.9382 -0.0000
vn -0.2859 0.9582 -0.0000
vn -0.2316 0.9728 -0.0000
vn -0.1834 0.9830 -0.0000
vn -0.1415 0.9899 -0.0000
vn -0.1056 0.9944 -0.0000
vn -0.0752 0.9972 -0.0000
vn -0.0500 0.9988 -0.0000
vn -0.0294 0.9996 -0.0000
vn -0.0131 0.9999 -0.0000
vn -0.0005 1.0000 -0.0000
vn 0.0092 1.0000 -0.0000
vn 0.0176 0.9998 -0.0000
vn 0.0254 0.9997 -0.0000
vn 0.0327 0.9995 -0.0000
vn 0.0398 0.9992 -0.0000
vn 0.0468 0.9989 -0.0000
vn 0.0541 0.9985 -0.0000
vn 0.0617 0.9981 -0.0000
vn 0.0700 0.9975 -0.0000
vn 0.0793 0.9969 -0.0000
vn 0.0901 0.9959 -0.0000
vn -0.8080 0.5892 -0.0000
vn -0.9224 -0.3862 -0.0000
vn -0.9298 -0.3681 -0.0000
vn -0.9365 -0.3508 -0.0000
vn -0.9428 -0.3333 -0.0000
vn -0.9492 -0.3147 -0.0000
vn -0.9557 -0.2943 -0.0000
vn -0.9626 -0.2710 -0.0000
vn -0.9699 -0.2436 -0.0000
vn -0.9776 -0.2105 -0.0000
vn -0.9856 -0.1691 -0.0000
vn -0.9933 -0.1156 -0.0000
vn -0.6992 -0.7149 -0.0000
vn -0.0585 -0.9983 -0.0000
vn -0.0508 -0.9987 -0.0000
vn -0.0451 -0.9990 -0.0000
vn -0.0405 -0.9992 -0.0000
vn -0.0364 -0.9993 -0.0000
vn -0.0327 -0.9995 -0.0000
vn -0.0289 -0.9996 -0.0000
vn -0.0249 -0.9997 -0.0000
vn -0.0205 -0.9998 -0.0000
vn -0.0152 -0.9999 -0.0000
vn -0.0085 -1.0000 -0.0000
vn 0.0018 -1.0000 -0.0000
vn 0.0179 -0.9998 -0.0000
vn 0.0390 -0.9992 -0.0000
vn 0.0643 -0.9979 -0.0000
vn 0.0941 -0.9956 -0.0000
vn 0.1287 -0.9917 -0.0000
vn 0.1683 -0.9857 -0.0000
vn 0.2129 -0.9771 -0.0000
vn 0.2623 -0.9650 -0.0000
vn 0.3160 -0.9488 -0.0000
vn 0.3730 -0.9278 -0.0000
vn 0.4323 -0.9017 -0.0000
vn 0.4824 -0.8759 -0.0000
vn 0.5154 -0.8570 -0.0000
vn 0.5374 -0.8433 -0.0000
vn 0.5521 -0.8338 -0.0000
vn 0.5593 -0.8290 -0.0000
vn 0.5580 -0.8299 -0.0000
vn 0.5467 -0.8373 -0.0000
vn 0.5231 -0.8523 -0.0000
vn 0.4828 -0.8757 -0.0000
vn 0.4196 -0.9077 -0.0000
vn 0.3240 -0.9461 -0.0000
vn 0.1844 -0.9828 -0.0000
vn -0.0069 -1.0000 -0.0000
vn -0.2098 -0.9777 -0.0000
vn -0.3702 -0.9290 -0.0000
vn -0.4836 -0.8753 -0.0000
vn -0.5636 -0.8261 -0.0000
vn -0.6210 -0.7838 -0.0000
vn -0.6631 -0.7485 -0.0000
vn -0.6947 -0.7193 -0.0000
vn -0.7188 -0.6952 -0.0000
vn -0.7374 -0.6754 -0.0000
vn -0.7519 -0.6592 -0.0000
vn -0.7632 -0.6461 -0.0000
vn 0.0192 -0.9998 -0.0000
vn 0.9974 0.0727 -0.0000
vn 0.6898 0.7240 -0.0000
vn 0.6777 0.7353 -0.0000
vn 0.6635 0.7482 -0.0000
vn 0.6468 0.7626 -0.0000
vn 0.6272 0.7789 -0.0000
vn 0.6039 0.7970 -0.0000
vn 0.5764 0.8172 -0.0000
vn 0.5437 0.8393 -0.0000
vn 0.5046 0.8634 -0.0000
vn 0.4576 0.8891 -0.0000
vn 0.4012 0.9160 -0.0000
vn 0.8277 0.5612 -0.0000
vn -0.8559 0.5171 -0.0000
vn -0.1075 -0.9942 -0.0000
vn -0.2152 -0.9766 -0.0000
vn -0.3219 -0.9468 -0.0000
vn -0.4270 -0.9042 -0.0000
vn -0.5299 -0.8481 -0.0000
vn -0.6294 -0.7771 -0.0000
vn -0.7240 -0.6898 -0.0000
vn -0.8112 -0.5847 -0.0000
vn -0.8873 -0.4612 -0.0000
vn -0.9474 -0.3200 -0.0000
vn -0.9865 -0.1640 -0.0000
vn -1.0000 0.0070 -0.0000
vn -0.9807 0.1954 -0.0000
vn -0.9230 0.3849 -0.0000
vn -0.8334 0.5527 -0.0000
vn -0.7251 0.6887 -0.0000
vn -0.6110 0.7916 -0.0000
vn -0.5001 0.8659 -0.0000
vn -0.3969 0.9179 -0.0000
vn -0.3025 0.9531 -0.0000
vn -0.2168 0.9762 -0.0000
vn -0.1387 0.9903 -0.0000
vn -0.0670 0.9978 -0.0000
vn -0.0134 0.9999 -0.0000
vn 0.0117 0.9999 -0.0000
vn 0.0236 0.9997 -0.0000
vn 0.0357 0.9994 -0.0000
vn 0.0482 0.9988 -0.0000
vn 0.0609 0.9981 -0.0000
vn 0.0739 0.9973 -0.0000
vn 0.0872 0.9962 -0.0000
vn 0.1008 0.9949 -0.0000
vn 0.1147 0.9934 -0.0000
vn 0.1288 0.9917 -0.0000
vn 0.1433 0.9897 -0.0000
vn 0.8045 0.5940 -0.0000
vn 0.9808 -0.1951 -0.0000
vn 0.9563 -0.2923 -0.0000
vn 0.9199 -0.3922 -0.0000
vn 0.8698 -0.4935 -0.0000
vn 0.8045 -0.5939 -0.0000
vn 0.7232 -0.6906 -0.0000
vn 0.6258 -0.7800 -0.0000
vn 0.5139 -0.8579 -0.0000
vn 0.3905 -0.9206 -0.0000
vn 0.2604 -0.9655 -0.0000
vn 0.1288 -0.9917 -0.0000
vn 0.0048 -1.0000 -0.0000
vn 0.0147 0.9999 -0.0000
vn 0.0224 0.9997 -0.0000
vn 0.0270 0.9996 -0.0000
vn 0.0304 0.9995 -0.0000
vn 0.0333 0.9994 -0.0000
vn 0.0362 0.9993 -0.0000
vn 0.0392 0.9992 -0.0000
vn 0.0429 0.9991 -0.0000
vn 0.0478 0.9989 -0.0000
vn 0.0551 0.9985 -0.0000
vn 0.0684 0.9977 -0.0000
vn 0.0747 0.9972 -0.0000
vn 0.0787 0.9969 -0.0000
vn 0.0920 0.9958 -0.0000
vn 0.1067 0.9943 -0.0000
vn 0.1228 0.9924 -0.0000
vn 0.1406 0.9901 -0.0000
vn 0.1598 0.9872 -0.0000
vn 0.1804 0.9836 -0.0000
vn 0.2020 0.9794 -0.0000
vn 0.2244 0.9745 -0.0000
vn 0.2466 0.9691 -0.0000
vn 0.2677 0.9635 -0.0000
vn -0.3044 0.9525 -0.0000
vn -0.9903 -0.1389 -0.0000
vn -0.5798 -0.8148 -0.0000
vn -0.5758 -0.8176 -0.0000
vn -0.5738 -0.8190 -0.0000
vn -0.5757 -0.8177 -0.0000
vn -0.5795 -0.8150 -0.0000
vn -0.5852 -0.8109 -0.0000
vn -0.5927 -0.8054 -0.0000
vn -0.6020 -0.7985 -0.0000
vn -0.6131 -0.7900 -0.0000
vn -0.6259 -0.7799 -0.0000
vn -0.6234 -0.7819 -0.0000
vn -0.6196 -0.7849 -0.0000
vn -0.6286 -0.7777 -0.0000
vn -0.6341 -0.7732 -0.0000
vn -0.6378 -0.7702 -0.0000
vn -0.6403 -0.7681 -0.0000
vn -0.6420 -0.7667 -0.0000
vn -0.6430 -0.7658 -0.0000
vn -0.6436 -0.7654 -0.0000
vn -0.6436 -0.7653 -0.0000
vn -0.6432 -0.7657 -0.0000
vn -0.8746 0.4848 -0.0000
vn 0.2937 0.9559 -0.0000
vn 0.2597 0.9657 -0.0000
vn 0.2271 0.9739 -0.0000
vn 0.1960 0.9806 -0.0000
vn 0.1662 0.9861 -0.0000
vn 0.1380 0.9904 -0.0000
vn 0.1113 0.9938 -0.0000
vn 0.0861 0.9963 -0.0000
vn 0.0624 0.9981 -0.0000
vn 0.0402 0.9992 -0.0000
vn 0.0195 0.9998 -0.0000
vn -0.0205 0.9998 -0.0000
vn -0.1027 0.9947 -0.0000
vn -0.2083 0.9781 -0.0000
vn -0.3164 0.9486 -0.0000
vn -0.4254 0.9050 -0.0000
vn -0.5338 0.8456 -0.0000
vn -0.6389 0.7693 -0.0000
vn -0.7377 0.6751 -0.0000
vn -0.8262 0.5634 -0.0000
vn -0.9001 0.4358 -0.0000
vn -0.9553 0.2958 -0.0000
vn -0.9889 0.1486 -0.0000
vn -1.0000 0.0021 -0.0000
vn -0.9898 -0.1427 -0.0000
vn -0.9570 -0.2901 -0.0000
vn -0.9000 -0.4359 -0.0000
vn -0.8203 -0.5720 -0.0000
vn -0.7226 -0.6913 -0.0000
vn -0.6137 -0.7896 -0.0000
vn -0.5003 -0.8659 -0.0000
vn -0.3880 -0.9217 -0.0000
vn -0.2804 -0.9599 -0.0000
vn -0.1796 -0.9837 -0.0000
vn -0.0864 -0.9963 -0.0000
vn -0.0025 -1.0000 -0.0000
vn 0.0760 -0.9971 -0.0000
vn 0.1580 -0.9874 -0.0000
vn 0.2470 -0.9690 -0.0000
vn 0.3434 -0.9392 -0.0000
vn 0.4468 -0.8946 -0.0000
vn 0.5555 -0.8315 -0.0000
vn 0.6661 -0.7458 -0.0000
vn 0.7728 -0.6347 -0.0000
vn 0.8671 -0.4981 -0.0000
vn 0.9403 -0.3405 -0.0000
vn 0.9853 -0.1709 -0.0000
vn 1.0000 -0.0055 -0.0000
vn 0.9893 0.1461 -0.0000
vn 0.9577 0.2879 -0.0000
vn 0.9069 0.4213 -0.0000
vn 0.8394 0.5435 -0.0000
vn 0.7577 0.6527 -0.0000
vn 0.6643 0.7474 -0.0000
vn 0.5620 0.8271 -0.0000
vn 0.4531 0.8914 -0.0000
vn 0.3402 0.9404 -0.0000
vn 0.2256 0.9742 -0.0000
vn 0.1115 0.9938 -0.0000
vn -0.0003 1.0000 -0.0000
vn -0.1143 0.9934 -0.0000
vn -0.2341 0.9722 -0.0000
vn -0.3565 0.9343 -0.0000
vn -0.4765 0.8792 -0.0000
vn -0.5892 0.8080 -0.0000
vn -0.6903 0.7235 -0.0000
vn -0.7771 0.6294 -0.0000
vn -0.8483 0.5296 -0.0000
vn -0.9041 0.4273 -0.0000
vn -0.9457 0.3250 -0.0000
vn -0.9745 0.2243 -0.0000
vn -0.4743 0.8804 -0.0000
vn 0.4327 0.9016 -0.0000
vn 0.5067 0.8621 -0.0000
vn 0.5830 0.8125 -0.0000
vn 0.6595 0.7517 -0.0000
vn 0.7339 0.6793 -0.0000
vn 0.8032 0.5957 -0.0000
vn 0.8645 0.5027 -0.0000
vn 0.9153 0.4028 -0.0000
vn 0.9541 0.2994 -0.0000
vn 0.9806 0.1959 -0.0000
vn 0.9954 0.0956 -0.0000
vn 0.9999 -0.0168 -0.0000
vn 0.9870 -0.1606 -0.0000
vn 0.9483 -0.3174 -0.0000
vn 0.8865 -0.4628 -0.0000
vn 0.8063 -0.5915 -0.0000
vn 0.7133 -0.7008 -0.0000
vn 0.6127 -0.7903 -0.0000
vn 0.5084 -0.8611 -0.0000
vn 0.4032 -0.9151 -0.0000
vn 0.2989 -0.9543 -0.0000
vn 0.1965 -0.9805 -0.0000
vn 0.0968 -0.9953 -0.0000
vn 0.0055 -1.0000 -0.0000
vn -0.0767 -0.9971 -0.0000
vn -0.1602 -0.9871 -0.0000
vn -0.2486 -0.9686 -0.0000
vn -0.3373 -0.9414 -0.0000
vn -0.4214 -0.9069 -0.0000
vn -0.4966 -0.8680 -0.0000
vn -0.5603 -0.8283 -0.0000
vn -0.6115 -0.7912 -0.0000
vn -0.6509 -0.7592 -0.0000
vn -0.6797 -0.7335 -0.0000
vn -0.6994 -0.7147 -0.0000
vn 0.0085 -1.0000 -0.0000
vn 0.9983 0.0575 -0.0000
vn 0.6354 0.7722 -0.0000
vn 0.6368 0.7710 -0.0000
vn 0.6379 0.7701 -0.0000
vn 0.6388 0.7694 -0.0000
vn 0.6396 0.7687 -0.0000
vn 0.6404 0.7681 -0.0000
vn 0.6411 0.7675 -0.0000
vn 0.6417 0.7669 -0.0000
vn 0.6424 0.7663 -0.0000
vn 0.6432 0.7657 -0.0000
vn 0.6442 0.7649 -0.0000
vn 0.6404 0.7680 -0.0000
vn 0.6372 0.7707 -0.0000
vn 0.6392 0.7691 -0.0000
vn 0.6407 0.7678 -0.0000
vn 0.6420 0.7667 -0.0000
vn 0.6433 0.7656 -0.0000
vn 0.6446 0.7645 -0.0000
vn 0.6460 0.7633 -0.0000
vn 0.6477 0.7619 -0.0000
vn 0.6497 0.7602 -0.0000
vn 0.6524 0.7579 -0.0000
vn 0.6562 0.7546 -0.0000
vn 0.9290 -0.3701 -0.0000
vn -0.0406 -0.9992 -0.0000
vn -0.0422 -0.9991 -0.0000
vn -0.0433 -0.9991 -0.0000
vn -0.0441 -0.9990 -0.0000
vn -0.0448 -0.9990 -0.0000
vn -0.0454 -0.9990 -0.0000
vn -0.0461 -0.9989 -0.0000
vn -0.0469 -0.9989 -0.0000
vn -0.0480 -0.9988 -0.0000
vn -0.0495 -0.9988 -0.0000
vn -0.0520 -0.9986 -0.0000
vn -0.0513 -0.9987 -0.0000
vn -0.0526 -0.9986 -0.0000
vn -0.0598 -0.9982 -0.0000
vn -0.0671 -0.9977 -0.0000
vn -0.0744 -0.9972 -0.0000
vn -0.0819 -0.9966 -0.0000
vn -0.0896 -0.9960 -0.0000
vn -0.0974 -0.9952 -0.0000
vn -0.1055 -0.9944 -0.0000
vn -0.1139 -0.9935 -0.0000
vn -0.1227 -0.9924 -0.0000
vn -0.1319 -0.9913 -0.0000
vn 0.6433 -0.7656 -0.0000
vn 0.6766 0.7364 -0.0000
vn -0.1122 0.9937 -0.0000
vn -0.0970 0.9953 -0.0000
vn -0.0835 0.9965 -0.0000
vn -0.0714 0.9974 -0.0000
vn -0.0605 0.9982 -0.0000
vn -0.0506 0.9987 -0.0000
vn -0.0413 0.9991 -0.0000
vn -0.0326 0.9995 -0.0000
vn -0.0243 0.9997 -0.0000
vn -0.0162 0.9999 -0.0000
vn -0.0082 1.0000 -0.0000
vn 0.0027 1.0000 -0.0000
vn -0.7436 0.6686 -0.0000
vn -0.7593 0.6508 -0.0000
vn -0.7737 0.6335 -0.0000
vn -0.7875 0.6164 -0.0000
vn -0.8008 0.5989 -0.0000
vn -0.8142 0.5806 -0.0000
vn -0.8278 0.5610 -0.0000
vn -0.8422 0.5391 -0.0000
vn -0.8577 0.5142 -0.0000
vn -0.8747 0.4846 -0.0000
vn -0.8939 0.4483 -0.0000
vn -0.9560 -0.2933 -0.0000
vn 0.3001 -0.9539 -0.0000
vn 0.9015 -0.4328 -0.0000
vn 0.8855 -0.4646 -0.0000
vn 0.8580 -0.5136 -0.0000
vn 0.8456 -0.5338 -0.0000
vn 0.8335 -0.5525 -0.0000
vn 0.8214 -0.5703 -0.0000
vn 0.8089 -0.5879 -0.0000
vn 0.7957 -0.6057 -0.0000
vn 0.7812 -0.6243 -0.0000
vn 0.7649 -0.6442 -0.0000
vn 0.9845 0.1756 -0.0000
vn -0.1603 0.9871 -0.0000
vn -0.9999 0.0122 -0.0000
vn -0.9982 0.0594 -0.0000
vn -0.9890 0.1482 -0.0000
vn -0.9605 0.2783 -0.0000
vn -0.8935 0.4491 -0.0000
vn -0.7708 0.6370 -0.0000
vn -0.6014 0.7989 -0.0000
vn -0.4235 0.9059 -0.0000
vn -0.2729 0.9620 -0.0000
vn -0.1614 0.9869 -0.0000
vn -0.0846 0.9964 -0.0000
vn -0.0340 0.9994 -0.0000
vn -0.0070 1.0000 -0.0000
vn -0.0000 1.0000 -0.0000
vn 0.1140 0.9935 -0.0000
vn 0.2772 0.9608 -0.0000
vn 0.4854 0.8743 -0.0000
vn 0.6911 0.7228 -0.0000
vn 0.8419 0.5397 -0.0000
vn 0.9271 0.3749 -0.0000
vn 0.9678 0.2516 -0.0000
vn 0.9859 0.1673 -0.0000
vn 0.9937 0.1122 -0.0000
vn 0.9970 0.0772 -0.0000
vn 0.9984 0.0558 -0.0000
vn 0.4355 0.9002 -0.0000
vn -0.5605 0.8281 -0.0000
vn -0.5193 0.8546 -0.0000
vn -0.4833 0.8754 -0.0000
vn -0.4509 0.8926 -0.0000
vn -0.4208 0.9072 -0.0000
vn -0.3918 0.9201 -0.0000
vn -0.3630 0.9318 -0.0000
vn -0.3332 0.9428 -0.0000
vn -0.3015 0.9535 -0.0000
vn -0.2664 0.9639 -0.0000
vn -0.2259 0.9742 -0.0000
vn -0.8002 0.5997 -0.0000
vn -0.9955 -0.0952 -0.0000
vn -0.9908 -0.1354 -0.0000
vn -0.9809 -0.1946 -0.0000
vn -0.9604 -0.2785 -0.0000
vn -0.9198 -0.3923 -0.0000
vn -0.8451 -0.5346 -0.0000
vn -0.7239 -0.6899 -0.0000
vn -0.5604 -0.8282 -0.0000
vn -0.3817 -0.9243 -0.0000
vn -0.2206 -0.9754 -0.0000
vn -0.0944 -0.9955 -0.0000
vn -0.0000 -1.0000 -0.0000
vn 0.0109 -0.9999 -0.0000
vn 0.0502 -0.9987 -0.0000
vn 0.1191 -0.9929 -0.0000
vn 0.2145 -0.9767 -0.0000
vn 0.3406 -0.9402 -0.0000
vn 0.4937 -0.8696 -0.0000
vn 0.6561 -0.7546 -0.0000
vn 0.7991 -0.6012 -0.0000
vn 0.9006 -0.4346 -0.0000
vn 0.9592 -0.2828 -0.0000
vn 0.9871 -0.1604 -0.0000
vn 0.9976 -0.0687 -0.0000
vn 0.9999 -0.0150 -0.0000
vn -0.9999 0.0160 -0.0000
vn -0.9969 0.0791 -0.0000
vn -0.9798 0.1998 -0.0000
vn -0.9280 0.3727 -0.0000
vn -0.8165 0.5774 -0.0000
vn -0.6465 0.7630 -0.0000
vn -0.4598 0.8880 -0.0000
vn -0.3009 0.9537 -0.0000
vn -0.1848 0.9828 -0.0000
vn -0.1060 0.9944 -0.0000
vn -0.0543 0.9985 -0.0000
vn -0.0214 0.9998 -0.0000
vn -0.0044 1.0000 -0.0000
vn 0.0148 0.9999 -0.0000
vn 0.0751 0.9972 -0.0000
vn 0.1942 0.9810 -0.0000
vn 0.3681 0.9298 -0.0000
vn 0.5740 0.8189 -0.0000
vn 0.7586 0.6516 -0.0000
vn 0.8816 0.4720 -0.0000
vn 0.9465 0.3226 -0.0000
vn 0.9765 0.2155 -0.0000
vn 0.9896 0.1441 -0.0000
vn 0.9952 0.0982 -0.0000
vn 0.9976 0.0697 -0.0000
vn 0.4464 0.8949 -0.0000
vn -0.5297 0.8482 -0.0000
vn -0.4863 0.8738 -0.0000
vn -0.4504 0.8928 -0.0000
vn -0.4196 0.9077 -0.0000
vn -0.3926 0.9197 -0.0000
vn -0.3679 0.9299 -0.0000
vn -0.3447 0.9387 -0.0000
vn -0.3221 0.9467 -0.0000
vn -0.2991 0.9542 -0.0000
vn -0.2748 0.9615 -0.0000
vn -0.2477 0.9688 -0.0000
vn -0.8146 0.5801 -0.0000
vn -0.9929 -0.1190 -0.0000
vn -0.9852 -0.1716 -0.0000
vn -0.9693 -0.2460 -0.0000
vn -0.9378 -0.3472 -0.0000
vn -0.8792 -0.4765 -0.0000
vn -0.7809 -0.6247 -0.0000
vn -0.6400 -0.7683 -0.0000
vn -0.4736 -0.8807 -0.0000
vn -0.3114 -0.9503 -0.0000
vn -0.1761 -0.9844 -0.0000
vn -0.0745 -0.9972 -0.0000
vn -0.0161 -0.9999 -0.0000
vn 0.0089 -1.0000 -0.0000
vn 0.0413 -0.9991 -0.0000
vn 0.0993 -0.9951 -0.0000
vn 0.1820 -0.9833 -0.0000
vn 0.2957 -0.9553 -0.0000
vn 0.4418 -0.8971 -0.0000
vn 0.6082 -0.7938 -0.0000
vn 0.7657 -0.6432 -0.0000
vn 0.8837 -0.4681 -0.0000
vn 0.9531 -0.3026 -0.0000
vn 0.9856 -0.1689 -0.0000
vn 0.9975 -0.0709 -0.0000
vn 0.9999 -0.0152 -0.0000
vn -0.9067 -0.4219 -0.0000
vn -0.9104 -0.4137 -0.0000
vn -0.9129 -0.4082 -0.0000
vn -0.9144 -0.4049 -0.0000
vn -0.9150 -0.4035 -0.0000
vn -0.9149 -0.4037 -0.0000
vn -0.9140 -0.4057 -0.0000
vn -0.9123 -0.4095 -0.0000
vn -0.9098 -0.4151 -0.0000
vn -0.9061 -0.4231 -0.0000
vn -0.9010 -0.4337 -0.0000
vn -0.3232 -0.9463 -0.0000
vn 0.9613 -0.2755 -0.0000
vn 0.8575 0.5145 -0.0000
vn 0.8711 0.4910 -0.0000
vn 0.8817 0.4719 -0.0000
vn 0.8900 0.4560 -0.0000
vn 0.8966 0.4428 -0.0000
vn 0.9021 0.4316 -0.0000
vn 0.9065 0.4222 -0.0000
vn 0.9102 0.4142 -0.0000
vn 0.9132 0.4074 -0.0000
vn 0.9157 0.4019 -0.0000
vn 0.9176 0.3974 -0.0000
vn 0.3567 0.9342 -0.0000
vn -0.9402 0.3407 -0.0000
vn -0.8190 0.5737 -0.0000
vn -0.8257 0.5642 -0.0000
vn -0.8318 0.5551 -0.0000
vn -0.8376 0.5463 -0.0000
vn -0.8434 0.5374 -0.0000
vn -0.8492 0.5281 -0.0000
vn -0.8552 0.5182 -0.0000
vn -0.8618 0.5073 -0.0000
vn -0.8690 0.4948 -0.0000
vn -0.8772 0.4801 -0.0000
vn -0.8869 0.4619 -0.0000
vn -0.9505 -0.3106 -0.0000
vn 0.3245 -0.9459 -0.0000
vn 0.8988 -0.4384 -0.0000
vn 0.8873 -0.4612 -0.0000
vn 0.8778 -0.4790 -0.0000
vn 0.8699 -0.4933 -0.0000
vn 0.8630 -0.5052 -0.0000
vn 0.8570 -0.5153 -0.0000
vn 0.8517 -0.5240 -0.0000
vn 0.8469 -0.5318 -0.0000
vn 0.8424 -0.5389 -0.0000
vn 0.8381 -0.5455 -0.0000
vn 0.8340 -0.5518 -0.0000
vn 0.9598 0.2808 -0.0000
vn -0.2669 0.9637 -0.0000
vn -0.9982 -0.0602 -0.0000
vn -0.9968 -0.0802 -0.0000
vn -0.9952 -0.0983 -0.0000
vn -0.9933 -0.1155 -0.0000
vn -0.9912 -0.1324 -0.0000
vn -0.9888 -0.1495 -0.0000
vn -0.9859 -0.1673 -0.0000
vn -0.9782 -0.2077 -0.0000
vn -0.9727 -0.2319 -0.0000
vn -0.9655 -0.2602 -0.0000
vn -0.4662 -0.8847 -0.0000
vn 0.8904 -0.4551 -0.0000
vn 0.9595 0.2817 -0.0000
vn 0.9684 0.2494 -0.0000
vn 0.9749 0.2228 -0.0000
vn 0.9797 0.2004 -0.0000
vn 0.9835 0.1810 -0.0000
vn 0.9865 0.1638 -0.0000
vn 0.9890 0.1482 -0.0000
vn 0.9910 0.1336 -0.0000
vn 0.9928 0.1197 -0.0000
vn 0.9944 0.1059 -0.0000
vn 0.9958 0.0917 -0.0000
vn 0.6278 0.7784 -0.0000
vn -0.7674 0.6412 -0.0000
vn -0.9455 0.3257 -0.0000
vn -0.9494 0.3142 -0.0000
vn -0.9529 0.3033 -0.0000
vn -0.9562 0.2928 -0.0000
vn -0.9593 0.2823 -0.0000
vn -0.9625 0.2714 -0.0000
vn -0.9657 0.2598 -0.0000
vn -0.9690 0.2469 -0.0000
vn -0.9727 0.2321 -0.0000
vn -0.9768 0.2143 -0.0000
vn -0.9814 0.1922 -0.0000
vn -0.8753 -0.4836 -0.0000
vn 0.4963 -0.8681 -0.0000
vn 0.9866 -0.1634 -0.0000
vn 0.9826 -0.1857 -0.0000
vn 0.9790 -0.2039 -0.0000
vn 0.9756 -0.2194 -0.0000
vn 0.9725 -0.2331 -0.0000
vn 0.9694 -0.2456 -0.0000
vn 0.9663 -0.2575 -0.0000
vn 0.9631 -0.2691 -0.0000
vn 0.9598 -0.2808 -0.0000
vn 0.9561 -0.2931 -0.0000
vn 0.9519 -0.3063 -0.0000
vn 0.8897 0.4566 -0.0000
vn -0.4478 0.8941 -0.0000
vn -0.9419 -0.3360 -0.0000
vn -0.6385 0.7696 -0.0000
vn -0.6493 0.7605 -0.0000
vn -0.6594 0.7518 -0.0000
vn -0.6692 0.7431 -0.0000
vn -0.6788 0.7343 -0.0000
vn -0.6886 0.7251 -0.0000
vn -0.6990 0.7151 -0.0000
vn -0.7102 0.7040 -0.0000
vn -0.7228 0.6910 -0.0000
vn -0.7375 0.6754 -0.0000
vn -0.7551 0.6556 -0.0000
vn -0.9952 -0.0977 -0.0000
vn 0.1145 -0.9934 -0.0000
vn 0.7764 -0.6303 -0.0000
vn 0.7586 -0.6515 -0.0000
vn 0.7437 -0.6685 -0.0000
vn 0.7305 -0.6829 -0.0000
vn 0.7185 -0.6955 -0.0000
vn 0.6960 -0.7181 -0.0000
vn 0.6845 -0.7290 -0.0000
vn 0.6724 -0.7401 -0.0000
vn 0.6592 -0.7520 -0.0000
vn 0.6441 -0.7649 -0.0000
vn 0.9994 0.0358 -0.0000
vn 0.9527 -0.3040 -0.0000
vn 0.9412 -0.3378 -0.0000
vn 0.9380 -0.3465 -0.0000
vn 0.9350 -0.3548 -0.0000
vn 0.9319 -0.3626 -0.0000
vn 0.9289 -0.3703 -0.0000
vn 0.9258 -0.3779 -0.0000
vn 0.9227 -0.3856 -0.0000
vn 0.9193 -0.3935 -0.0000
vn 0.9158 -0.4017 -0.0000
vn 0.9119 -0.4104 -0.0000
vn 0.9076 -0.4198 -0.0000
vn 0.8894 0.4572 -0.0000
vn -0.4419 0.8971 -0.0000
vn -0.8931 0.4500 -0.0000
vn -0.8982 0.4396 -0.0000
vn -0.9028 0.4301 -0.0000
vn -0.9069 0.4214 -0.0000
vn -0.9106 0.4132 -0.0000
vn -0.9141 0.4054 -0.0000
vn -0.9174 0.3979 -0.0000
vn -0.9206 0.3905 -0.0000
vn -0.9237 0.3830 -0.0000
vn -0.9269 0.3754 -0.0000
vn -0.9301 0.3674 -0.0000
vn -0.5642 0.8256 -0.0000
vn 0.8165 0.5774 -0.0000
vn -0.8910 -0.4541 -0.0000
vn -0.8925 -0.4510 -0.0000
vn -0.8932 -0.4497 -0.0000
vn -0.8930 -0.4501 -0.0000
vn -0.8919 -0.4523 -0.0000
vn -0.8898 -0.4563 -0.0000
vn -0.8867 -0.4623 -0.0000
vn -0.8825 -0.4702 -0.0000
vn -0.8771 -0.4803 -0.0000
vn -0.8703 -0.4926 -0.0000
vn -0.8618 -0.5073 -0.0000
vn -0.8704 0.4923 -0.0000
vn 0.8031 0.5958 -0.0000
vn 0.9543 -0.2987 -0.0000
vn 0.9493 -0.3145 -0.0000
vn 0.9448 -0.3277 -0.0000
vn 0.9407 -0.3393 -0.0000
vn 0.9368 -0.3498 -0.0000
vn 0.9332 -0.3594 -0.0000
vn 0.9295 -0.3687 -0.0000
vn 0.9259 -0.3779 -0.0000
vn 0.9220 -0.3872 -0.0000
vn 0.9179 -0.3969 -0.0000
vn 0.9132 -0.4075 -0.0000
vn 0.9047 0.4260 -0.0000
vn -0.3998 0.9166 -0.0000
vn -0.8890 0.4579 -0.0000
vn -0.8956 0.4448 -0.0000
vn -0.9015 0.4327 -0.0000
vn -0.9119 0.4103 -0.0000
vn -0.9168 0.3992 -0.0000
vn -0.9218 0.3878 -0.0000
vn -0.9268 0.3755 -0.0000
vn -0.9323 0.3618 -0.0000
vn -0.9383 0.3459 -0.0000
vn -0.9451 0.3267 -0.0000
vn -0.8915 -0.4530 -0.0000
vn -0.9881 0.1539 -0.0000
vn 0.5232 0.8522 -0.0000
vn 0.8943 0.4474 -0.0000
vn 0.8992 0.4375 -0.0000
vn 0.9038 0.4280 -0.0000
vn 0.9081 0.4187 -0.0000
vn 0.9124 0.4094 -0.0000
vn 0.9166 0.3998 -0.0000
vn 0.9210 0.3896 -0.0000
vn 0.9256 0.3786 -0.0000
vn 0.9305 0.3663 -0.0000
vn 0.9359 0.3522 -0.0000
vn 0.9420 0.3357 -0.0000
vn 0.4779 0.8784 -0.0000
vn -0.9099 0.4149 -0.0000
vt 0.640625 0.000000
vt 0.546875 0.000000
vt 0.643750 0.000000
vt 0.646875 0.000000
vt 0.543750 0.000000
vt 0.553125 0.000000
vt 0.550000 0.000000
vt 0.540625 0.000000
vt 0.534375 0.000000
vt 0.531250 0.000000
vt 0.537500 0.000000
vt 0.528125 0.000000
vt 0.637500 0.000000
vt 0.634375 0.000000
vt 0.556250 0.000000
vt 0.559375 0.000000
vt 0.562500 0.000000
vt 0.565625 0.000000
vt 0.521875 0.000000
vt 0.446875 0.000000
vt 0.525000 0.000000
vt 0.631250 0.000000
vt 0.568750 0.000000
vt 0.628125 0.000000
vt 0.450000 0.000000
vt 0.571875 0.000000
vt 0.625000 0.000000
vt 0.437500 0.000000
vt 0.443750 0.000000
vt 0.440625 0.000000
vt 0.518750 0.000000
vt 0.575000 0.000000
vt 0.356250 0.000000
vt 0.362500 0.000000
vt 0.359375 0.000000
vt 0.093750 0.000000
vt 0.453125 0.000000
vt 0.621875 0.000000
vt 0.434375 0.000000
vt 0.578125 0.000000
vt 0.515625 0.000000
vt 0.456250 0.000000
vt 0.618750 0.000000
vt 0.581250 0.000000
vt 0.365625 0.000000
vt 0.431250 0.000000
vt 0.512500 0.000000
vt 0.615625 0.000000
vt 0.584375 0.000000
vt 0.459375 0.000000
vt 0.368750 0.000000
vt 0.428125 0.000000
vt 0.587500 0.000000
vt 0.612500 0.000000
vt 0.509375 0.000000
vt 0.371875 0.000000
vt 0.462500 0.000000
vt 0.590625 0.000000
vt 0.425000 0.000000
vt 0.609375 0.000000
vt 0.593750 0.000000
vt 0.506250 0.000000
vt 0.375000 0.000000
vt 0.606250 0.000000
vt 0.465625 0.000000
vt 0.603125 0.000000
vt 0.600000 0.000000
vt 0.596875 0.000000
vt 0.421875 0.000000
vt 0.203125 0.000000
vt 0.209375 0.000000
vt 0.206250 0.000000
vt 0.503125 0.000000
vt 0.212500 0.000000
vt 0.378125 0.000000
vt 0.215625 0.000000
vt 0.468750 0.000000
vt 0.218750 0.000000
vt 0.418750 0.000000
vt 0.221875 0.000000
vt 0.225000 0.000000
vt 0.228125 0.000000
vt 0.231250 0.000000
vt 0.200000 0.000000
vt 0.234375 0.000000
vt 0.500000 0.000000
vt 0.237500 0.000000
vt 0.381250 0.000000
vt 0.240625 0.000000
vt 0.471875 0.000000
vt 0.243750 0.000000
vt 0.246875 0.000000
vt 0.415625 0.000000
vt 0.196875 0.000000
vt 0.496875 0.000000
vt 0.384375 0.000000
vt 0.475000 0.000000
vt 0.412500 0.000000
vt 0.193750 0.000000
vt 0.250000 0.000000
vt 0.493750 0.000000
vt 0.478125 0.000000
vt 0.387500 0.000000
vt 0.409375 0.000000
vt 0.190625 0.000000
vt 0.353125 0.000000
vt 0.096875 0.000000
vt 0.481250 0.000000
vt 0.187500 0.000000
vt 0.490625 0.000000
vt 0.100000 0.000000
vt 0.253125 0.000000
vt 0.390625 0.000000
vt 0.406250 0.000000
vt 0.103125 0.000000
vt 0.184375 0.000000
vt 0.106250 0.000000
vt 0.350000 0.000000
vt 0.487500 0.000000
vt 0.484375 0.000000
vt 0.109375 0.000000
vt 0.181250 0.000000
vt 0.112500 0.000000
vt 0.178125 0.000000
vt 0.115625 0.000000
vt 0.393750 0.000000
vt 0.403125 0.000000
vt 0.118750 0.000000
vt 0.175000 0.000000
vt 0.256250 0.000000
vt 0.121875 0.000000
vt 0.171875 0.000000
vt 0.125000 0.000000
vt 0.128125 0.000000
vt 0.168750 0.000000
vt 0.131250 0.000000
vt 0.134375 0.000000
vt 0.137500 0.000000
vt 0.140625 0.000000
vt 0.143750 0.000000
vt 0.146875 0.000000
vt 0.150000 0.000000
vt 0.153125 0.000000
vt 0.156250 0.000000
vt 0.159375 0.000000
vt 0.162500 0.000000
vt 0.165625 0.000000
vt 0.346875 0.000000
vt 0.400000 0.000000
vt 0.396875 0.000000
vt 0.259375 0.000000
vt 0.343750 0.000000
vt 0.262500 0.000000
vt 0.340625 0.000000
vt 0.265625 0.000000
vt 0.337500 0.000000
vt 0.334375 0.000000
vt 0.268750 0.000000
vt 0.331250 0.000000
vt 0.271875 0.000000
vt 0.328125 0.000000
vt 0.275000 0.000000
vt 0.325000 0.000000
vt 0.278125 0.000000
vt 0.321875 0.000000
vt 0.281250 0.000000
vt 0.318750 0.000000
vt 0.315625 0.000000
vt 0.312500 0.000000
vt 0.309375 0.000000
vt 0.306250 0.000000
vt 0.303125 0.000000
vt 0.300000 0.000000
vt 0.296875 0.000000
vt 0.293750 0.000000
vt 0.290625 0.000000
vt 0.287500 0.000000
vt 0.284375 0.000000
vt 0.653125 0.000000
vt 0.659375 0.000000
vt 0.656250 0.000000
vt 0.650000 0.000000
vt 0.734375 0.000000
vt 0.740625 0.000000
vt 0.737500 0.000000
vt 0.662500 0.000000
vt 0.731250 0.000000
vt 0.665625 0.000000
vt 0.728125 0.000000
vt 0.668750 0.000000
vt 0.725000 0.000000
vt 0.671875 0.000000
vt 0.721875 0.000000
vt 0.675000 0.000000
vt 0.718750 0.000000
vt 0.678125 0.000000
vt 0.715625 0.000000
vt 0.681250 0.000000
vt 0.712500 0.000000
vt 0.684375 0.000000
vt 0.709375 0.000000
vt 0.687500 0.000000
vt 0.706250 0.000000
vt 0.690625 0.000000
vt 0.703125 0.000000
vt 0.693750 0.000000
vt 0.700000 0.000000
vt 0.696875 0.000000
vt 0.993750 0.000000
vt 1.000000 0.000000
vt 0.996875 0.000000
vt 0.912500 0.000000
vt 0.918750 0.000000
vt 0.915625 0.000000
vt 0.990625 0.000000
vt 0.921875 0.000000
vt 0.987500 0.000000
vt 0.825000 0.000000
vt 0.925000 0.000000
vt 0.909375 0.000000
vt 0.818750 0.000000
vt 0.743750 0.000000
vt 0.821875 0.000000
vt 0.984375 0.000000
vt 0.828125 0.000000
vt 0.928125 0.000000
vt 0.906250 0.000000
vt 0.831250 0.000000
vt 0.981250 0.000000
vt 0.903125 0.000000
vt 0.931250 0.000000
vt 0.815625 0.000000
vt 0.746875 0.000000
vt 0.834375 0.000000
vt 0.900000 0.000000
vt 0.934375 0.000000
vt 0.978125 0.000000
vt 0.837500 0.000000
vt 0.896875 0.000000
vt 0.937500 0.000000
vt 0.975000 0.000000
vt 0.812500 0.000000
vt 0.750000 0.000000
vt 0.840625 0.000000
vt 0.893750 0.000000
vt 0.940625 0.000000
vt 0.971875 0.000000
vt 0.843750 0.000000
vt 0.890625 0.000000
vt 0.943750 0.000000
vt 0.968750 0.000000
vt 0.846875 0.000000
vt 0.887500 0.000000
vt 0.809375 0.000000
vt 0.946875 0.000000
vt 0.753125 0.000000
vt 0.850000 0.000000
vt 0.884375 0.000000
vt 0.950000 0.000000
vt 0.965625 0.000000
vt 0.953125 0.000000
vt 0.853125 0.000000
vt 0.881250 0.000000
vt 0.962500 0.000000
vt 0.806250 0.000000
vt 0.756250 0.000000
vt 0.956250 0.000000
vt 0.856250 0.000000
vt 0.878125 0.000000
vt 0.959375 0.000000
vt 0.859375 0.000000
vt 0.875000 0.000000
vt 0.868750 0.000000
vt 0.871875 0.000000
vt 0.862500 0.000000
vt 0.865625 0.000000
vt 0.803125 0.000000
vt 0.759375 0.000000
vt 0.762500 0.000000
vt 0.800000 0.000000
vt 0.765625 0.000000
vt 0.796875 0.000000
vt 0.768750 0.000000
vt 0.793750 0.000000
vt 0.771875 0.000000
vt 0.790625 0.000000
vt 0.775000 0.000000
vt 0.787500 0.000000
vt 0.778125 0.000000
vt 0.784375 0.000000
vt 0.781250 0.000000
vt 0.034375 0.000000
vt 0.040625 0.000000
vt 0.037500 0.000000
vt 0.043750 0.000000
vt 0.031250 0.000000
vt 0.046875 0.000000
vt 0.028125 0.000000
vt 0.050000 0.000000
vt 0.025000 0.000000
vt 0.053125 0.000000
vt 0.021875 0.000000
vt 0.056250 0.000000
vt 0.018750 0.000000
vt 0.015625 0.000000
vt 0.059375 0.000000
vt 0.012500 0.000000
vt 0.062500 0.000000
vt 0.009375 0.000000
vt 0.065625 0.000000
vt 0.006250 0.000000
vt 0.068750 0.000000
vt 0.003125 0.000000
vt 0.071875 0.000000
vt 0.000000 0.000000
vt 0.075000 0.000000
vt 0.090625 0.000000
vt 0.084375 0.000000
vt 0.087500 0.000000
vt 0.078125 0.000000
vt 0.081250 0.000000
vt 0.077465 0.000000
vt 0.091549 0.000000
vt 0.084507 0.000000
vt 0.070423 0.000000
vt 0.105634 0.000000
vt 0.119718 0.000000
vt 0.112676 0.000000
vt 0.098592 0.000000
vt 0.133803 0.000000
vt 0.147887 0.000000
vt 0.140845 0.000000
vt 0.126761 0.000000
vt 0.323944 0.000000
vt 0.154930 0.000000
vt 0.330986 0.000000
vt 0.161972 0.000000
vt 0.169014 0.000000
vt 0.176056 0.000000
vt 0.316901 0.000000
vt 0.183099 0.000000
vt 0.309859 0.000000
vt 0.190141 0.000000
vt 0.302817 0.000000
vt 0.197183 0.000000
vt 0.295775 0.000000
vt 0.204225 0.000000
vt 0.288732 0.000000
vt 0.211268 0.000000
vt 0.281690 0.000000
vt 0.218310 0.000000
vt 0.274648 0.000000
vt 0.225352 0.000000
vt 0.267606 0.000000
vt 0.232394 0.000000
vt 0.260563 0.000000
vt 0.253521 0.000000
vt 0.246479 0.000000
vt 0.239437 0.000000
vt 0.985915 0.000000
vt 0.992958 0.000000
vt 0.978873 0.000000
vt 0.338028 0.000000
vt 0.971831 0.000000
vt 0.957747 0.000000
vt 0.359155 0.000000
vt 0.964789 0.000000
vt 0.352113 0.000000
vt 0.366197 0.000000
vt 0.345070 0.000000
vt 0.612676 0.000000
vt 0.626761 0.000000
vt 0.619718 0.000000
vt 0.633803 0.000000
vt 0.640845 0.000000
vt 0.647887 0.000000
vt 0.654930 0.000000
vt 0.661972 0.000000
vt 0.669014 0.000000
vt 0.676056 0.000000
vt 0.683099 0.000000
vt 0.690141 0.000000
vt 0.697183 0.000000
vt 0.704225 0.000000
vt 0.711268 0.000000
vt 0.605634 0.000000
vt 0.598592 0.000000
vt 0.718310 0.000000
vt 0.591549 0.000000
vt 0.725352 0.000000
vt 0.584507 0.000000
vt 0.950704 0.000000
vt 0.373239 0.000000
vt 0.577465 0.000000
vt 0.380282 0.000000
vt 0.732394 0.000000
vt 0.387324 0.000000
vt 0.570423 0.000000
vt 0.943662 0.000000
vt 0.394366 0.000000
vt 0.563380 0.000000
vt 0.401408 0.000000
vt 0.408451 0.000000
vt 0.556338 0.000000
vt 0.739437 0.000000
vt 0.415493 0.000000
vt 0.549296 0.000000
vt 0.936620 0.000000
vt 0.422535 0.000000
vt 0.429577 0.000000
vt 0.542253 0.000000
vt 0.436620 0.000000
vt 0.443662 0.000000
vt 0.535211 0.000000
vt 0.450704 0.000000
vt 0.457746 0.000000
vt 0.464789 0.000000
vt 0.471831 0.000000
vt 0.478873 0.000000
vt 0.485915 0.000000
vt 0.492958 0.000000
vt 0.507042 0.000000
vt 0.514085 0.000000
vt 0.521127 0.000000
vt 0.528169 0.000000
vt 0.929577 0.000000
vt 0.746479 0.000000
vt 0.922535 0.000000
vt 0.753521 0.000000
vt 0.915493 0.000000
vt 0.760563 0.000000
vt 0.908451 0.000000
vt 0.767606 0.000000
vt 0.901408 0.000000
vt 0.894366 0.000000
vt 0.774648 0.000000
vt 0.887324 0.000000
vt 0.781690 0.000000
vt 0.880282 0.000000
vt 0.788732 0.000000
vt 0.873239 0.000000
vt 0.866197 0.000000
vt 0.859155 0.000000
vt 0.852113 0.000000
vt 0.845070 0.000000
vt 0.838028 0.000000
vt 0.830986 0.000000
vt 0.823944 0.000000
vt 0.816901 0.000000
vt 0.809859 0.000000
vt 0.802817 0.000000
vt 0.795775 0.000000
vt 0.021127 0.000000
vt 0.056338 0.000000
vt 0.028169 0.000000
vt 0.035211 0.000000
vt 0.049296 0.000000
vt 0.063380 0.000000
vt 0.042254 0.000000
vt 0.007042 0.000000
vt 0.014085 0.000000
vt 0.263158 0.000000
vt 0.270677 0.000000
vt 0.266917 0.000000
vt 0.259398 0.000000
vt 0.255639 0.000000
vt 0.251880 0.000000
vt 0.248120 0.000000
vt 0.244361 0.000000
vt 0.240602 0.000000
vt 0.236842 0.000000
vt 0.233083 0.000000
vt 0.229323 0.000000
vt 0.225564 0.000000
vt 0.221805 0.000000
vt 0.218045 0.000000
vt 0.214286 0.000000
vt 0.210526 0.000000
vt 0.206767 0.000000
vt 0.203008 0.000000
vt 0.199248 0.000000
vt 0.195489 0.000000
vt 0.951128 0.000000
vt 0.958647 0.000000
vt 0.954887 0.000000
vt 0.191729 0.000000
vt 0.962406 0.000000
vt 0.966165 0.000000
vt 0.187970 0.000000
vt 0.969925 0.000000
vt 0.973684 0.000000
vt 0.184211 0.000000
vt 0.977444 0.000000
vt 0.981203 0.000000
vt 0.180451 0.000000
vt 0.984962 0.000000
vt 0.988722 0.000000
vt 0.992481 0.000000
vt 0.996241 0.000000
vt 0.947368 0.000000
vt 0.943609 0.000000
vt 0.939850 0.000000
vt 0.936090 0.000000
vt 0.932331 0.000000
vt 0.928571 0.000000
vt 0.924812 0.000000
vt 0.921053 0.000000
vt 0.274436 0.000000
vt 0.917293 0.000000
vt 0.278196 0.000000
vt 0.913534 0.000000
vt 0.281955 0.000000
vt 0.909774 0.000000
vt 0.285714 0.000000
vt 0.902256 0.000000
vt 0.898496 0.000000
vt 0.894737 0.000000
vt 0.890977 0.000000
vt 0.887218 0.000000
vt 0.883459 0.000000
vt 0.289474 0.000000
vt 0.879699 0.000000
vt 0.875940 0.000000
vt 0.872180 0.000000
vt 0.868421 0.000000
vt 0.864662 0.000000
vt 0.860902 0.000000
vt 0.293233 0.000000
vt 0.296992 0.000000
vt 0.857143 0.000000
vt 0.300752 0.000000
vt 0.304511 0.000000
vt 0.308271 0.000000
vt 0.312030 0.000000
vt 0.853383 0.000000
vt 0.906015 0.000000
vt 0.315789 0.000000
vt 0.319549 0.000000
vt 0.849624 0.000000
vt 0.323308 0.000000
vt 0.845865 0.000000
vt 0.327068 0.000000
vt 0.330827 0.000000
vt 0.842105 0.000000
vt 0.334586 0.000000
vt 0.838346 0.000000
vt 0.834586 0.000000
vt 0.338346 0.000000
vt 0.830827 0.000000
vt 0.342105 0.000000
vt 0.827068 0.000000
vt 0.345865 0.000000
vt 0.823308 0.000000
vt 0.349624 0.000000
vt 0.819549 0.000000
vt 0.353383 0.000000
vt 0.815789 0.000000
vt 0.812030 0.000000
vt 0.357143 0.000000
vt 0.808271 0.000000
vt 0.402256 0.000000
vt 0.409774 0.000000
vt 0.406015 0.000000
vt 0.398496 0.000000
vt 0.394737 0.000000
vt 0.390977 0.000000
vt 0.387218 0.000000
vt 0.413534 0.000000
vt 0.383459 0.000000
vt 0.360902 0.000000
vt 0.379699 0.000000
vt 0.375940 0.000000
vt 0.804511 0.000000
vt 0.417293 0.000000
vt 0.372180 0.000000
vt 0.368421 0.000000
vt 0.364662 0.000000
vt 0.421053 0.000000
vt 0.800752 0.000000
vt 0.424812 0.000000
vt 0.796992 0.000000
vt 0.721804 0.000000
vt 0.428571 0.000000
vt 0.725564 0.000000
vt 0.718045 0.000000
vt 0.793233 0.000000
vt 0.729323 0.000000
vt 0.714286 0.000000
vt 0.432331 0.000000
vt 0.733083 0.000000
vt 0.710526 0.000000
vt 0.706767 0.000000
vt 0.736842 0.000000
vt 0.789474 0.000000
vt 0.703008 0.000000
vt 0.740601 0.000000
vt 0.436090 0.000000
vt 0.699248 0.000000
vt 0.744361 0.000000
vt 0.785714 0.000000
vt 0.695489 0.000000
vt 0.748120 0.000000
vt 0.439850 0.000000
vt 0.781955 0.000000
vt 0.691729 0.000000
vt 0.751880 0.000000
vt 0.443609 0.000000
vt 0.687970 0.000000
vt 0.778196 0.000000
vt 0.755639 0.000000
vt 0.684211 0.000000
vt 0.774436 0.000000
vt 0.447368 0.000000
vt 0.759399 0.000000
vt 0.770677 0.000000
vt 0.680451 0.000000
vt 0.451128 0.000000
vt 0.763158 0.000000
vt 0.766917 0.000000
vt 0.676692 0.000000
vt 0.582707 0.000000
vt 0.590226 0.000000
vt 0.586466 0.000000
vt 0.578947 0.000000
vt 0.593985 0.000000
vt 0.575188 0.000000
vt 0.672932 0.000000
vt 0.597744 0.000000
vt 0.454887 0.000000
vt 0.571429 0.000000
vt 0.601504 0.000000
vt 0.567669 0.000000
vt 0.605263 0.000000
vt 0.669173 0.000000
vt 0.563910 0.000000
vt 0.609023 0.000000
vt 0.560150 0.000000
vt 0.665414 0.000000
vt 0.458647 0.000000
vt 0.556391 0.000000
vt 0.176692 0.000000
vt 0.612782 0.000000
vt 0.172932 0.000000
vt 0.003759 0.000000
vt 0.169173 0.000000
vt 0.007519 0.000000
vt 0.661654 0.000000
vt 0.165414 0.000000
vt 0.011278 0.000000
vt 0.552632 0.000000
vt 0.015038 0.000000
vt 0.616541 0.000000
vt 0.161654 0.000000
vt 0.018797 0.000000
vt 0.157895 0.000000
vt 0.022556 0.000000
vt 0.657895 0.000000
vt 0.548872 0.000000
vt 0.462406 0.000000
vt 0.026316 0.000000
vt 0.154135 0.000000
vt 0.620301 0.000000
vt 0.030075 0.000000
vt 0.654135 0.000000
vt 0.545113 0.000000
vt 0.150376 0.000000
vt 0.033835 0.000000
vt 0.037594 0.000000
vt 0.624060 0.000000
vt 0.650376 0.000000
vt 0.146617 0.000000
vt 0.541353 0.000000
vt 0.041353 0.000000
vt 0.466165 0.000000
vt 0.045113 0.000000
vt 0.646617 0.000000
vt 0.142857 0.000000
vt 0.537594 0.000000
vt 0.627820 0.000000
vt 0.048872 0.000000
vt 0.642857 0.000000
vt 0.139098 0.000000
vt 0.052632 0.000000
vt 0.469925 0.000000
vt 0.639098 0.000000
vt 0.533835 0.000000
vt 0.631579 0.000000
vt 0.056391 0.000000
vt 0.135338 0.000000
vt 0.635338 0.000000
vt 0.060150 0.000000
vt 0.530075 0.000000
vt 0.063910 0.000000
vt 0.473684 0.000000
vt 0.131579 0.000000
vt 0.067669 0.000000
vt 0.526316 0.000000
vt 0.071429 0.000000
vt 0.075188 0.000000
vt 0.127820 0.000000
vt 0.078947 0.000000
vt 0.124060 0.000000
vt 0.120301 0.000000
vt 0.116541 0.000000
vt 0.112782 0.000000
vt 0.082707 0.000000
vt 0.477444 0.000000
vt 0.109023 0.000000
vt 0.105263 0.000000
vt 0.101504 0.000000
vt 0.097744 0.000000
vt 0.086466 0.000000
vt 0.093985 0.000000
vt 0.090226 0.000000
vt 0.522556 0.000000
vt 0.518797 0.000000
vt 0.481203 0.000000
vt 0.515038 0.000000
vt 0.484962 0.000000
vt 0.511278 0.000000
vt 0.488722 0.000000
vt 0.507519 0.000000
vt 0.503759 0.000000
vt 0.492481 0.000000
vt 0.496241 0.000000
vt 0.995798 0.000000
vt 0.894958 0.000000
vt 0.899160 0.000000
vt 0.903361 0.000000
vt 0.991597 0.000000
vt 0.907563 0.000000
vt 0.987395 0.000000
vt 0.911765 0.000000
vt 0.983193 0.000000
vt 0.915966 0.000000
vt 0.978992 0.000000
vt 0.920168 0.000000
vt 0.974790 0.000000
vt 0.924370 0.000000
vt 0.970588 0.000000
vt 0.966387 0.000000
vt 0.932773 0.000000
vt 0.962185 0.000000
vt 0.936975 0.000000
vt 0.941176 0.000000
vt 0.957983 0.000000
vt 0.953781 0.000000
vt 0.949580 0.000000
vt 0.945378 0.000000
vt 0.159664 0.000000
vt 0.168067 0.000000
vt 0.163866 0.000000
vt 0.268908 0.000000
vt 0.277311 0.000000
vt 0.273109 0.000000
vt 0.172269 0.000000
vt 0.264706 0.000000
vt 0.176471 0.000000
vt 0.260504 0.000000
vt 0.281513 0.000000
vt 0.155462 0.000000
vt 0.180672 0.000000
vt 0.151261 0.000000
vt 0.256303 0.000000
vt 0.184874 0.000000
vt 0.147059 0.000000
vt 0.289916 0.000000
vt 0.189076 0.000000
vt 0.252101 0.000000
vt 0.294118 0.000000
vt 0.193277 0.000000
vt 0.247899 0.000000
vt 0.138655 0.000000
vt 0.298319 0.000000
vt 0.197479 0.000000
vt 0.243697 0.000000
vt 0.134454 0.000000
vt 0.302521 0.000000
vt 0.201681 0.000000
vt 0.239496 0.000000
vt 0.130252 0.000000
vt 0.306723 0.000000
vt 0.205882 0.000000
vt 0.310924 0.000000
vt 0.126050 0.000000
vt 0.235294 0.000000
vt 0.210084 0.000000
vt 0.315126 0.000000
vt 0.121849 0.000000
vt 0.231092 0.000000
vt 0.319328 0.000000
vt 0.117647 0.000000
vt 0.218487 0.000000
vt 0.226891 0.000000
vt 0.323529 0.000000
vt 0.113445 0.000000
vt 0.222689 0.000000
vt 0.327731 0.000000
vt 0.109244 0.000000
vt 0.100840 0.000000
vt 0.105042 0.000000
vt 0.331933 0.000000
vt 0.336134 0.000000
vt 0.096639 0.000000
vt 0.092437 0.000000
vt 0.340336 0.000000
vt 0.344538 0.000000
vt 0.088235 0.000000
vt 0.348740 0.000000
vt 0.084034 0.000000
vt 0.352941 0.000000
vt 0.079832 0.000000
vt 0.075630 0.000000
vt 0.361345 0.000000
vt 0.365546 0.000000
vt 0.067227 0.000000
vt 0.369748 0.000000
vt 0.063025 0.000000
vt 0.373950 0.000000
vt 0.058824 0.000000
vt 0.378151 0.000000
vt 0.054622 0.000000
vt 0.382353 0.000000
vt 0.050420 0.000000
vt 0.386555 0.000000
vt 0.411765 0.000000
vt 0.390756 0.000000
vt 0.403361 0.000000
vt 0.042017 0.000000
vt 0.407563 0.000000
vt 0.394958 0.000000
vt 0.037815 0.000000
vt 0.399160 0.000000
vt 0.046218 0.000000
vt 0.033613 0.000000
vt 0.878151 0.000000
vt 0.886555 0.000000
vt 0.882353 0.000000
vt 0.873950 0.000000
vt 0.890756 0.000000
vt 0.008403 0.000000
vt 0.004202 0.000000
vt 0.869748 0.000000
vt 0.012605 0.000000
vt 0.025210 0.000000
vt 0.021008 0.000000
vt 0.029412 0.000000
vt 0.016807 0.000000
vt 0.865546 0.000000
vt 0.415966 0.000000
vt 0.861345 0.000000
vt 0.420168 0.000000
vt 0.424370 0.000000
vt 0.432773 0.000000
vt 0.852941 0.000000
vt 0.436975 0.000000
vt 0.441176 0.000000
vt 0.848740 0.000000
vt 0.445378 0.000000
vt 0.449580 0.000000
vt 0.844538 0.000000
vt 0.453782 0.000000
vt 0.457983 0.000000
vt 0.840336 0.000000
vt 0.462185 0.000000
vt 0.466387 0.000000
vt 0.836134 0.000000
vt 0.764706 0.000000
vt 0.768908 0.000000
vt 0.760504 0.000000
vt 0.756303 0.000000
vt 0.773109 0.000000
vt 0.752101 0.000000
vt 0.470588 0.000000
vt 0.777311 0.000000
vt 0.747899 0.000000
vt 0.831933 0.000000
vt 0.743697 0.000000
vt 0.781513 0.000000
vt 0.474790 0.000000
vt 0.739496 0.000000
vt 0.478992 0.000000
vt 0.827731 0.000000
vt 0.735294 0.000000
vt 0.558824 0.000000
vt 0.567227 0.000000
vt 0.563025 0.000000
vt 0.483193 0.000000
vt 0.554622 0.000000
vt 0.731092 0.000000
vt 0.789916 0.000000
vt 0.550420 0.000000
vt 0.487395 0.000000
vt 0.546219 0.000000
vt 0.542017 0.000000
vt 0.491597 0.000000
vt 0.823529 0.000000
vt 0.726891 0.000000
vt 0.575630 0.000000
vt 0.537815 0.000000
vt 0.495798 0.000000
vt 0.533613 0.000000
vt 0.529412 0.000000
vt 0.794118 0.000000
vt 0.525210 0.000000
vt 0.504202 0.000000
vt 0.722689 0.000000
vt 0.521008 0.000000
vt 0.579832 0.000000
vt 0.508403 0.000000
vt 0.516807 0.000000
vt 0.512605 0.000000
vt 0.819328 0.000000
vt 0.718487 0.000000
vt 0.584034 0.000000
vt 0.798319 0.000000
vt 0.588235 0.000000
vt 0.815126 0.000000
vt 0.810924 0.000000
vt 0.806723 0.000000
vt 0.802521 0.000000
vt 0.710084 0.000000
vt 0.592437 0.000000
vt 0.596639 0.000000
vt 0.705882 0.000000
vt 0.600840 0.000000
vt 0.701681 0.000000
vt 0.605042 0.000000
vt 0.697479 0.000000
vt 0.609244 0.000000
vt 0.693277 0.000000
vt 0.613445 0.000000
vt 0.689076 0.000000
vt 0.617647 0.000000
vt 0.684874 0.000000
vt 0.621849 0.000000
vt 0.626050 0.000000
vt 0.630252 0.000000
vt 0.680672 0.000000
vt 0.634454 0.000000
vt 0.638655 0.000000
vt 0.676471 0.000000
vt 0.647059 0.000000
vt 0.672269 0.000000
vt 0.651260 0.000000
vt 0.655462 0.000000
vt 0.668067 0.000000
vt 0.659664 0.000000
vt 0.663866 0.000000
vt 0.000000 1.000000
vt 0.038462 1.000000
vt 0.038462 0.000000
vt 0.076923 1.000000
vt 0.076923 0.000000
vt 0.115385 1.000000
vt 0.115385 0.000000
vt 0.153846 1.000000
vt 0.153846 0.000000
vt 0.192308 1.000000
vt 0.192308 0.000000
vt 0.230769 1.000000
vt 0.230769 0.000000
vt 0.269231 1.000000
vt 0.269231 0.000000
vt 0.307692 1.000000
vt 0.307692 0.000000
vt 0.346154 1.000000
vt 0.346154 0.000000
vt 0.384615 1.000000
vt 0.384615 0.000000
vt 0.423077 1.000000
vt 0.423077 0.000000
vt 0.461538 1.000000
vt 0.461538 0.000000
vt 0.500000 1.000000
vt 0.538462 1.000000
vt 0.538462 0.000000
vt 0.576923 1.000000
vt 0.576923 0.000000
vt 0.615385 1.000000
vt 0.615385 0.000000
vt 0.653846 1.000000
vt 0.653846 0.000000
vt 0.692308 1.000000
vt 0.692308 0.000000
vt 0.730769 1.000000
vt 0.730769 0.000000
vt 0.769231 1.000000
vt 0.769231 0.000000
vt 0.807692 1.000000
vt 0.807692 0.000000
vt 0.846154 1.000000
vt 0.846154 0.000000
vt 0.884615 1.000000
vt 0.884615 0.000000
vt 0.923077 1.000000
vt 0.923077 0.000000
vt 0.961538 1.000000
vt 0.961538 0.000000
vt 1.000000 1.000000
vt 0.250000 1.000000
vt 0.750000 1.000000
vt 0.011494 1.000000
vt 0.011494 0.000000
vt 0.022989 1.000000
vt 0.022989 0.000000
vt 0.034483 1.000000
vt 0.034483 0.000000
vt 0.045977 1.000000
vt 0.045977 0.000000
vt 0.057471 1.000000
vt 0.057471 0.000000
vt 0.068966 1.000000
vt 0.068966 0.000000
vt 0.080460 1.000000
vt 0.080460 0.000000
vt 0.091954 1.000000
vt 0.091954 0.000000
vt 0.103448 1.000000
vt 0.103448 0.000000
vt 0.114943 1.000000
vt 0.114943 0.000000
vt 0.126437 1.000000
vt 0.126437 0.000000
vt 0.137931 1.000000
vt 0.137931 0.000000
vt 0.149425 1.000000
vt 0.149425 0.000000
vt 0.160920 1.000000
vt 0.160920 0.000000
vt 0.172414 1.000000
vt 0.172414 0.000000
vt 0.183908 1.000000
vt 0.183908 0.000000
vt 0.195402 1.000000
vt 0.195402 0.000000
vt 0.206897 1.000000
vt 0.206897 0.000000
vt 0.218391 1.000000
vt 0.218391 0.000000
vt 0.229885 1.000000
vt 0.229885 0.000000
vt 0.241379 1.000000
vt 0.241379 0.000000
vt 0.252874 1.000000
vt 0.252874 0.000000
vt 0.264368 1.000000
vt 0.264368 0.000000
vt 0.275862 1.000000
vt 0.275862 0.000000
vt 0.287356 1.000000
vt 0.287356 0.000000
vt 0.298851 1.000000
vt 0.298851 0.000000
vt 0.310345 1.000000
vt 0.310345 0.000000
vt 0.321839 1.000000
vt 0.321839 0.000000
vt 0.333333 1.000000
vt 0.333333 0.000000
vt 0.344828 1.000000
vt 0.344828 0.000000
vt 0.356322 1.000000
vt 0.356322 0.000000
vt 0.367816 1.000000
vt 0.367816 0.000000
vt 0.379310 1.000000
vt 0.379310 0.000000
vt 0.390805 1.000000
vt 0.390805 0.000000
vt 0.402299 1.000000
vt 0.402299 0.000000
vt 0.413793 1.000000
vt 0.413793 0.000000
vt 0.425287 1.000000
vt 0.425287 0.000000
vt 0.436782 1.000000
vt 0.436782 0.000000
vt 0.448276 1.000000
vt 0.448276 0.000000
vt 0.459770 1.000000
vt 0.459770 0.000000
vt 0.471264 1.000000
vt 0.471264 0.000000
vt 0.482759 1.000000
vt 0.482759 0.000000
vt 0.494253 1.000000
vt 0.494253 0.000000
vt 0.505747 1.000000
vt 0.505747 0.000000
vt 0.517241 1.000000
vt 0.517241 0.000000
vt 0.528736 1.000000
vt 0.528736 0.000000
vt 0.540230 1.000000
vt 0.540230 0.000000
vt 0.551724 1.000000
vt 0.551724 0.000000
vt 0.563218 1.000000
vt 0.563218 0.000000
vt 0.574713 1.000000
vt 0.574713 0.000000
vt 0.586207 1.000000
vt 0.586207 0.000000
vt 0.597701 1.000000
vt 0.597701 0.000000
vt 0.609195 1.000000
vt 0.609195 0.000000
vt 0.620690 1.000000
vt 0.620690 0.000000
vt 0.632184 1.000000
vt 0.632184 0.000000
vt 0.643678 1.000000
vt 0.643678 0.000000
vt 0.655172 1.000000
vt 0.655172 0.000000
vt 0.666667 1.000000
vt 0.666667 0.000000
vt 0.678161 1.000000
vt 0.678161 0.000000
vt 0.689655 1.000000
vt 0.689655 0.000000
vt 0.701149 1.000000
vt 0.701149 0.000000
vt 0.712644 1.000000
vt 0.712644 0.000000
vt 0.724138 1.000000
vt 0.724138 0.000000
vt 0.735632 1.000000
vt 0.735632 0.000000
vt 0.747126 1.000000
vt 0.747126 0.000000
vt 0.758621 1.000000
vt 0.758621 0.000000
vt 0.770115 1.000000
vt 0.770115 0.000000
vt 0.781609 1.000000
vt 0.781609 0.000000
vt 0.793103 1.000000
vt 0.793103 0.000000
vt 0.804598 1.000000
vt 0.804598 0.000000
vt 0.816092 1.000000
vt 0.816092 0.000000
vt 0.827586 1.000000
vt 0.827586 0.000000
vt 0.839080 1.000000
vt 0.839080 0.000000
vt 0.850575 1.000000
vt 0.850575 0.000000
vt 0.862069 1.000000
vt 0.862069 0.000000
vt 0.873563 1.000000
vt 0.873563 0.000000
vt 0.885057 1.000000
vt 0.885057 0.000000
vt 0.896552 1.000000
vt 0.896552 0.000000
vt 0.908046 1.000000
vt 0.908046 0.000000
vt 0.919540 1.000000
vt 0.919540 0.000000
vt 0.931035 1.000000
vt 0.931035 0.000000
vt 0.942529 1.000000
vt 0.942529 0.000000
vt 0.954023 1.000000
vt 0.954023 0.000000
vt 0.965517 1.000000
vt 0.965517 0.000000
vt 0.977012 1.000000
vt 0.977012 0.000000
vt 0.988506 1.000000
vt 0.988506 0.000000
vt 0.008772 1.000000
vt 0.008772 0.000000
vt 0.017544 1.000000
vt 0.017544 0.000000
vt 0.026316 1.000000
vt 0.035088 1.000000
vt 0.035088 0.000000
vt 0.043860 1.000000
vt 0.043860 0.000000
vt 0.052632 1.000000
vt 0.061404 1.000000
vt 0.061404 0.000000
vt 0.070175 1.000000
vt 0.070175 0.000000
vt 0.078947 1.000000
vt 0.087719 1.000000
vt 0.087719 0.000000
vt 0.096491 1.000000
vt 0.096491 0.000000
vt 0.105263 1.000000
vt 0.114035 1.000000
vt 0.114035 0.000000
vt 0.122807 1.000000
vt 0.122807 0.000000
vt 0.131579 1.000000
vt 0.140351 1.000000
vt 0.140351 0.000000
vt 0.149123 1.000000
vt 0.149123 0.000000
vt 0.157895 1.000000
vt 0.166667 1.000000
vt 0.166667 0.000000
vt 0.175439 1.000000
vt 0.175439 0.000000
vt 0.184211 1.000000
vt 0.192982 1.000000
vt 0.192982 0.000000
vt 0.201754 1.000000
vt 0.201754 0.000000
vt 0.210526 1.000000
vt 0.219298 1.000000
vt 0.219298 0.000000
vt 0.228070 1.000000
vt 0.228070 0.000000
vt 0.236842 1.000000
vt 0.245614 1.000000
vt 0.245614 0.000000
vt 0.254386 1.000000
vt 0.254386 0.000000
vt 0.263158 1.000000
vt 0.271930 1.000000
vt 0.271930 0.000000
vt 0.280702 1.000000
vt 0.280702 0.000000
vt 0.289474 1.000000
vt 0.298246 1.000000
vt 0.298246 0.000000
vt 0.307018 1.000000
vt 0.307018 0.000000
vt 0.315789 1.000000
vt 0.324561 1.000000
vt 0.324561 0.000000
vt 0.342105 1.000000
vt 0.350877 1.000000
vt 0.350877 0.000000
vt 0.359649 1.000000
vt 0.359649 0.000000
vt 0.368421 1.000000
vt 0.377193 1.000000
vt 0.377193 0.000000
vt 0.385965 1.000000
vt 0.385965 0.000000
vt 0.394737 1.000000
vt 0.403509 1.000000
vt 0.403509 0.000000
vt 0.412281 1.000000
vt 0.412281 0.000000
vt 0.421053 1.000000
vt 0.429825 1.000000
vt 0.429825 0.000000
vt 0.438596 1.000000
vt 0.438596 0.000000
vt 0.447368 1.000000
vt 0.456140 1.000000
vt 0.456140 0.000000
vt 0.464912 1.000000
vt 0.464912 0.000000
vt 0.473684 1.000000
vt 0.482456 1.000000
vt 0.482456 0.000000
vt 0.491228 1.000000
vt 0.491228 0.000000
vt 0.508772 1.000000
vt 0.508772 0.000000
vt 0.517544 1.000000
vt 0.517544 0.000000
vt 0.526316 1.000000
vt 0.535088 1.000000
vt 0.535088 0.000000
vt 0.543860 1.000000
vt 0.543860 0.000000
vt 0.552632 1.000000
vt 0.561404 1.000000
vt 0.561404 0.000000
vt 0.570175 1.000000
vt 0.570175 0.000000
vt 0.578947 1.000000
vt 0.587719 1.000000
vt 0.587719 0.000000
vt 0.596491 1.000000
vt 0.596491 0.000000
vt 0.605263 1.000000
vt 0.614035 1.000000
vt 0.614035 0.000000
vt 0.622807 1.000000
vt 0.622807 0.000000
vt 0.631579 1.000000
vt 0.640351 1.000000
vt 0.640351 0.000000
vt 0.649123 1.000000
vt 0.649123 0.000000
vt 0.657895 1.000000
vt 0.675439 1.000000
vt 0.675439 0.000000
vt 0.684211 1.000000
vt 0.692982 1.000000
vt 0.692982 0.000000
vt 0.701754 1.000000
vt 0.701754 0.000000
vt 0.710526 1.000000
vt 0.719298 1.000000
vt 0.719298 0.000000
vt 0.728070 1.000000
vt 0.728070 0.000000
vt 0.736842 1.000000
vt 0.745614 1.000000
vt 0.745614 0.000000
vt 0.754386 1.000000
vt 0.754386 0.000000
vt 0.763158 1.000000
vt 0.771930 1.000000
vt 0.771930 0.000000
vt 0.780702 1.000000
vt 0.780702 0.000000
vt 0.789474 1.000000
vt 0.798246 1.000000
vt 0.798246 0.000000
vt 0.807018 1.000000
vt 0.807018 0.000000
vt 0.815789 1.000000
vt 0.824561 1.000000
vt 0.824561 0.000000
vt 0.833333 1.000000
vt 0.833333 0.000000
vt 0.842105 1.000000
vt 0.850877 1.000000
vt 0.850877 0.000000
vt 0.859649 1.000000
vt 0.859649 0.000000
vt 0.868421 1.000000
vt 0.877193 1.000000
vt 0.877193 0.000000
vt 0.885965 1.000000
vt 0.885965 0.000000
vt 0.894737 1.000000
vt 0.903509 1.000000
vt 0.903509 0.000000
vt 0.912281 1.000000
vt 0.912281 0.000000
vt 0.921053 1.000000
vt 0.929825 1.000000
vt 0.929825 0.000000
vt 0.938596 1.000000
vt 0.938596 0.000000
vt 0.947368 1.000000
vt 0.956140 1.000000
vt 0.956140 0.000000
vt 0.964912 1.000000
vt 0.964912 0.000000
vt 0.973684 1.000000
vt 0.982456 1.000000
vt 0.982456 0.000000
vt 0.991228 1.000000
vt 0.991228 0.000000
vt 0.020833 1.000000
vt 0.020833 0.000000
vt 0.041667 1.000000
vt 0.041667 0.000000
vt 0.062500 1.000000
vt 0.083333 1.000000
vt 0.083333 0.000000
vt 0.104167 1.000000
vt 0.104167 0.000000
vt 0.125000 1.000000
vt 0.145833 1.000000
vt 0.145833 0.000000
vt 0.187500 1.000000
vt 0.208333 1.000000
vt 0.208333 0.000000
vt 0.229167 1.000000
vt 0.229167 0.000000
vt 0.270833 1.000000
vt 0.270833 0.000000
vt 0.291667 1.000000
vt 0.291667 0.000000
vt 0.312500 1.000000
vt 0.354167 1.000000
vt 0.354167 0.000000
vt 0.375000 1.000000
vt 0.395833 1.000000
vt 0.395833 0.000000
vt 0.416667 1.000000
vt 0.416667 0.000000
vt 0.437500 1.000000
vt 0.458333 1.000000
vt 0.458333 0.000000
vt 0.479167 1.000000
vt 0.479167 0.000000
vt 0.520833 1.000000
vt 0.520833 0.000000
vt 0.541667 1.000000
vt 0.541667 0.000000
vt 0.562500 1.000000
vt 0.583333 1.000000
vt 0.583333 0.000000
vt 0.604167 1.000000
vt 0.604167 0.000000
vt 0.625000 1.000000
vt 0.645833 1.000000
vt 0.645833 0.000000
vt 0.687500 1.000000
vt 0.708333 1.000000
vt 0.708333 0.000000
vt 0.729167 1.000000
vt 0.729167 0.000000
vt 0.770833 1.000000
vt 0.770833 0.000000
vt 0.791667 1.000000
vt 0.791667 0.000000
vt 0.812500 1.000000
vt 0.854167 1.000000
vt 0.854167 0.000000
vt 0.875000 1.000000
vt 0.895833 1.000000
vt 0.895833 0.000000
vt 0.916667 1.000000
vt 0.916667 0.000000
vt 0.937500 1.000000
vt 0.958333 1.000000
vt 0.958333 0.000000
vt 0.979167 1.000000
vt 0.979167 0.000000
vt 0.004566 1.000000
vt 0.004566 0.000000
vt 0.009132 1.000000
vt 0.009132 0.000000
vt 0.013699 1.000000
vt 0.013699 0.000000
vt 0.018265 1.000000
vt 0.018265 0.000000
vt 0.022831 1.000000
vt 0.022831 0.000000
vt 0.027397 1.000000
vt 0.027397 0.000000
vt 0.031963 1.000000
vt 0.031963 0.000000
vt 0.036530 1.000000
vt 0.036530 0.000000
vt 0.041096 1.000000
vt 0.041096 0.000000
vt 0.045662 1.000000
vt 0.045662 0.000000
vt 0.050228 1.000000
vt 0.050228 0.000000
vt 0.054795 1.000000
vt 0.054795 0.000000
vt 0.059361 1.000000
vt 0.059361 0.000000
vt 0.063927 1.000000
vt 0.063927 0.000000
vt 0.068493 1.000000
vt 0.068493 0.000000
vt 0.073059 1.000000
vt 0.073059 0.000000
vt 0.077626 1.000000
vt 0.077626 0.000000
vt 0.082192 1.000000
vt 0.082192 0.000000
vt 0.086758 1.000000
vt 0.086758 0.000000
vt 0.091324 1.000000
vt 0.091324 0.000000
vt 0.095890 1.000000
vt 0.095890 0.000000
vt 0.100457 1.000000
vt 0.100457 0.000000
vt 0.105023 1.000000
vt 0.105023 0.000000
vt 0.109589 1.000000
vt 0.109589 0.000000
vt 0.114155 1.000000
vt 0.114155 0.000000
vt 0.118721 1.000000
vt 0.118721 0.000000
vt 0.123288 1.000000
vt 0.123288 0.000000
vt 0.127854 1.000000
vt 0.127854 0.000000
vt 0.132420 1.000000
vt 0.132420 0.000000
vt 0.136986 1.000000
vt 0.136986 0.000000
vt 0.141553 1.000000
vt 0.141553 0.000000
vt 0.146119 1.000000
vt 0.146119 0.000000
vt 0.150685 1.000000
vt 0.150685 0.000000
vt 0.155251 1.000000
vt 0.155251 0.000000
vt 0.159817 1.000000
vt 0.159817 0.000000
vt 0.164384 1.000000
vt 0.164384 0.000000
vt 0.168950 1.000000
vt 0.168950 0.000000
vt 0.173516 1.000000
vt 0.173516 0.000000
vt 0.178082 1.000000
vt 0.178082 0.000000
vt 0.182648 1.000000
vt 0.182648 0.000000
vt 0.187215 1.000000
vt 0.187215 0.000000
vt 0.191781 1.000000
vt 0.191781 0.000000
vt 0.196347 1.000000
vt 0.196347 0.000000
vt 0.200913 1.000000
vt 0.200913 0.000000
vt 0.205479 1.000000
vt 0.205479 0.000000
vt 0.210046 1.000000
vt 0.210046 0.000000
vt 0.214612 1.000000
vt 0.214612 0.000000
vt 0.219178 1.000000
vt 0.219178 0.000000
vt 0.223744 1.000000
vt 0.223744 0.000000
vt 0.228310 1.000000
vt 0.228310 0.000000
vt 0.232877 1.000000
vt 0.232877 0.000000
vt 0.237443 1.000000
vt 0.237443 0.000000
vt 0.242009 1.000000
vt 0.242009 0.000000
vt 0.246575 1.000000
vt 0.246575 0.000000
vt 0.251142 1.000000
vt 0.251142 0.000000
vt 0.255708 1.000000
vt 0.255708 0.000000
vt 0.260274 1.000000
vt 0.260274 0.000000
vt 0.264840 1.000000
vt 0.264840 0.000000
vt 0.269406 1.000000
vt 0.269406 0.000000
vt 0.273973 1.000000
vt 0.273973 0.000000
vt 0.278539 1.000000
vt 0.278539 0.000000
vt 0.283105 1.000000
vt 0.283105 0.000000
vt 0.287671 1.000000
vt 0.287671 0.000000
vt 0.292237 1.000000
vt 0.292237 0.000000
vt 0.296804 1.000000
vt 0.296804 0.000000
vt 0.301370 1.000000
vt 0.301370 0.000000
vt 0.305936 1.000000
vt 0.305936 0.000000
vt 0.310502 1.000000
vt 0.310502 0.000000
vt 0.315068 1.000000
vt 0.315068 0.000000
vt 0.319635 1.000000
vt 0.319635 0.000000
vt 0.324201 1.000000
vt 0.324201 0.000000
vt 0.328767 1.000000
vt 0.328767 0.000000
vt 0.337900 1.000000
vt 0.337900 0.000000
vt 0.342466 1.000000
vt 0.342466 0.000000
vt 0.347032 1.000000
vt 0.347032 0.000000
vt 0.351598 1.000000
vt 0.351598 0.000000
vt 0.356164 1.000000
vt 0.356164 0.000000
vt 0.360731 1.000000
vt 0.360731 0.000000
vt 0.365297 1.000000
vt 0.365297 0.000000
vt 0.369863 1.000000
vt 0.369863 0.000000
vt 0.374429 1.000000
vt 0.374429 0.000000
vt 0.378995 1.000000
vt 0.378995 0.000000
vt 0.383562 1.000000
vt 0.383562 0.000000
vt 0.388128 1.000000
vt 0.388128 0.000000
vt 0.392694 1.000000
vt 0.392694 0.000000
vt 0.397260 1.000000
vt 0.397260 0.000000
vt 0.401826 1.000000
vt 0.401826 0.000000
vt 0.406393 1.000000
vt 0.406393 0.000000
vt 0.410959 1.000000
vt 0.410959 0.000000
vt 0.415525 1.000000
vt 0.415525 0.000000
vt 0.420091 1.000000
vt 0.420091 0.000000
vt 0.424658 1.000000
vt 0.424658 0.000000
vt 0.429224 1.000000
vt 0.429224 0.000000
vt 0.433790 1.000000
vt 0.433790 0.000000
vt 0.438356 1.000000
vt 0.438356 0.000000
vt 0.442922 1.000000
vt 0.442922 0.000000
vt 0.447489 1.000000
vt 0.447489 0.000000
vt 0.452055 1.000000
vt 0.452055 0.000000
vt 0.456621 1.000000
vt 0.456621 0.000000
vt 0.461187 1.000000
vt 0.461187 0.000000
vt 0.465753 1.000000
vt 0.465753 0.000000
vt 0.470320 1.000000
vt 0.470320 0.000000
vt 0.474886 1.000000
vt 0.474886 0.000000
vt 0.479452 1.000000
vt 0.479452 0.000000
vt 0.484018 1.000000
vt 0.484018 0.000000
vt 0.488584 1.000000
vt 0.488584 0.000000
vt 0.493151 1.000000
vt 0.493151 0.000000
vt 0.497717 1.000000
vt 0.497717 0.000000
vt 0.502283 1.000000
vt 0.502283 0.000000
vt 0.506849 1.000000
vt 0.506849 0.000000
vt 0.511416 1.000000
vt 0.511416 0.000000
vt 0.515982 1.000000
vt 0.515982 0.000000
vt 0.520548 1.000000
vt 0.520548 0.000000
vt 0.525114 1.000000
vt 0.525114 0.000000
vt 0.529680 1.000000
vt 0.529680 0.000000
vt 0.534247 1.000000
vt 0.534247 0.000000
vt 0.538813 1.000000
vt 0.538813 0.000000
vt 0.543379 1.000000
vt 0.543379 0.000000
vt 0.547945 1.000000
vt 0.547945 0.000000
vt 0.552511 1.000000
vt 0.552511 0.000000
vt 0.557078 1.000000
vt 0.557078 0.000000
vt 0.561644 1.000000
vt 0.561644 0.000000
vt 0.566210 1.000000
vt 0.566210 0.000000
vt 0.570776 1.000000
vt 0.570776 0.000000
vt 0.575342 1.000000
vt 0.575342 0.000000
vt 0.579909 1.000000
vt 0.579909 0.000000
vt 0.584475 1.000000
vt 0.584475 0.000000
vt 0.589041 1.000000
vt 0.589041 0.000000
vt 0.593607 1.000000
vt 0.593607 0.000000
vt 0.598173 1.000000
vt 0.598173 0.000000
vt 0.602740 1.000000
vt 0.602740 0.000000
vt 0.607306 1.000000
vt 0.607306 0.000000
vt 0.611872 1.000000
vt 0.611872 0.000000
vt 0.616438 1.000000
vt 0.616438 0.000000
vt 0.621005 1.000000
vt 0.621005 0.000000
vt 0.625571 1.000000
vt 0.625571 0.000000
vt 0.630137 1.000000
vt 0.630137 0.000000
vt 0.634703 1.000000
vt 0.634703 0.000000
vt 0.639269 1.000000
vt 0.639269 0.000000
vt 0.643836 1.000000
vt 0.643836 0.000000
vt 0.648402 1.000000
vt 0.648402 0.000000
vt 0.652968 1.000000
vt 0.652968 0.000000
vt 0.657534 1.000000
vt 0.657534 0.000000
vt 0.662100 1.000000
vt 0.662100 0.000000
vt 0.671233 1.000000
vt 0.671233 0.000000
vt 0.675799 1.000000
vt 0.675799 0.000000
vt 0.680365 1.000000
vt 0.680365 0.000000
vt 0.684932 1.000000
vt 0.684932 0.000000
vt 0.689498 1.000000
vt 0.689498 0.000000
vt 0.694064 1.000000
vt 0.694064 0.000000
vt 0.698630 1.000000
vt 0.698630 0.000000
vt 0.703196 1.000000
vt 0.703196 0.000000
vt 0.707763 1.000000
vt 0.707763 0.000000
vt 0.712329 1.000000
vt 0.712329 0.000000
vt 0.716895 1.000000
vt 0.716895 0.000000
vt 0.721461 1.000000
vt 0.721461 0.000000
vt 0.726027 1.000000
vt 0.726027 0.000000
vt 0.730594 1.000000
vt 0.730594 0.000000
vt 0.735160 1.000000
vt 0.735160 0.000000
vt 0.739726 1.000000
vt 0.739726 0.000000
vt 0.744292 1.000000
vt 0.744292 0.000000
vt 0.748858 1.000000
vt 0.748858 0.000000
vt 0.753425 1.000000
vt 0.753425 0.000000
vt 0.757991 1.000000
vt 0.757991 0.000000
vt 0.762557 1.000000
vt 0.762557 0.000000
vt 0.767123 1.000000
vt 0.767123 0.000000
vt 0.771689 1.000000
vt 0.771689 0.000000
vt 0.776256 1.000000
vt 0.776256 0.000000
vt 0.780822 1.000000
vt 0.780822 0.000000
vt 0.785388 1.000000
vt 0.785388 0.000000
vt 0.789954 1.000000
vt 0.789954 0.000000
vt 0.794521 1.000000
vt 0.794521 0.000000
vt 0.799087 1.000000
vt 0.799087 0.000000
vt 0.803653 1.000000
vt 0.803653 0.000000
vt 0.808219 1.000000
vt 0.808219 0.000000
vt 0.812785 1.000000
vt 0.812785 0.000000
vt 0.817352 1.000000
vt 0.817352 0.000000
vt 0.821918 1.000000
vt 0.821918 0.000000
vt 0.826484 1.000000
vt 0.826484 0.000000
vt 0.831050 1.000000
vt 0.831050 0.000000
vt 0.835616 1.000000
vt 0.835616 0.000000
vt 0.840183 1.000000
vt 0.840183 0.000000
vt 0.844749 1.000000
vt 0.844749 0.000000
vt 0.849315 1.000000
vt 0.849315 0.000000
vt 0.853881 1.000000
vt 0.853881 0.000000
vt 0.858447 1.000000
vt 0.858447 0.000000
vt 0.863014 1.000000
vt 0.863014 0.000000
vt 0.867580 1.000000
vt 0.867580 0.000000
vt 0.872146 1.000000
vt 0.872146 0.000000
vt 0.876712 1.000000
vt 0.876712 0.000000
vt 0.881279 1.000000
vt 0.881279 0.000000
vt 0.885845 1.000000
vt 0.885845 0.000000
vt 0.890411 1.000000
vt 0.890411 0.000000
vt 0.894977 1.000000
vt 0.894977 0.000000
vt 0.899543 1.000000
vt 0.899543 0.000000
vt 0.904110 1.000000
vt 0.904110 0.000000
vt 0.908676 1.000000
vt 0.908676 0.000000
vt 0.913242 1.000000
vt 0.913242 0.000000
vt 0.917808 1.000000
vt 0.917808 0.000000
vt 0.922374 1.000000
vt 0.922374 0.000000
vt 0.926941 1.000000
vt 0.926941 0.000000
vt 0.931507 1.000000
vt 0.931507 0.000000
vt 0.936073 1.000000
vt 0.936073 0.000000
vt 0.940639 1.000000
vt 0.940639 0.000000
vt 0.945205 1.000000
vt 0.945205 0.000000
vt 0.949772 1.000000
vt 0.949772 0.000000
vt 0.954338 1.000000
vt 0.954338 0.000000
vt 0.958904 1.000000
vt 0.958904 0.000000
vt 0.963470 1.000000
vt 0.963470 0.000000
vt 0.968037 1.000000
vt 0.968037 0.000000
vt 0.972603 1.000000
vt 0.972603 0.000000
vt 0.977169 1.000000
vt 0.977169 0.000000
vt 0.981735 1.000000
vt 0.981735 0.000000
vt 0.986301 1.000000
vt 0.986301 0.000000
vt 0.990868 1.000000
vt 0.990868 0.000000
vt 0.995434 1.000000
vt 0.995434 0.000000
vt 0.010526 1.000000
vt 0.010526 0.000000
vt 0.021053 1.000000
vt 0.021053 0.000000
vt 0.031579 1.000000
vt 0.031579 0.000000
vt 0.042105 1.000000
vt 0.042105 0.000000
vt 0.063158 1.000000
vt 0.063158 0.000000
vt 0.073684 1.000000
vt 0.073684 0.000000
vt 0.084211 1.000000
vt 0.084211 0.000000
vt 0.094737 1.000000
vt 0.094737 0.000000
vt 0.115789 1.000000
vt 0.115789 0.000000
vt 0.126316 1.000000
vt 0.126316 0.000000
vt 0.136842 1.000000
vt 0.136842 0.000000
vt 0.147368 1.000000
vt 0.147368 0.000000
vt 0.168421 1.000000
vt 0.168421 0.000000
vt 0.178947 1.000000
vt 0.178947 0.000000
vt 0.189474 1.000000
vt 0.189474 0.000000
vt 0.200000 1.000000
vt 0.221053 1.000000
vt 0.221053 0.000000
vt 0.231579 1.000000
vt 0.231579 0.000000
vt 0.242105 1.000000
vt 0.242105 0.000000
vt 0.252632 1.000000
vt 0.252632 0.000000
vt 0.273684 1.000000
vt 0.273684 0.000000
vt 0.284211 1.000000
vt 0.284211 0.000000
vt 0.294737 1.000000
vt 0.294737 0.000000
vt 0.305263 1.000000
vt 0.305263 0.000000
vt 0.326316 1.000000
vt 0.326316 0.000000
vt 0.336842 1.000000
vt 0.336842 0.000000
vt 0.347368 1.000000
vt 0.347368 0.000000
vt 0.357895 1.000000
vt 0.357895 0.000000
vt 0.378947 1.000000
vt 0.378947 0.000000
vt 0.389474 1.000000
vt 0.389474 0.000000
vt 0.400000 1.000000
vt 0.410526 1.000000
vt 0.410526 0.000000
vt 0.431579 1.000000
vt 0.431579 0.000000
vt 0.442105 1.000000
vt 0.442105 0.000000
vt 0.452632 1.000000
vt 0.452632 0.000000
vt 0.463158 1.000000
vt 0.463158 0.000000
vt 0.484211 1.000000
vt 0.484211 0.000000
vt 0.494737 1.000000
vt 0.494737 0.000000
vt 0.505263 1.000000
vt 0.505263 0.000000
vt 0.515789 1.000000
vt 0.515789 0.000000
vt 0.536842 1.000000
vt 0.536842 0.000000
vt 0.547368 1.000000
vt 0.547368 0.000000
vt 0.557895 1.000000
vt 0.557895 0.000000
vt 0.568421 1.000000
vt 0.568421 0.000000
vt 0.589474 1.000000
vt 0.589474 0.000000
vt 0.600000 1.000000
vt 0.610526 1.000000
vt 0.610526 0.000000
vt 0.621053 1.000000
vt 0.621053 0.000000
vt 0.642105 1.000000
vt 0.642105 0.000000
vt 0.652632 1.000000
vt 0.652632 0.000000
vt 0.663158 1.000000
vt 0.663158 0.000000
vt 0.673684 1.000000
vt 0.673684 0.000000
vt 0.694737 1.000000
vt 0.694737 0.000000
vt 0.705263 1.000000
vt 0.705263 0.000000
vt 0.715789 1.000000
vt 0.715789 0.000000
vt 0.726316 1.000000
vt 0.726316 0.000000
vt 0.747368 1.000000
vt 0.747368 0.000000
vt 0.757895 1.000000
vt 0.757895 0.000000
vt 0.768421 1.000000
vt 0.768421 0.000000
vt 0.778947 1.000000
vt 0.778947 0.000000
vt 0.800000 1.000000
vt 0.810526 1.000000
vt 0.810526 0.000000
vt 0.821053 1.000000
vt 0.821053 0.000000
vt 0.831579 1.000000
vt 0.831579 0.000000
vt 0.852632 1.000000
vt 0.852632 0.000000
vt 0.863158 1.000000
vt 0.863158 0.000000
vt 0.873684 1.000000
vt 0.873684 0.000000
vt 0.884211 1.000000
vt 0.884211 0.000000
vt 0.905263 1.000000
vt 0.905263 0.000000
vt 0.915789 1.000000
vt 0.915789 0.000000
vt 0.926316 1.000000
vt 0.926316 0.000000
vt 0.936842 1.000000
vt 0.936842 0.000000
vt 0.957895 1.000000
vt 0.957895 0.000000
vt 0.968421 1.000000
vt 0.968421 0.000000
vt 0.978947 1.000000
vt 0.978947 0.000000
vt 0.989474 1.000000
vt 0.989474 0.000000
vt 0.032258 1.000000
vt 0.032258 0.000000
vt 0.064516 1.000000
vt 0.064516 0.000000
vt 0.096774 1.000000
vt 0.096774 0.000000
vt 0.129032 1.000000
vt 0.129032 0.000000
vt 0.161290 1.000000
vt 0.161290 0.000000
vt 0.193548 1.000000
vt 0.193548 0.000000
vt 0.225806 1.000000
vt 0.225806 0.000000
vt 0.258065 1.000000
vt 0.258065 0.000000
vt 0.290323 1.000000
vt 0.290323 0.000000
vt 0.322581 1.000000
vt 0.322581 0.000000
vt 0.354839 1.000000
vt 0.354839 0.000000
vt 0.387097 1.000000
vt 0.387097 0.000000
vt 0.419355 1.000000
vt 0.419355 0.000000
vt 0.451613 1.000000
vt 0.451613 0.000000
vt 0.483871 1.000000
vt 0.483871 0.000000
vt 0.516129 1.000000
vt 0.516129 0.000000
vt 0.548387 1.000000
vt 0.548387 0.000000
vt 0.580645 1.000000
vt 0.580645 0.000000
vt 0.612903 1.000000
vt 0.612903 0.000000
vt 0.645161 1.000000
vt 0.645161 0.000000
vt 0.677419 1.000000
vt 0.677419 0.000000
vt 0.709677 1.000000
vt 0.709677 0.000000
vt 0.741935 1.000000
vt 0.741935 0.000000
vt 0.774194 1.000000
vt 0.774194 0.000000
vt 0.806452 1.000000
vt 0.806452 0.000000
vt 0.838710 1.000000
vt 0.838710 0.000000
vt 0.870968 1.000000
vt 0.870968 0.000000
vt 0.903226 1.000000
vt 0.903226 0.000000
vt 0.935484 1.000000
vt 0.935484 0.000000
vt 0.967742 1.000000
vt 0.967742 0.000000
vt 0.033333 1.000000
vt 0.033333 0.000000
vt 0.066667 1.000000
vt 0.066667 0.000000
vt 0.100000 1.000000
vt 0.133333 1.000000
vt 0.133333 0.000000
vt 0.233333 1.000000
vt 0.233333 0.000000
vt 0.266667 1.000000
vt 0.266667 0.000000
vt 0.300000 1.000000
vt 0.366667 1.000000
vt 0.366667 0.000000
vt 0.433333 1.000000
vt 0.433333 0.000000
vt 0.466667 1.000000
vt 0.466667 0.000000
vt 0.533333 1.000000
vt 0.533333 0.000000
vt 0.566667 1.000000
vt 0.566667 0.000000
vt 0.633333 1.000000
vt 0.633333 0.000000
vt 0.700000 1.000000
vt 0.733333 1.000000
vt 0.733333 0.000000
vt 0.766667 1.000000
vt 0.766667 0.000000
vt 0.866667 1.000000
vt 0.866667 0.000000
vt 0.900000 1.000000
vt 0.933333 1.000000
vt 0.933333 0.000000
vt 0.966667 1.000000
vt 0.966667 0.000000
s 0
f 206/1/1 176/2/1 207/3/1
f 176/2/1 208/4/1 207/3/1
f 176/2/1 175/5/1 208/4/1
f 175/5/1 178/6/1 208/4/1
f 206/1/1 177/7/1 176/2/1
f 174/8/1 178/6/1 175/5/1
f 206/1/1 172/9/1 177/7/1
f 172/9/1 174/8/1 177/7/1
f 172/9/1 171/10/1 174/8/1
f 171/10/1 178/6/1 174/8/1
f 206/1/1 173/11/1 172/9/1
f 170/12/1 178/6/1 171/10/1
f 206/1/1 170/12/1 173/11/1
f 206/1/1 178/6/1 170/12/1
f 205/13/1 178/6/1 206/1/1
f 204/14/1 179/15/1 205/13/1
f 179/15/1 178/6/1 205/13/1
f 204/14/1 180/16/1 179/15/1
f 204/14/1 181/17/1 180/16/1
f 204/14/1 182/18/1 181/17/1
f 168/19/1 144/20/1 169/21/1
f 203/22/1 182/18/1 204/14/1
f 203/22/1 183/23/1 182/18/1
f 202/24/1 183/23/1 203/22/1
f 168/19/1 145/25/1 144/20/1
f 202/24/1 184/26/1 183/23/1
f 201/27/1 184/26/1 202/24/1
f 141/28/1 143/29/1 142/30/1
f 167/31/1 145/25/1 168/19/1
f 201/27/1 185/32/1 184/26/1
f 115/33/1 117/34/1 116/35/1
f 115/33/1 31/36/1 117/34/1
f 167/31/1 146/37/1 145/25/1
f 200/38/1 185/32/1 201/27/1
f 140/39/1 143/29/1 141/28/1
f 200/38/1 186/40/1 185/32/1
f 166/41/1 146/37/1 167/31/1
f 166/41/1 147/42/1 146/37/1
f 199/43/1 186/40/1 200/38/1
f 199/43/1 187/44/1 186/40/1
f 140/39/1 118/45/1 143/29/1
f 139/46/1 118/45/1 140/39/1
f 165/47/1 147/42/1 166/41/1
f 198/48/1 187/44/1 199/43/1
f 198/48/1 188/49/1 187/44/1
f 165/47/1 148/50/1 147/42/1
f 139/46/1 119/51/1 118/45/1
f 138/52/1 119/51/1 139/46/1
f 198/48/1 189/53/1 188/49/1
f 197/54/1 189/53/1 198/48/1
f 164/55/1 148/50/1 165/47/1
f 138/52/1 120/56/1 119/51/1
f 164/55/1 149/57/1 148/50/1
f 197/54/1 190/58/1 189/53/1
f 137/59/1 120/56/1 138/52/1
f 196/60/1 190/58/1 197/54/1
f 196/60/1 191/61/1 190/58/1
f 163/62/1 149/57/1 164/55/1
f 137/59/1 121/63/1 120/56/1
f 195/64/1 191/61/1 196/60/1
f 163/62/1 150/65/1 149/57/1
f 195/64/1 194/66/1 191/61/1
f 194/66/1 193/67/1 191/61/1
f 193/67/1 192/68/1 191/61/1
f 136/69/1 121/63/1 137/59/1
f 66/70/1 68/71/1 67/72/1
f 162/73/1 150/65/1 163/62/1
f 66/70/1 69/74/1 68/71/1
f 136/69/1 122/75/1 121/63/1
f 66/70/1 70/76/1 69/74/1
f 162/73/1 151/77/1 150/65/1
f 66/70/1 71/78/1 70/76/1
f 135/79/1 122/75/1 136/69/1
f 66/70/1 72/80/1 71/78/1
f 66/70/1 73/81/1 72/80/1
f 66/70/1 74/82/1 73/81/1
f 66/70/1 75/83/1 74/82/1
f 65/84/1 75/83/1 66/70/1
f 65/84/1 76/85/1 75/83/1
f 161/86/1 151/77/1 162/73/1
f 65/84/1 77/87/1 76/85/1
f 135/79/1 123/88/1 122/75/1
f 65/84/1 78/89/1 77/87/1
f 161/86/1 152/90/1 151/77/1
f 65/84/1 79/91/1 78/89/1
f 65/84/1 80/92/1 79/91/1
f 134/93/1 123/88/1 135/79/1
f 64/94/1 80/92/1 65/84/1
f 160/95/1 152/90/1 161/86/1
f 134/93/1 124/96/1 123/88/1
f 160/95/1 153/97/1 152/90/1
f 133/98/1 124/96/1 134/93/1
f 63/99/1 80/92/1 64/94/1
f 63/99/1 81/100/1 80/92/1
f 159/101/1 153/97/1 160/95/1
f 159/101/1 154/102/1 153/97/1
f 133/98/1 125/103/1 124/96/1
f 132/104/1 125/103/1 133/98/1
f 62/105/1 81/100/1 63/99/1
f 114/106/1 31/36/1 115/33/1
f 114/106/1 32/107/1 31/36/1
f 159/101/1 155/108/1 154/102/1
f 61/109/1 81/100/1 62/105/1
f 158/110/1 155/108/1 159/101/1
f 114/106/1 33/111/1 32/107/1
f 61/109/1 82/112/1 81/100/1
f 132/104/1 126/113/1 125/103/1
f 131/114/1 126/113/1 132/104/1
f 114/106/1 34/115/1 33/111/1
f 60/116/1 82/112/1 61/109/1
f 114/106/1 35/117/1 34/115/1
f 113/118/1 35/117/1 114/106/1
f 158/110/1 157/119/1 155/108/1
f 157/119/1 156/120/1 155/108/1
f 113/118/1 36/121/1 35/117/1
f 59/122/1 82/112/1 60/116/1
f 113/118/1 37/123/1 36/121/1
f 58/124/1 82/112/1 59/122/1
f 113/118/1 38/125/1 37/123/1
f 131/114/1 127/126/1 126/113/1
f 130/127/1 127/126/1 131/114/1
f 113/118/1 39/128/1 38/125/1
f 57/129/1 82/112/1 58/124/1
f 57/129/1 83/130/1 82/112/1
f 113/118/1 40/131/1 39/128/1
f 56/132/1 83/130/1 57/129/1
f 113/118/1 41/133/1 40/131/1
f 113/118/1 42/134/1 41/133/1
f 55/135/1 83/130/1 56/132/1
f 113/118/1 43/136/1 42/134/1
f 113/118/1 44/137/1 43/136/1
f 113/118/1 45/138/1 44/137/1
f 113/118/1 46/139/1 45/138/1
f 113/118/1 47/140/1 46/139/1
f 113/118/1 48/141/1 47/140/1
f 113/118/1 49/142/1 48/141/1
f 113/118/1 50/143/1 49/142/1
f 113/118/1 51/144/1 50/143/1
f 113/118/1 52/145/1 51/144/1
f 113/118/1 53/146/1 52/145/1
f 113/118/1 54/147/1 53/146/1
f 113/118/1 55/135/1 54/147/1
f 113/118/1 83/130/1 55/135/1
f 112/148/1 83/130/1 113/118/1
f 129/149/1 127/126/1 130/127/1
f 129/149/1 128/150/1 127/126/1
f 112/148/1 84/151/1 83/130/1
f 111/152/1 84/151/1 112/148/1
f 111/152/1 85/153/1 84/151/1
f 110/154/1 85/153/1 111/152/1
f 110/154/1 86/155/1 85/153/1
f 109/156/1 86/155/1 110/154/1
f 108/157/1 86/155/1 109/156/1
f 108/157/1 87/158/1 86/155/1
f 107/159/1 87/158/1 108/157/1
f 107/159/1 88/160/1 87/158/1
f 106/161/1 88/160/1 107/159/1
f 106/161/1 89/162/1 88/160/1
f 105/163/1 89/162/1 106/161/1
f 105/163/1 90/164/1 89/162/1
f 104/165/1 90/164/1 105/163/1
f 104/165/1 91/166/1 90/164/1
f 103/167/1 91/166/1 104/165/1
f 102/168/1 91/166/1 103/167/1
f 101/169/1 91/166/1 102/168/1
f 100/170/2 91/166/2 101/169/2
f 99/171/1 91/166/1 100/170/1
f 98/172/1 91/166/1 99/171/1
f 97/173/1 91/166/1 98/172/1
f 96/174/2 91/166/2 97/173/2
f 95/175/1 91/166/1 96/174/1
f 94/176/1 91/166/1 95/175/1
f 93/177/1 91/166/1 94/176/1
f 92/178/1 91/166/1 93/177/1
f 210/179/1 212/180/1 211/181/1
f 210/179/1 209/182/1 212/180/1
f 236/183/1 238/184/1 237/185/1
f 236/183/1 213/186/1 238/184/1
f 235/187/1 213/186/1 236/183/1
f 235/187/1 214/188/1 213/186/1
f 234/189/1 214/188/1 235/187/1
f 234/189/1 215/190/1 214/188/1
f 233/191/1 215/190/1 234/189/1
f 233/191/1 216/192/1 215/190/1
f 232/193/1 216/192/1 233/191/1
f 232/193/1 217/194/1 216/192/1
f 231/195/1 217/194/1 232/193/1
f 231/195/1 218/196/1 217/194/1
f 230/197/1 218/196/1 231/195/1
f 230/197/1 219/198/1 218/196/1
f 229/199/1 219/198/1 230/197/1
f 229/199/1 220/200/1 219/198/1
f 228/201/1 220/200/1 229/199/1
f 228/201/1 221/202/1 220/200/1
f 227/203/1 221/202/1 228/201/1
f 227/203/1 222/204/1 221/202/1
f 226/205/1 222/204/1 227/203/1
f 226/205/1 223/206/1 222/204/1
f 225/207/1 223/206/1 226/205/1
f 225/207/1 224/208/1 223/206/1
f 319/209/1 321/210/1 320/211/1
f 293/212/1 295/213/1 294/214/1
f 318/215/1 321/210/1 319/209/1
f 293/212/1 296/216/1 295/213/1
f 317/217/1 321/210/1 318/215/1
f 317/217/1 265/218/1 321/210/1
f 293/212/1 297/219/1 296/216/1
f 292/220/1 297/219/1 293/212/1
f 263/221/1 239/222/1 264/223/1
f 316/224/1 265/218/1 317/217/1
f 316/224/1 266/225/1 265/218/1
f 292/220/1 298/226/1 297/219/1
f 291/227/1 298/226/1 292/220/1
f 316/224/1 267/228/1 266/225/1
f 315/229/1 267/228/1 316/224/1
f 290/230/1 298/226/1 291/227/1
f 290/230/1 299/231/1 298/226/1
f 262/232/1 239/222/1 263/221/1
f 262/232/1 240/233/1 239/222/1
f 315/229/1 268/234/1 267/228/1
f 289/235/1 299/231/1 290/230/1
f 289/235/1 300/236/1 299/231/1
f 314/237/1 268/234/1 315/229/1
f 314/237/1 269/238/1 268/234/1
f 288/239/1 300/236/1 289/235/1
f 288/239/1 301/240/1 300/236/1
f 313/241/1 269/238/1 314/237/1
f 261/242/1 240/233/1 262/232/1
f 261/242/1 241/243/1 240/233/1
f 313/241/1 270/244/1 269/238/1
f 287/245/1 301/240/1 288/239/1
f 287/245/1 302/246/1 301/240/1
f 312/247/1 270/244/1 313/241/1
f 312/247/1 271/248/1 270/244/1
f 286/249/1 302/246/1 287/245/1
f 286/249/1 303/250/1 302/246/1
f 311/251/1 271/248/1 312/247/1
f 311/251/1 272/252/1 271/248/1
f 285/253/1 303/250/1 286/249/1
f 260/254/1 241/243/1 261/242/1
f 285/253/1 304/255/1 303/250/1
f 260/254/1 242/256/1 241/243/1
f 311/251/1 273/257/1 272/252/1
f 284/258/1 304/255/1 285/253/1
f 284/258/1 305/259/1 304/255/1
f 310/260/1 273/257/1 311/251/1
f 284/258/1 306/261/1 305/259/1
f 310/260/1 274/262/1 273/257/1
f 283/263/1 306/261/1 284/258/1
f 309/264/1 274/262/1 310/260/1
f 259/265/1 242/256/1 260/254/1
f 259/265/1 243/266/1 242/256/1
f 283/263/1 307/267/1 306/261/1
f 309/264/1 275/268/1 274/262/1
f 282/269/1 307/267/1 283/263/1
f 308/270/1 275/268/1 309/264/1
f 308/270/1 276/271/1 275/268/1
f 281/272/1 307/267/1 282/269/1
f 279/273/1 281/272/1 280/274/1
f 279/273/1 307/267/1 281/272/1
f 279/273/1 308/270/1 307/267/1
f 279/273/1 276/271/1 308/270/1
f 279/273/1 277/275/1 276/271/1
f 279/273/1 278/276/1 277/275/1
f 258/277/1 243/266/1 259/265/1
f 258/277/1 244/278/1 243/266/1
f 258/277/1 245/279/1 244/278/1
f 257/280/1 245/279/1 258/277/1
f 257/280/1 246/281/1 245/279/1
f 256/282/1 246/281/1 257/280/1
f 256/282/1 247/283/1 246/281/1
f 255/284/1 247/283/1 256/282/1
f 255/284/1 248/285/1 247/283/1
f 254/286/1 248/285/1 255/284/1
f 254/286/1 249/287/1 248/285/1
f 253/288/1 249/287/1 254/286/1
f 253/288/1 250/289/1 249/287/1
f 252/290/1 250/289/1 253/288/1
f 252/290/1 251/291/1 250/289/1
f 12/292/1 14/293/1 13/294/1
f 12/292/1 15/295/1 14/293/1
f 11/296/1 15/295/1 12/292/1
f 11/296/1 16/297/1 15/295/1
f 10/298/1 16/297/1 11/296/1
f 10/298/1 17/299/1 16/297/1
f 9/300/1 17/299/1 10/298/1
f 9/300/1 18/301/1 17/299/1
f 8/302/1 18/301/1 9/300/1
f 8/302/1 19/303/1 18/301/1
f 7/304/1 19/303/1 8/302/1
f 6/305/1 19/303/1 7/304/1
f 6/305/1 20/306/1 19/303/1
f 5/307/1 20/306/1 6/305/1
f 5/307/1 21/308/1 20/306/1
f 4/309/1 21/308/1 5/307/1
f 4/309/1 22/310/1 21/308/1
f 3/311/1 22/310/1 4/309/1
f 3/311/1 23/312/1 22/310/1
f 2/313/1 23/312/1 3/311/1
f 2/313/1 24/314/1 23/312/1
f 1/315/1 24/314/1 2/313/1
f 1/315/1 25/316/1 24/314/1
f 30/317/1 25/316/1 1/315/1
f 28/318/1 30/317/1 29/319/1
f 28/318/1 25/316/1 30/317/1
f 28/318/1 26/320/1 25/316/1
f 28/318/1 27/321/1 26/320/1
f 333/322/1 335/323/1 334/324/1
f 333/322/1 332/325/1 335/323/1
f 337/326/1 339/327/1 338/328/1
f 337/326/1 336/329/1 339/327/1
f 341/330/1 343/331/1 342/332/1
f 341/330/1 340/333/1 343/331/1
f 368/334/1 344/335/1 369/336/1
f 368/334/1 345/337/1 344/335/1
f 368/334/1 346/338/1 345/337/1
f 368/334/1 347/339/1 346/338/1
f 367/340/1 347/339/1 368/334/1
f 367/340/1 348/341/1 347/339/1
f 366/342/1 348/341/1 367/340/1
f 366/342/1 349/343/1 348/341/1
f 365/344/1 349/343/1 366/342/1
f 365/344/1 350/345/1 349/343/1
f 364/346/1 350/345/1 365/344/1
f 364/346/1 351/347/1 350/345/1
f 363/348/1 351/347/1 364/346/1
f 363/348/1 352/349/1 351/347/1
f 362/350/1 352/349/1 363/348/1
f 362/350/1 353/351/1 352/349/1
f 361/352/1 353/351/1 362/350/1
f 361/352/1 354/353/1 353/351/1
f 360/354/1 354/353/1 361/352/1
f 360/354/1 355/355/1 354/353/1
f 359/356/1 355/355/1 360/354/1
f 359/356/1 358/357/1 355/355/1
f 358/357/1 357/358/1 355/355/1
f 357/358/1 356/359/1 355/355/1
f 462/360/1 464/210/1 463/361/1
f 462/360/1 461/362/1 464/210/1
f 461/362/1 370/363/1 464/210/1
f 460/364/1 370/363/1 461/362/1
f 458/365/1 373/366/1 459/367/1
f 373/366/1 460/364/1 459/367/1
f 373/366/1 372/368/1 460/364/1
f 372/368/1 370/363/1 460/364/1
f 458/365/1 374/369/1 373/366/1
f 371/370/1 370/363/1 372/368/1
f 409/371/1 411/372/1 410/373/1
f 409/371/1 412/374/1 411/372/1
f 409/371/1 413/375/1 412/374/1
f 409/371/1 414/376/1 413/375/1
f 409/371/1 415/377/1 414/376/1
f 409/371/1 416/378/1 415/377/1
f 409/371/1 417/379/1 416/378/1
f 409/371/1 418/380/1 417/379/1
f 409/371/1 419/381/1 418/380/1
f 409/371/1 420/382/1 419/381/1
f 409/371/1 421/383/1 420/382/1
f 409/371/1 422/384/1 421/383/1
f 409/371/1 423/385/1 422/384/1
f 408/386/1 423/385/1 409/371/1
f 407/387/1 423/385/1 408/386/1
f 407/387/1 424/388/1 423/385/1
f 406/389/1 424/388/1 407/387/1
f 406/389/1 425/390/1 424/388/1
f 405/391/1 425/390/1 406/389/1
f 457/392/1 374/369/1 458/365/1
f 457/392/1 375/393/1 374/369/1
f 404/394/1 425/390/1 405/391/1
f 457/392/1 376/395/1 375/393/1
f 404/394/1 426/396/1 425/390/1
f 457/392/1 377/397/1 376/395/1
f 403/398/1 426/396/1 404/394/1
f 456/399/1 377/397/1 457/392/1
f 456/399/1 378/400/1 377/397/1
f 402/401/1 426/396/1 403/398/1
f 456/399/1 379/402/1 378/400/1
f 456/399/1 380/403/1 379/402/1
f 401/404/1 426/396/1 402/401/1
f 401/404/1 427/405/1 426/396/1
f 456/399/1 381/406/1 380/403/1
f 400/407/1 427/405/1 401/404/1
f 455/408/1 381/406/1 456/399/1
f 455/408/1 382/409/1 381/406/1
f 455/408/1 383/410/1 382/409/1
f 399/411/1 427/405/1 400/407/1
f 455/408/1 384/412/1 383/410/1
f 455/408/1 385/413/1 384/412/1
f 398/414/1 427/405/1 399/411/1
f 455/408/1 386/415/1 385/413/1
f 455/408/1 387/416/1 386/415/1
f 455/408/1 388/417/1 387/416/1
f 455/408/1 389/418/1 388/417/1
f 455/408/1 390/419/1 389/418/1
f 455/408/1 391/420/1 390/419/1
f 455/408/1 392/421/1 391/420/1
f 455/408/1 393/86/1 392/421/1
f 455/408/1 394/422/1 393/86/1
f 455/408/1 395/423/1 394/422/1
f 455/408/1 396/424/1 395/423/1
f 455/408/1 397/425/1 396/424/1
f 455/408/1 398/414/1 397/425/1
f 455/408/1 427/405/1 398/414/1
f 454/426/1 427/405/1 455/408/1
f 454/426/1 428/427/1 427/405/1
f 453/428/1 428/427/1 454/426/1
f 453/428/1 429/429/1 428/427/1
f 452/430/1 429/429/1 453/428/1
f 452/430/1 430/431/1 429/429/1
f 451/432/1 430/431/1 452/430/1
f 451/432/1 431/433/1 430/431/1
f 450/434/1 431/433/1 451/432/1
f 449/435/1 431/433/1 450/434/1
f 449/435/1 432/436/1 431/433/1
f 448/437/1 432/436/1 449/435/1
f 448/437/1 433/438/1 432/436/1
f 447/439/1 433/438/1 448/437/1
f 447/439/1 434/440/1 433/438/1
f 446/441/1 434/440/1 447/439/1
f 445/442/2 434/440/2 446/441/2
f 444/443/1 434/440/1 445/442/1
f 443/444/1 434/440/1 444/443/1
f 442/445/1 434/440/1 443/444/1
f 441/446/1 434/440/1 442/445/1
f 440/447/1 434/440/1 441/446/1
f 439/448/1 434/440/1 440/447/1
f 438/449/1 434/440/1 439/448/1
f 437/450/1 434/440/1 438/449/1
f 436/451/1 434/440/1 437/450/1
f 435/452/1 434/440/1 436/451/1
f 325/453/1 330/454/1 326/455/1
f 330/454/1 327/456/1 326/455/1
f 330/454/1 329/457/1 327/456/1
f 329/457/1 322/315/1 327/456/1
f 325/453/1 331/458/1 330/454/1
f 328/459/1 322/315/1 329/457/1
f 325/453/1 323/460/1 331/458/1
f 323/460/1 328/459/1 331/458/1
f 323/460/1 322/315/1 328/459/1
f 325/453/1 324/461/1 323/460/1
f 535/462/1 537/463/1 536/464/1
f 534/465/1 537/463/1 535/462/1
f 533/466/1 537/463/1 534/465/1
f 532/467/1 537/463/1 533/466/1
f 531/468/1 537/463/1 532/467/1
f 530/469/1 537/463/1 531/468/1
f 529/470/1 537/463/1 530/469/1
f 528/471/1 537/463/1 529/470/1
f 527/472/1 537/463/1 528/471/1
f 526/473/1 537/463/1 527/472/1
f 525/474/1 537/463/1 526/473/1
f 524/475/1 537/463/1 525/474/1
f 523/476/1 537/463/1 524/475/1
f 522/477/1 537/463/1 523/476/1
f 521/478/1 537/463/1 522/477/1
f 520/479/1 537/463/1 521/478/1
f 519/480/1 537/463/1 520/479/1
f 518/481/1 537/463/1 519/480/1
f 517/482/1 537/463/1 518/481/1
f 718/483/1 720/484/1 719/485/1
f 516/486/1 537/463/1 517/482/1
f 718/483/1 721/487/1 720/484/1
f 718/483/1 722/488/1 721/487/1
f 515/489/1 537/463/1 516/486/1
f 718/483/1 723/490/1 722/488/1
f 718/483/1 724/491/1 723/490/1
f 514/492/1 537/463/1 515/489/1
f 718/483/1 725/493/1 724/491/1
f 718/483/1 726/494/1 725/493/1
f 513/495/1 537/463/1 514/492/1
f 718/483/1 727/496/1 726/494/1
f 718/483/1 728/497/1 727/496/1
f 718/483/1 729/498/1 728/497/1
f 731/210/1 537/463/1 513/495/1
f 718/483/1 730/499/1 729/498/1
f 718/483/1 731/210/1 730/499/1
f 718/483/1 717/500/1 731/210/1
f 717/500/1 716/501/1 731/210/1
f 716/501/1 715/502/1 731/210/1
f 715/502/1 714/503/1 731/210/1
f 714/503/1 713/504/1 731/210/1
f 713/504/1 712/505/1 731/210/1
f 712/505/1 711/506/1 731/210/1
f 711/506/1 537/463/1 731/210/1
f 711/506/1 710/507/1 537/463/1
f 710/507/1 538/508/1 537/463/1
f 710/507/1 709/509/1 538/508/1
f 709/509/1 539/510/1 538/508/1
f 709/509/1 708/511/1 539/510/1
f 708/511/1 540/512/1 539/510/1
f 708/511/1 707/513/1 540/512/1
f 707/513/1 541/514/1 540/512/1
f 707/513/1 705/515/1 541/514/1
f 705/515/1 704/516/1 541/514/1
f 704/516/1 703/517/1 541/514/1
f 703/517/1 702/518/1 541/514/1
f 702/518/1 701/519/1 541/514/1
f 701/519/1 700/520/1 541/514/1
f 700/520/1 542/521/1 541/514/1
f 700/520/1 699/522/1 542/521/1
f 699/522/1 698/523/1 542/521/1
f 698/523/1 697/524/1 542/521/1
f 697/524/1 696/525/1 542/521/1
f 696/525/1 695/526/1 542/521/1
f 695/526/1 694/527/1 542/521/1
f 694/527/1 543/528/1 542/521/1
f 694/527/1 544/529/1 543/528/1
f 693/530/1 544/529/1 694/527/1
f 693/530/1 545/531/1 544/529/1
f 693/530/1 546/532/1 545/531/1
f 693/530/1 547/533/1 546/532/1
f 693/530/1 548/534/1 547/533/1
f 692/535/1 548/534/1 693/530/1
f 707/513/1 706/536/1 705/515/1
f 692/535/1 549/537/1 548/534/1
f 692/535/1 550/538/1 549/537/1
f 691/539/1 550/538/1 692/535/1
f 691/539/1 551/540/1 550/538/1
f 690/541/1 551/540/1 691/539/1
f 690/541/1 552/542/1 551/540/1
f 690/541/1 553/543/1 552/542/1
f 689/544/1 553/543/1 690/541/1
f 689/544/1 554/545/1 553/543/1
f 688/546/1 554/545/1 689/544/1
f 687/547/1 554/545/1 688/546/1
f 687/547/1 555/548/1 554/545/1
f 686/549/1 555/548/1 687/547/1
f 686/549/1 556/550/1 555/548/1
f 685/551/1 556/550/1 686/549/1
f 685/551/1 557/552/1 556/550/1
f 684/553/1 557/552/1 685/551/1
f 684/553/1 558/554/1 557/552/1
f 683/555/1 558/554/1 684/553/1
f 683/555/1 559/556/1 558/554/1
f 682/557/1 559/556/1 683/555/1
f 681/558/1 559/556/1 682/557/1
f 681/558/1 560/559/1 559/556/1
f 680/560/1 560/559/1 681/558/1
f 572/561/1 574/562/1 573/563/1
f 571/564/1 574/562/1 572/561/1
f 570/565/1 574/562/1 571/564/1
f 569/566/1 574/562/1 570/565/1
f 568/567/1 574/562/1 569/566/1
f 568/567/1 575/568/1 574/562/1
f 567/569/1 575/568/1 568/567/1
f 680/560/1 561/570/1 560/559/1
f 566/571/1 575/568/1 567/569/1
f 565/572/1 575/568/1 566/571/1
f 679/573/1 561/570/1 680/560/1
f 565/572/1 576/574/1 575/568/1
f 564/575/1 576/574/1 565/572/1
f 563/576/1 576/574/1 564/575/1
f 562/577/1 576/574/1 563/576/1
f 561/570/1 576/574/1 562/577/1
f 561/570/1 577/578/1 576/574/1
f 679/573/1 577/578/1 561/570/1
f 678/579/1 577/578/1 679/573/1
f 678/579/1 578/580/1 577/578/1
f 677/581/1 578/580/1 678/579/1
f 677/581/1 657/582/1 578/580/1
f 657/582/1 579/583/1 578/580/1
f 677/581/1 658/584/1 657/582/1
f 656/585/1 579/583/1 657/582/1
f 676/586/1 658/584/1 677/581/1
f 676/586/1 659/587/1 658/584/1
f 655/588/1 579/583/1 656/585/1
f 655/588/1 580/589/1 579/583/1
f 676/586/1 660/590/1 659/587/1
f 654/591/1 580/589/1 655/588/1
f 653/592/1 580/589/1 654/591/1
f 676/586/1 661/593/1 660/590/1
f 675/594/1 661/593/1 676/586/1
f 652/595/1 580/589/1 653/592/1
f 675/594/1 662/596/1 661/593/1
f 652/595/1 581/597/1 580/589/1
f 651/598/1 581/597/1 652/595/1
f 675/594/1 663/599/1 662/596/1
f 674/600/1 663/599/1 675/594/1
f 650/601/1 581/597/1 651/598/1
f 674/600/1 664/602/1 663/599/1
f 650/601/1 582/603/1 581/597/1
f 673/604/1 664/602/1 674/600/1
f 649/605/1 582/603/1 650/601/1
f 673/604/1 665/606/1 664/602/1
f 649/605/1 583/607/1 582/603/1
f 648/608/1 583/607/1 649/605/1
f 672/609/1 665/606/1 673/604/1
f 672/609/1 666/610/1 665/606/1
f 647/611/1 583/607/1 648/608/1
f 671/612/1 666/610/1 672/609/1
f 647/611/1 584/613/1 583/607/1
f 671/612/1 667/614/1 666/610/1
f 670/615/1 667/614/1 671/612/1
f 646/616/1 584/613/1 647/611/1
f 646/616/1 585/617/1 584/613/1
f 670/615/1 668/618/1 667/614/1
f 669/619/1 668/618/1 670/615/1
f 645/620/1 585/617/1 646/616/1
f 620/621/1 622/622/1 621/623/1
f 619/624/1 622/622/1 620/621/1
f 619/624/1 623/625/1 622/622/1
f 618/626/1 623/625/1 619/624/1
f 644/627/1 585/617/1 645/620/1
f 618/626/1 624/628/1 623/625/1
f 644/627/1 586/629/1 585/617/1
f 617/630/1 624/628/1 618/626/1
f 617/630/1 625/631/1 624/628/1
f 616/632/1 625/631/1 617/630/1
f 616/632/1 626/633/1 625/631/1
f 643/634/1 586/629/1 644/627/1
f 615/635/1 626/633/1 616/632/1
f 615/635/1 627/636/1 626/633/1
f 614/637/1 627/636/1 615/635/1
f 642/638/1 586/629/1 643/634/1
f 642/638/1 587/639/1 586/629/1
f 613/640/1 627/636/1 614/637/1
f 613/640/1 512/641/1 627/636/1
f 512/641/1 628/642/1 627/636/1
f 613/640/1 465/315/1 512/641/1
f 511/643/3 628/642/3 512/641/3
f 613/640/1 466/644/1 465/315/1
f 510/645/1 628/642/1 511/643/1
f 613/640/1 467/646/1 466/644/1
f 641/647/1 587/639/1 642/638/1
f 509/648/1 628/642/1 510/645/1
f 613/640/1 468/649/1 467/646/1
f 612/650/1 468/649/1 613/640/1
f 612/650/1 469/651/1 468/649/1
f 509/648/1 629/652/1 628/642/1
f 508/653/1 629/652/1 509/648/1
f 612/650/1 470/654/1 469/651/1
f 507/655/1 629/652/1 508/653/1
f 612/650/1 471/656/1 470/654/1
f 640/657/1 587/639/1 641/647/1
f 611/658/1 471/656/1 612/650/1
f 640/657/1 588/659/1 587/639/1
f 611/658/1 472/660/1 471/656/1
f 506/661/1 629/652/1 507/655/1
f 506/661/1 630/662/1 629/652/1
f 611/658/1 473/663/1 472/660/1
f 639/664/1 588/659/1 640/657/1
f 610/665/1 473/663/1 611/658/1
f 505/666/1 630/662/1 506/661/1
f 610/665/1 474/667/1 473/663/1
f 610/665/1 475/668/1 474/667/1
f 505/666/1 631/669/1 630/662/1
f 638/670/1 588/659/1 639/664/1
f 504/671/1 631/669/1 505/666/1
f 609/672/1 475/668/1 610/665/1
f 609/672/1 476/673/1 475/668/1
f 638/670/1 589/674/1 588/659/1
f 609/672/1 477/675/1 476/673/1
f 637/676/1 589/674/1 638/670/1
f 503/677/1 631/669/1 504/671/1
f 608/678/1 477/675/1 609/672/1
f 503/677/1 632/679/1 631/669/1
f 608/678/1 478/680/1 477/675/1
f 636/681/1 589/674/1 637/676/1
f 502/682/1 632/679/1 503/677/1
f 608/678/1 479/683/1 478/680/1
f 636/681/1 590/684/1 589/674/1
f 635/685/1 590/684/1 636/681/1
f 607/686/1 479/683/1 608/678/1
f 502/682/1 633/687/1 632/679/1
f 607/686/1 480/688/1 479/683/1
f 501/689/1 633/687/1 502/682/1
f 634/690/1 590/684/1 635/685/1
f 607/686/1 481/691/1 480/688/1
f 633/687/1 590/684/1 634/690/1
f 606/692/1 481/691/1 607/686/1
f 606/692/1 482/693/1 481/691/1
f 633/687/1 591/694/1 590/684/1
f 500/695/1 633/687/1 501/689/1
f 500/695/1 591/694/1 633/687/1
f 606/692/1 483/696/1 482/693/1
f 605/697/1 483/696/1 606/692/1
f 605/697/1 484/698/1 483/696/1
f 605/697/1 485/699/1 484/698/1
f 499/700/1 591/694/1 500/695/1
f 605/697/1 486/701/1 485/699/1
f 498/702/1 591/694/1 499/700/1
f 497/703/1 591/694/1 498/702/1
f 496/704/1 591/694/1 497/703/1
f 495/705/1 591/694/1 496/704/1
f 605/697/1 487/706/1 486/701/1
f 495/705/1 592/707/1 591/694/1
f 494/708/1 592/707/1 495/705/1
f 493/709/1 592/707/1 494/708/1
f 492/710/1 592/707/1 493/709/1
f 491/711/1 592/707/1 492/710/1
f 605/697/1 488/712/1 487/706/1
f 490/713/1 592/707/1 491/711/1
f 489/714/1 592/707/1 490/713/1
f 488/712/1 592/707/1 489/714/1
f 605/697/1 592/707/1 488/712/1
f 604/715/1 592/707/1 605/697/1
f 603/716/1 592/707/1 604/715/1
f 603/716/1 593/717/1 592/707/1
f 602/718/1 593/717/1 603/716/1
f 602/718/1 594/719/1 593/717/1
f 601/720/1 594/719/1 602/718/1
f 601/720/1 595/721/1 594/719/1
f 600/722/1 595/721/1 601/720/1
f 599/723/1 595/721/1 600/722/1
f 599/723/1 596/724/1 595/721/1
f 598/86/1 596/724/1 599/723/1
f 598/86/1 597/725/1 596/724/1
f 969/726/1 945/727/1 970/210/1
f 969/726/1 946/728/1 945/727/1
f 969/726/1 947/729/1 946/728/1
f 968/730/1 947/729/1 969/726/1
f 968/730/1 948/731/1 947/729/1
f 967/732/1 948/731/1 968/730/1
f 967/732/1 949/733/1 948/731/1
f 966/734/1 949/733/1 967/732/1
f 966/734/1 950/735/1 949/733/1
f 965/736/1 950/735/1 966/734/1
f 965/736/1 951/737/1 950/735/1
f 964/738/1 951/737/1 965/736/1
f 964/738/1 952/739/1 951/737/1
f 963/740/1 952/739/1 964/738/1
f 963/740/1 953/505/1 952/739/1
f 962/741/1 953/505/1 963/740/1
f 962/741/1 954/742/1 953/505/1
f 961/743/1 954/742/1 962/741/1
f 961/743/1 955/744/1 954/742/1
f 961/743/1 956/745/1 955/744/1
f 960/746/1 956/745/1 961/743/1
f 960/746/1 959/747/1 956/745/1
f 959/747/1 958/748/1 956/745/1
f 958/748/1 957/749/1 956/745/1
f 770/750/1 772/751/1 771/752/1
f 796/753/1 798/754/1 797/755/1
f 770/750/1 773/756/1 772/751/1
f 795/757/1 798/754/1 796/753/1
f 770/750/1 774/758/1 773/756/1
f 794/759/1 798/754/1 795/757/1
f 794/759/1 799/760/1 798/754/1
f 769/761/1 774/758/1 770/750/1
f 769/761/1 775/762/1 774/758/1
f 794/759/1 800/514/1 799/760/1
f 768/763/1 775/762/1 769/761/1
f 793/764/1 800/514/1 794/759/1
f 768/763/1 776/765/1 775/762/1
f 767/766/1 776/765/1 768/763/1
f 793/764/1 801/767/1 800/514/1
f 767/766/1 777/768/1 776/765/1
f 792/769/1 801/767/1 793/764/1
f 766/677/1 777/768/1 767/766/1
f 792/769/1 802/770/1 801/767/1
f 766/677/1 778/771/1 777/768/1
f 791/772/1 802/770/1 792/769/1
f 765/773/1 778/771/1 766/677/1
f 791/772/1 803/774/1 802/770/1
f 765/773/1 779/775/1 778/771/1
f 790/776/1 803/774/1 791/772/1
f 764/777/1 779/775/1 765/773/1
f 790/776/1 804/778/1 803/774/1
f 764/777/1 780/779/1 779/775/1
f 789/780/1 804/778/1 790/776/1
f 763/781/1 780/779/1 764/777/1
f 789/780/1 805/782/1 804/778/1
f 763/781/1 781/783/1 780/779/1
f 789/780/1 806/784/1 805/782/1
f 762/785/1 781/783/1 763/781/1
f 788/786/1 806/784/1 789/780/1
f 762/785/1 782/787/1 781/783/1
f 788/786/1 807/788/1 806/784/1
f 761/789/1 782/787/1 762/785/1
f 761/789/1 783/477/1 782/787/1
f 787/790/1 807/788/1 788/786/1
f 787/790/1 808/791/1 807/788/1
f 760/792/1 783/477/1 761/789/1
f 760/792/1 784/793/1 783/477/1
f 786/794/1 808/791/1 787/790/1
f 786/794/1 809/795/1 808/791/1
f 759/796/1 784/793/1 760/792/1
f 785/797/1 809/795/1 786/794/1
f 785/797/1 810/798/1 809/795/1
f 758/799/1 784/793/1 759/796/1
f 756/800/1 758/799/1 757/801/1
f 756/800/1 784/793/1 758/799/1
f 756/800/1 785/797/1 784/793/1
f 756/800/1 810/798/1 785/797/1
f 756/800/1 811/802/1 810/798/1
f 756/800/1 812/803/1 811/802/1
f 755/804/1 812/803/1 756/800/1
f 754/805/1 813/806/1 755/804/1
f 813/806/1 812/803/1 755/804/1
f 754/805/1 814/807/1 813/806/1
f 753/808/1 814/807/1 754/805/1
f 753/808/1 815/809/1 814/807/1
f 752/810/1 815/809/1 753/808/1
f 752/810/1 816/811/1 815/809/1
f 751/812/1 816/811/1 752/810/1
f 751/812/1 817/559/1 816/811/1
f 750/813/1 817/559/1 751/812/1
f 750/813/1 818/814/1 817/559/1
f 749/698/1 818/814/1 750/813/1
f 749/698/1 819/815/1 818/814/1
f 748/816/1 819/815/1 749/698/1
f 748/816/1 820/817/1 819/815/1
f 747/818/1 820/817/1 748/816/1
f 747/818/1 821/819/1 820/817/1
f 746/820/1 821/819/1 747/818/1
f 746/820/1 822/821/1 821/819/1
f 745/822/1 822/821/1 746/820/1
f 745/822/1 823/823/1 822/821/1
f 744/824/1 823/823/1 745/822/1
f 744/824/1 824/825/1 823/823/1
f 830/826/1 824/825/1 744/824/1
f 830/826/1 825/827/1 824/825/1
f 828/828/1 742/829/1 829/830/1
f 742/829/1 830/826/1 829/830/1
f 742/829/1 825/827/1 830/826/1
f 742/829/1 826/831/1 825/827/1
f 742/829/1 741/832/1 826/831/1
f 741/832/1 827/833/1 826/831/1
f 828/828/1 743/834/1 742/829/1
f 740/835/1 827/833/1 741/832/1
f 941/836/1 943/837/1 942/838/1
f 941/836/1 940/839/1 943/837/1
f 940/839/1 944/840/1 943/837/1
f 828/828/1 734/841/1 743/834/1
f 734/841/1 740/835/1 743/834/1
f 734/841/1 733/842/1 740/835/1
f 733/842/1 827/833/1 740/835/1
f 939/843/1 944/840/1 940/839/1
f 828/828/1 735/844/1 734/841/1
f 732/315/1 827/833/1 733/842/1
f 828/828/1 738/845/1 735/844/1
f 738/845/1 732/315/1 735/844/1
f 738/845/1 737/846/1 732/315/1
f 737/846/1 827/833/1 732/315/1
f 828/828/1 739/847/1 738/845/1
f 736/848/1 827/833/1 737/846/1
f 828/828/1 736/848/1 739/847/1
f 828/828/1 827/833/1 736/848/1
f 938/849/1 944/840/1 939/843/1
f 938/849/1 831/850/1 944/840/1
f 937/851/1 831/850/1 938/849/1
f 937/851/1 832/852/1 831/850/1
f 937/851/1 833/853/1 832/852/1
f 936/530/1 833/853/1 937/851/1
f 936/530/1 834/583/1 833/853/1
f 936/530/1 835/854/1 834/583/1
f 935/855/1 835/854/1 936/530/1
f 935/855/1 836/856/1 835/854/1
f 935/855/1 837/857/1 836/856/1
f 934/858/1 837/857/1 935/855/1
f 934/858/1 838/859/1 837/857/1
f 934/858/1 839/860/1 838/859/1
f 933/861/1 839/860/1 934/858/1
f 933/861/1 840/862/1 839/860/1
f 933/861/1 841/863/1 840/862/1
f 932/864/1 841/863/1 933/861/1
f 932/864/1 842/865/1 841/863/1
f 932/864/1 843/866/1 842/865/1
f 931/867/1 914/868/1 932/864/1
f 914/868/1 843/866/1 932/864/1
f 931/867/1 915/869/1 914/868/1
f 913/870/1 843/866/1 914/868/1
f 912/871/1 843/866/1 913/870/1
f 931/867/1 916/872/1 915/869/1
f 911/873/1 843/866/1 912/871/1
f 911/873/1 844/874/1 843/866/1
f 931/867/1 917/875/1 916/872/1
f 910/876/1 844/874/1 911/873/1
f 930/877/1 917/875/1 931/867/1
f 909/878/1 844/874/1 910/876/1
f 930/877/1 918/879/1 917/875/1
f 909/878/1 845/880/1 844/874/1
f 908/881/1 845/880/1 909/878/1
f 930/877/1 919/600/1 918/879/1
f 908/881/1 846/882/1 845/880/1
f 929/883/1 919/600/1 930/877/1
f 907/884/1 846/882/1 908/881/1
f 865/885/1 867/886/1 866/887/1
f 907/884/1 847/888/1 846/882/1
f 864/889/1 867/886/1 865/885/1
f 906/890/1 847/888/1 907/884/1
f 929/883/1 920/891/1 919/600/1
f 863/892/1 867/886/1 864/889/1
f 863/892/1 868/630/1 867/886/1
f 906/890/1 848/893/1 847/888/1
f 862/894/1 868/630/1 863/892/1
f 861/895/1 868/630/1 862/894/1
f 906/890/1 849/896/1 848/893/1
f 928/897/1 920/891/1 929/883/1
f 905/898/1 849/896/1 906/890/1
f 861/895/1 869/899/1 868/630/1
f 860/900/1 869/899/1 861/895/1
f 905/898/1 850/901/1 849/896/1
f 859/902/1 869/899/1 860/900/1
f 858/903/1 869/899/1 859/902/1
f 905/898/1 851/86/1 850/901/1
f 928/897/1 921/904/1 920/891/1
f 857/905/1 869/899/1 858/903/1
f 905/898/1 852/906/1 851/86/1
f 904/907/1 852/906/1 905/898/1
f 856/908/1 869/899/1 857/905/1
f 856/908/1 870/909/1 869/899/1
f 904/907/1 853/910/1 852/906/1
f 855/911/1 870/909/1 856/908/1
f 904/907/1 854/912/1 853/910/1
f 854/912/1 870/909/1 855/911/1
f 904/907/1 870/909/1 854/912/1
f 927/913/1 921/904/1 928/897/1
f 903/914/1 870/909/1 904/907/1
f 903/914/1 871/915/1 870/909/1
f 927/913/1 922/916/1 921/904/1
f 902/588/1 871/915/1 903/914/1
f 902/588/1 872/917/1 871/915/1
f 926/918/1 925/919/1 927/913/1
f 925/919/1 924/920/1 927/913/1
f 924/920/1 923/921/1 927/913/1
f 923/921/1 922/916/1 927/913/1
f 901/922/1 872/917/1 902/588/1
f 901/922/1 873/923/1 872/917/1
f 901/922/1 874/924/1 873/923/1
f 900/925/1 874/924/1 901/922/1
f 900/925/1 875/926/1 874/924/1
f 899/927/1 875/926/1 900/925/1
f 899/927/1 876/928/1 875/926/1
f 898/929/1 876/928/1 899/927/1
f 898/929/1 877/930/1 876/928/1
f 897/931/1 877/930/1 898/929/1
f 897/931/1 878/932/1 877/930/1
f 896/933/1 878/932/1 897/931/1
f 896/933/1 879/934/1 878/932/1
f 895/935/1 879/934/1 896/933/1
f 895/935/1 880/936/1 879/934/1
f 895/935/1 881/937/1 880/936/1
f 895/935/1 882/938/1 881/937/1
f 894/939/1 882/938/1 895/935/1
f 894/939/1 883/940/1 882/938/1
f 894/939/1 884/941/1 883/940/1
f 893/942/1 884/941/1 894/939/1
f 893/942/1 885/681/1 884/941/1
f 893/942/1 886/943/1 885/681/1
f 892/944/1 886/943/1 893/942/1
f 892/944/1 887/945/1 886/943/1
f 892/944/1 888/946/1 887/945/1
f 891/947/1 888/946/1 892/944/1
f 891/947/1 889/948/1 888/946/1
f 890/949/1 889/948/1 891/947/1
f 1176/1/2 1177/3/2 1146/2/2
f 1146/2/2 1177/3/2 1178/4/2
f 1146/2/2 1178/4/2 1145/5/2
f 1145/5/2 1178/4/2 1148/6/2
f 1176/1/2 1146/2/2 1147/7/2
f 1144/8/2 1145/5/2 1148/6/2
f 1176/1/2 1147/7/2 1142/9/2
f 1142/9/2 1147/7/2 1144/8/2
f 1142/9/2 1144/8/2 1141/10/2
f 1141/10/2 1144/8/2 1148/6/2
f 1176/1/2 1142/9/2 1143/11/2
f 1140/12/2 1141/10/2 1148/6/2
f 1176/1/2 1143/11/2 1140/12/2
f 1176/1/2 1140/12/2 1148/6/2
f 1175/13/1 1176/1/1 1148/6/1
f 1174/14/2 1175/13/2 1149/15/2
f 1149/15/1 1175/13/1 1148/6/1
f 1174/14/2 1149/15/2 1150/16/2
f 1174/14/2 1150/16/2 1151/17/2
f 1174/14/2 1151/17/2 1152/18/2
f 1138/19/2 1139/21/2 1114/20/2
f 1173/22/2 1174/14/2 1152/18/2
f 1173/22/2 1152/18/2 1153/23/2
f 1172/24/2 1173/22/2 1153/23/2
f 1138/19/2 1114/20/2 1115/25/2
f 1172/24/2 1153/23/2 1154/26/2
f 1171/27/2 1172/24/2 1154/26/2
f 1111/28/2 1112/30/2 1113/29/2
f 1137/31/2 1138/19/2 1115/25/2
f 1171/27/2 1154/26/2 1155/32/2
f 1085/33/2 1086/35/2 1087/34/2
f 1085/33/2 1087/34/2 1001/36/2
f 1137/31/2 1115/25/2 1116/37/2
f 1170/38/2 1171/27/2 1155/32/2
f 1110/39/2 1111/28/2 1113/29/2
f 1170/38/2 1155/32/2 1156/40/2
f 1136/41/2 1137/31/2 1116/37/2
f 1136/41/2 1116/37/2 1117/42/2
f 1169/43/2 1170/38/2 1156/40/2
f 1169/43/2 1156/40/2 1157/44/2
f 1110/39/2 1113/29/2 1088/45/2
f 1109/46/2 1110/39/2 1088/45/2
f 1135/47/2 1136/41/2 1117/42/2
f 1168/48/2 1169/43/2 1157/44/2
f 1168/48/2 1157/44/2 1158/49/2
f 1135/47/2 1117/42/2 1118/50/2
f 1109/46/2 1088/45/2 1089/51/2
f 1108/52/2 1109/46/2 1089/51/2
f 1168/48/2 1158/49/2 1159/53/2
f 1167/54/2 1168/48/2 1159/53/2
f 1134/55/2 1135/47/2 1118/50/2
f 1108/52/2 1089/51/2 1090/56/2
f 1134/55/2 1118/50/2 1119/57/2
f 1167/54/2 1159/53/2 1160/58/2
f 1107/59/2 1108/52/2 1090/56/2
f 1166/60/2 1167/54/2 1160/58/2
f 1166/60/2 1160/58/2 1161/61/2
f 1133/62/2 1134/55/2 1119/57/2
f 1107/59/2 1090/56/2 1091/63/2
f 1165/64/2 1166/60/2 1161/61/2
f 1133/62/2 1119/57/2 1120/65/2
f 1165/64/2 1161/61/2 1164/66/2
f 1164/66/2 1161/61/2 1163/67/2
f 1163/67/2 1161/61/2 1162/68/2
f 1106/69/2 1107/59/2 1091/63/2
f 1036/70/2 1037/72/2 1038/71/2
f 1132/73/2 1133/62/2 1120/65/2
f 1036/70/2 1038/71/2 1039/74/2
f 1106/69/2 1091/63/2 1092/75/2
f 1036/70/2 1039/74/2 1040/76/2
f 1132/73/2 1120/65/2 1121/77/2
f 1036/70/2 1040/76/2 1041/78/2
f 1105/79/2 1106/69/2 1092/75/2
f 1036/70/2 1041/78/2 1042/80/2
f 1036/70/2 1042/80/2 1043/81/2
f 1036/70/2 1043/81/2 1044/82/2
f 1036/70/2 1044/82/2 1045/83/2
f 1035/84/2 1036/70/2 1045/83/2
f 1035/84/2 1045/83/2 1046/85/2
f 1131/86/2 1132/73/2 1121/77/2
f 1035/84/2 1046/85/2 1047/87/2
f 1105/79/2 1092/75/2 1093/88/2
f 1035/84/2 1047/87/2 1048/89/2
f 1131/86/2 1121/77/2 1122/90/2
f 1035/84/2 1048/89/2 1049/91/2
f 1035/84/2 1049/91/2 1050/92/2
f 1104/93/2 1105/79/2 1093/88/2
f 1034/94/2 1035/84/2 1050/92/2
f 1130/95/2 1131/86/2 1122/90/2
f 1104/93/2 1093/88/2 1094/96/2
f 1130/95/2 1122/90/2 1123/97/2
f 1103/98/2 1104/93/2 1094/96/2
f 1033/99/2 1034/94/2 1050/92/2
f 1033/99/2 1050/92/2 1051/100/2
f 1129/101/2 1130/95/2 1123/97/2
f 1129/101/2 1123/97/2 1124/102/2
f 1103/98/2 1094/96/2 1095/103/2
f 1102/104/2 1103/98/2 1095/103/2
f 1032/105/2 1033/99/2 1051/100/2
f 1084/106/2 1085/33/2 1001/36/2
f 1084/106/2 1001/36/2 1002/107/2
f 1129/101/2 1124/102/2 1125/108/2
f 1031/109/2 1032/105/2 1051/100/2
f 1128/110/2 1129/101/2 1125/108/2
f 1084/106/2 1002/107/2 1003/111/2
f 1031/109/2 1051/100/2 1052/112/2
f 1102/104/2 1095/103/2 1096/113/2
f 1101/114/2 1102/104/2 1096/113/2
f 1084/106/2 1003/111/2 1004/115/2
f 1030/116/2 1031/109/2 1052/112/2
f 1084/106/2 1004/115/2 1005/117/2
f 1083/118/2 1084/106/2 1005/117/2
f 1128/110/2 1125/108/2 1127/119/2
f 1127/119/2 1125/108/2 1126/120/2
f 1083/118/2 1005/117/2 1006/121/2
f 1029/122/2 1030/116/2 1052/112/2
f 1083/118/2 1006/121/2 1007/123/2
f 1028/124/2 1029/122/2 1052/112/2
f 1083/118/2 1007/123/2 1008/125/2
f 1101/114/2 1096/113/2 1097/126/2
f 1100/127/2 1101/114/2 1097/126/2
f 1083/118/2 1008/125/2 1009/128/2
f 1027/129/2 1028/124/2 1052/112/2
f 1027/129/2 1052/112/2 1053/130/2
f 1083/118/2 1009/128/2 1010/131/2
f 1026/132/2 1027/129/2 1053/130/2
f 1083/118/2 1010/131/2 1011/133/2
f 1083/118/2 1011/133/2 1012/134/2
f 1025/135/2 1026/132/2 1053/130/2
f 1083/118/2 1012/134/2 1013/136/2
f 1083/118/2 1013/136/2 1014/137/2
f 1083/118/2 1014/137/2 1015/138/2
f 1083/118/2 1015/138/2 1016/139/2
f 1083/118/2 1016/139/2 1017/140/2
f 1083/118/2 1017/140/2 1018/141/2
f 1083/118/2 1018/141/2 1019/142/2
f 1083/118/2 1019/142/2 1020/143/2
f 1083/118/2 1020/143/2 1021/144/2
f 1083/118/2 1021/144/2 1022/145/2
f 1083/118/2 1022/145/2 1023/146/2
f 1083/118/2 1023/146/2 1024/147/2
f 1083/118/2 1024/147/2 1025/135/2
f 1083/118/2 1025/135/2 1053/130/2
f 1082/148/2 1083/118/2 1053/130/2
f 1099/149/2 1100/127/2 1097/126/2
f 1099/149/2 1097/126/2 1098/150/2
f 1082/148/2 1053/130/2 1054/151/2
f 1081/152/2 1082/148/2 1054/151/2
f 1081/152/2 1054/151/2 1055/153/2
f 1080/154/2 1081/152/2 1055/153/2
f 1080/154/2 1055/153/2 1056/155/2
f 1079/156/2 1080/154/2 1056/155/2
f 1078/157/2 1079/156/2 1056/155/2
f 1078/157/2 1056/155/2 1057/158/2
f 1077/159/2 1078/157/2 1057/158/2
f 1077/159/2 1057/158/2 1058/160/2
f 1076/161/2 1077/159/2 1058/160/2
f 1076/161/2 1058/160/2 1059/162/2
f 1075/163/2 1076/161/2 1059/162/2
f 1075/163/2 1059/162/2 1060/164/2
f 1074/165/2 1075/163/2 1060/164/2
f 1074/165/2 1060/164/2 1061/166/2
f 1073/167/2 1074/165/2 1061/166/2
f 1072/168/1 1073/167/1 1061/166/1
f 1071/169/1 1072/168/1 1061/166/1
f 1070/170/1 1071/169/1 1061/166/1
f 1069/171/1 1070/170/1 1061/166/1
f 1068/172/1 1069/171/1 1061/166/1
f 1067/173/1 1068/172/1 1061/166/1
f 1066/174/1 1067/173/1 1061/166/1
f 1065/175/2 1066/174/2 1061/166/2
f 1064/176/1 1065/175/1 1061/166/1
f 1063/177/1 1064/176/1 1061/166/1
f 1062/178/1 1063/177/1 1061/166/1
f 1180/179/2 1181/181/2 1182/180/2
f 1180/179/2 1182/180/2 1179/182/2
f 1206/183/2 1207/185/2 1208/184/2
f 1206/183/2 1208/184/2 1183/186/2
f 1205/187/2 1206/183/2 1183/186/2
f 1205/187/2 1183/186/2 1184/188/2
f 1204/189/2 1205/187/2 1184/188/2
f 1204/189/2 1184/188/2 1185/190/2
f 1203/191/2 1204/189/2 1185/190/2
f 1203/191/2 1185/190/2 1186/192/2
f 1202/193/2 1203/191/2 1186/192/2
f 1202/193/2 1186/192/2 1187/194/2
f 1201/195/2 1202/193/2 1187/194/2
f 1201/195/2 1187/194/2 1188/196/2
f 1200/197/2 1201/195/2 1188/196/2
f 1200/197/2 1188/196/2 1189/198/2
f 1199/199/2 1200/197/2 1189/198/2
f 1199/199/2 1189/198/2 1190/200/2
f 1198/201/2 1199/199/2 1190/200/2
f 1198/201/2 1190/200/2 1191/202/2
f 1197/203/2 1198/201/2 1191/202/2
f 1197/203/2 1191/202/2 1192/204/2
f 1196/205/2 1197/203/2 1192/204/2
f 1196/205/2 1192/204/2 1193/206/2
f 1195/207/2 1196/205/2 1193/206/2
f 1195/207/2 1193/206/2 1194/208/2
f 1289/209/2 1290/211/2 1291/210/2
f 1263/212/2 1264/214/2 1265/213/2
f 1288/215/2 1289/209/2 1291/210/2
f 1263/212/2 1265/213/2 1266/216/2
f 1287/217/2 1288/215/2 1291/210/2
f 1287/217/2 1291/210/2 1235/218/2
f 1263/212/2 1266/216/2 1267/219/2
f 1262/220/2 1263/212/2 1267/219/2
f 1233/221/2 1234/223/2 1209/222/2
f 1286/224/2 1287/217/2 1235/218/2
f 1286/224/2 1235/218/2 1236/225/2
f 1262/220/2 1267/219/2 1268/226/2
f 1261/227/2 1262/220/2 1268/226/2
f 1286/224/2 1236/225/2 1237/228/2
f 1285/229/2 1286/224/2 1237/228/2
f 1260/230/2 1261/227/2 1268/226/2
f 1260/230/2 1268/226/2 1269/231/2
f 1232/232/2 1233/221/2 1209/222/2
f 1232/232/2 1209/222/2 1210/233/2
f 1285/229/2 1237/228/2 1238/234/2
f 1259/235/2 1260/230/2 1269/231/2
f 1259/235/2 1269/231/2 1270/236/2
f 1284/237/2 1285/229/2 1238/234/2
f 1284/237/2 1238/234/2 1239/238/2
f 1258/239/2 1259/235/2 1270/236/2
f 1258/239/2 1270/236/2 1271/240/2
f 1283/241/2 1284/237/2 1239/238/2
f 1231/242/2 1232/232/2 1210/233/2
f 1231/242/2 1210/233/2 1211/243/2
f 1283/241/2 1239/238/2 1240/244/2
f 1257/245/2 1258/239/2 1271/240/2
f 1257/245/2 1271/240/2 1272/246/2
f 1282/247/2 1283/241/2 1240/244/2
f 1282/247/2 1240/244/2 1241/248/2
f 1256/249/2 1257/245/2 1272/246/2
f 1256/249/2 1272/246/2 1273/250/2
f 1281/251/2 1282/247/2 1241/248/2
f 1281/251/2 1241/248/2 1242/252/2
f 1255/253/2 1256/249/2 1273/250/2
f 1230/254/2 1231/242/2 1211/243/2
f 1255/253/2 1273/250/2 1274/255/2
f 1230/254/2 1211/243/2 1212/256/2
f 1281/251/2 1242/252/2 1243/257/2
f 1254/258/2 1255/253/2 1274/255/2
f 1254/258/2 1274/255/2 1275/259/2
f 1280/260/2 1281/251/2 1243/257/2
f 1254/258/2 1275/259/2 1276/261/2
f 1280/260/2 1243/257/2 1244/262/2
f 1253/263/2 1254/258/2 1276/261/2
f 1279/264/2 1280/260/2 1244/262/2
f 1229/265/2 1230/254/2 1212/256/2
f 1229/265/2 1212/256/2 1213/266/2
f 1253/263/2 1276/261/2 1277/267/2
f 1279/264/2 1244/262/2 1245/268/2
f 1252/269/2 1253/263/2 1277/267/2
f 1278/270/2 1279/264/2 1245/268/2
f 1278/270/2 1245/268/2 1246/271/2
f 1251/272/2 1252/269/2 1277/267/2
f 1249/273/2 1250/274/2 1251/272/2
f 1249/273/2 1251/272/2 1277/267/2
f 1249/273/2 1277/267/2 1278/270/2
f 1249/273/2 1278/270/2 1246/271/2
f 1249/273/2 1246/271/2 1247/275/2
f 1249/273/2 1247/275/2 1248/276/2
f 1228/277/2 1229/265/2 1213/266/2
f 1228/277/2 1213/266/2 1214/278/2
f 1228/277/2 1214/278/2 1215/279/2
f 1227/280/2 1228/277/2 1215/279/2
f 1227/280/2 1215/279/2 1216/281/2
f 1226/282/2 1227/280/2 1216/281/2
f 1226/282/2 1216/281/2 1217/283/2
f 1225/284/2 1226/282/2 1217/283/2
f 1225/284/2 1217/283/2 1218/285/2
f 1224/286/2 1225/284/2 1218/285/2
f 1224/286/2 1218/285/2 1219/287/2
f 1223/288/2 1224/286/2 1219/287/2
f 1223/288/2 1219/287/2 1220/289/2
f 1222/290/2 1223/288/2 1220/289/2
f 1222/290/2 1220/289/2 1221/291/2
f 982/292/2 983/294/2 984/293/2
f 982/292/2 984/293/2 985/295/2
f 981/296/2 982/292/2 985/295/2
f 981/296/2 985/295/2 986/297/2
f 980/298/2 981/296/2 986/297/2
f 980/298/2 986/297/2 987/299/2
f 979/300/2 980/298/2 987/299/2
f 979/300/2 987/299/2 988/301/2
f 978/302/2 979/300/2 988/301/2
f 978/302/2 988/301/2 989/303/2
f 977/304/2 978/302/2 989/303/2
f 976/305/2 977/304/2 989/303/2
f 976/305/2 989/303/2 990/306/2
f 975/307/2 976/305/2 990/306/2
f 975/307/2 990/306/2 991/308/2
f 974/309/2 975/307/2 991/308/2
f 974/309/2 991/308/2 992/310/2
f 973/311/2 974/309/2 992/310/2
f 973/311/2 992/310/2 993/312/2
f 972/313/2 973/311/2 993/312/2
f 972/313/2 993/312/2 994/314/2
f 971/315/2 972/313/2 994/314/2
f 971/315/2 994/314/2 995/316/2
f 1000/317/2 971/315/2 995/316/2
f 998/318/2 999/319/2 1000/317/2
f 998/318/2 1000/317/2 995/316/2
f 998/318/2 995/316/2 996/320/2
f 998/318/2 996/320/2 997/321/2
f 1303/322/2 1304/324/2 1305/323/2
f 1303/322/2 1305/323/2 1302/325/2
f 1307/326/2 1308/328/2 1309/327/2
f 1307/326/2 1309/327/2 1306/329/2
f 1311/330/2 1312/332/2 1313/331/2
f 1311/330/2 1313/331/2 1310/333/2
f 1338/334/2 1339/336/2 1314/335/2
f 1338/334/2 1314/335/2 1315/337/2
f 1338/334/2 1315/337/2 1316/338/2
f 1338/334/2 1316/338/2 1317/339/2
f 1337/340/2 1338/334/2 1317/339/2
f 1337/340/2 1317/339/2 1318/341/2
f 1336/342/2 1337/340/2 1318/341/2
f 1336/342/2 1318/341/2 1319/343/2
f 1335/344/2 1336/342/2 1319/343/2
f 1335/344/2 1319/343/2 1320/345/2
f 1334/346/2 1335/344/2 1320/345/2
f 1334/346/2 1320/345/2 1321/347/2
f 1333/348/2 1334/346/2 1321/347/2
f 1333/348/2 1321/347/2 1322/349/2
f 1332/350/2 1333/348/2 1322/349/2
f 1332/350/2 1322/349/2 1323/351/2
f 1331/352/2 1332/350/2 1323/351/2
f 1331/352/2 1323/351/2 1324/353/2
f 1330/354/2 1331/352/2 1324/353/2
f 1330/354/2 1324/353/2 1325/355/2
f 1329/356/2 1330/354/2 1325/355/2
f 1329/356/2 1325/355/2 1328/357/2
f 1328/357/2 1325/355/2 1327/358/2
f 1327/358/2 1325/355/2 1326/359/2
f 1432/360/2 1433/361/2 1434/210/2
f 1432/360/2 1434/210/2 1431/362/2
f 1431/362/2 1434/210/2 1340/363/2
f 1430/364/2 1431/362/2 1340/363/2
f 1428/365/2 1429/367/2 1343/366/2
f 1343/366/2 1429/367/2 1430/364/2
f 1343/366/2 1430/364/2 1342/368/2
f 1342/368/2 1430/364/2 1340/363/2
f 1428/365/2 1343/366/2 1344/369/2
f 1341/370/2 1342/368/2 1340/363/2
f 1379/371/2 1380/373/2 1381/372/2
f 1379/371/2 1381/372/2 1382/374/2
f 1379/371/2 1382/374/2 1383/375/2
f 1379/371/2 1383/375/2 1384/376/2
f 1379/371/2 1384/376/2 1385/377/2
f 1379/371/2 1385/377/2 1386/378/2
f 1379/371/2 1386/378/2 1387/379/2
f 1379/371/2 1387/379/2 1388/380/2
f 1379/371/2 1388/380/2 1389/381/2
f 1379/371/2 1389/381/2 1390/382/2
f 1379/371/2 1390/382/2 1391/383/2
f 1379/371/2 1391/383/2 1392/384/2
f 1379/371/2 1392/384/2 1393/385/2
f 1378/386/2 1379/371/2 1393/385/2
f 1377/387/2 1378/386/2 1393/385/2
f 1377/387/2 1393/385/2 1394/388/2
f 1376/389/2 1377/387/2 1394/388/2
f 1376/389/2 1394/388/2 1395/390/2
f 1375/391/2 1376/389/2 1395/390/2
f 1427/392/2 1428/365/2 1344/369/2
f 1427/392/2 1344/369/2 1345/393/2
f 1374/394/2 1375/391/2 1395/390/2
f 1427/392/2 1345/393/2 1346/395/2
f 1374/394/2 1395/390/2 1396/396/2
f 1427/392/2 1346/395/2 1347/397/2
f 1373/398/2 1374/394/2 1396/396/2
f 1426/399/2 1427/392/2 1347/397/2
f 1426/399/2 1347/397/2 1348/400/2
f 1372/401/2 1373/398/2 1396/396/2
f 1426/399/2 1348/400/2 1349/402/2
f 1426/399/2 1349/402/2 1350/403/2
f 1371/404/2 1372/401/2 1396/396/2
f 1371/404/2 1396/396/2 1397/405/2
f 1426/399/2 1350/403/2 1351/406/2
f 1370/407/2 1371/404/2 1397/405/2
f 1425/408/2 1426/399/2 1351/406/2
f 1425/408/2 1351/406/2 1352/409/2
f 1425/408/2 1352/409/2 1353/410/2
f 1369/411/2 1370/407/2 1397/405/2
f 1425/408/2 1353/410/2 1354/412/2
f 1425/408/2 1354/412/2 1355/413/2
f 1368/414/2 1369/411/2 1397/405/2
f 1425/408/2 1355/413/2 1356/415/2
f 1425/408/2 1356/415/2 1357/416/2
f 1425/408/2 1357/416/2 1358/417/2
f 1425/408/2 1358/417/2 1359/418/2
f 1425/408/2 1359/418/2 1360/419/2
f 1425/408/2 1360/419/2 1361/420/2
f 1425/408/2 1361/420/2 1362/421/2
f 1425/408/2 1362/421/2 1363/86/2
f 1425/408/2 1363/86/2 1364/422/2
f 1425/408/2 1364/422/2 1365/423/2
f 1425/408/2 1365/423/2 1366/424/2
f 1425/408/2 1366/424/2 1367/425/2
f 1425/408/2 1367/425/2 1368/414/2
f 1425/408/2 1368/414/2 1397/405/2
f 1424/426/2 1425/408/2 1397/405/2
f 1424/426/2 1397/405/2 1398/427/2
f 1423/428/2 1424/426/2 1398/427/2
f 1423/428/2 1398/427/2 1399/429/2
f 1422/430/2 1423/428/2 1399/429/2
f 1422/430/2 1399/429/2 1400/431/2
f 1421/432/2 1422/430/2 1400/431/2
f 1421/432/2 1400/431/2 1401/433/2
f 1420/434/2 1421/432/2 1401/433/2
f 1419/435/2 1420/434/2 1401/433/2
f 1419/435/2 1401/433/2 1402/436/2
f 1418/437/2 1419/435/2 1402/436/2
f 1418/437/2 1402/436/2 1403/438/2
f 1417/439/2 1418/437/2 1403/438/2
f 1417/439/2 1403/438/2 1404/440/2
f 1416/441/2 1417/439/2 1404/440/2
f 1415/442/1 1416/441/1 1404/440/1
f 1414/443/1 1415/442/1 1404/440/1
f 1413/444/1 1414/443/1 1404/440/1
f 1412/445/1 1413/444/1 1404/440/1
f 1411/446/1 1412/445/1 1404/440/1
f 1410/447/1 1411/446/1 1404/440/1
f 1409/448/1 1410/447/1 1404/440/1
f 1408/449/1 1409/448/1 1404/440/1
f 1407/450/1 1408/449/1 1404/440/1
f 1406/451/1 1407/450/1 1404/440/1
f 1405/452/1 1406/451/1 1404/440/1
f 1295/453/2 1296/455/2 1300/454/2
f 1300/454/2 1296/455/2 1297/456/2
f 1300/454/2 1297/456/2 1299/457/2
f 1299/457/2 1297/456/2 1292/315/2
f 1295/453/2 1300/454/2 1301/458/2
f 1298/459/2 1299/457/2 1292/315/2
f 1295/453/2 1301/458/2 1293/460/2
f 1293/460/2 1301/458/2 1298/459/2
f 1293/460/2 1298/459/2 1292/315/2
f 1295/453/2 1293/460/2 1294/461/2
f 1505/462/2 1506/464/2 1507/463/2
f 1504/465/2 1505/462/2 1507/463/2
f 1503/466/2 1504/465/2 1507/463/2
f 1502/467/2 1503/466/2 1507/463/2
f 1501/468/2 1502/467/2 1507/463/2
f 1500/469/2 1501/468/2 1507/463/2
f 1499/470/2 1500/469/2 1507/463/2
f 1498/471/2 1499/470/2 1507/463/2
f 1497/472/2 1498/471/2 1507/463/2
f 1496/473/2 1497/472/2 1507/463/2
f 1495/474/2 1496/473/2 1507/463/2
f 1494/475/2 1495/474/2 1507/463/2
f 1493/476/2 1494/475/2 1507/463/2
f 1492/477/2 1493/476/2 1507/463/2
f 1491/478/2 1492/477/2 1507/463/2
f 1490/479/2 1491/478/2 1507/463/2
f 1489/480/2 1490/479/2 1507/463/2
f 1488/481/2 1489/480/2 1507/463/2
f 1487/482/2 1488/481/2 1507/463/2
f 1688/483/2 1689/485/2 1690/484/2
f 1486/486/2 1487/482/2 1507/463/2
f 1688/483/2 1690/484/2 1691/487/2
f 1688/483/2 1691/487/2 1692/488/2
f 1485/489/2 1486/486/2 1507/463/2
f 1688/483/2 1692/488/2 1693/490/2
f 1688/483/2 1693/490/2 1694/491/2
f 1484/492/2 1485/489/2 1507/463/2
f 1688/483/2 1694/491/2 1695/493/2
f 1688/483/2 1695/493/2 1696/494/2
f 1483/495/2 1484/492/2 1507/463/2
f 1688/483/2 1696/494/2 1697/496/2
f 1688/483/2 1697/496/2 1698/497/2
f 1688/483/2 1698/497/2 1699/498/2
f 1701/210/2 1483/495/2 1507/463/2
f 1688/483/2 1699/498/2 1700/499/2
f 1688/483/2 1700/499/2 1701/210/2
f 1688/483/2 1701/210/2 1687/500/2
f 1687/500/2 1701/210/2 1686/501/2
f 1686/501/2 1701/210/2 1685/502/2
f 1685/502/2 1701/210/2 1684/503/2
f 1684/503/2 1701/210/2 1683/504/2
f 1683/504/2 1701/210/2 1682/505/2
f 1682/505/2 1701/210/2 1681/506/2
f 1681/506/2 1701/210/2 1507/463/2
f 1681/506/2 1507/463/2 1680/507/2
f 1680/507/2 1507/463/2 1508/508/2
f 1680/507/2 1508/508/2 1679/509/2
f 1679/509/2 1508/508/2 1509/510/2
f 1679/509/2 1509/510/2 1678/511/2
f 1678/511/2 1509/510/2 1510/512/2
f 1678/511/2 1510/512/2 1677/513/2
f 1677/513/2 1510/512/2 1511/514/2
f 1677/513/2 1511/514/2 1675/515/2
f 1675/515/2 1511/514/2 1674/516/2
f 1674/516/2 1511/514/2 1673/517/2
f 1673/517/2 1511/514/2 1672/518/2
f 1672/518/2 1511/514/2 1671/519/2
f 1671/519/2 1511/514/2 1670/520/2
f 1670/520/2 1511/514/2 1512/521/2
f 1670/520/2 1512/521/2 1669/522/2
f 1669/522/2 1512/521/2 1668/523/2
f 1668/523/2 1512/521/2 1667/524/2
f 1667/524/2 1512/521/2 1666/525/2
f 1666/525/2 1512/521/2 1665/526/2
f 1665/526/2 1512/521/2 1664/527/2
f 1664/527/2 1512/521/2 1513/528/2
f 1664/527/2 1513/528/2 1514/529/2
f 1663/530/2 1664/527/2 1514/529/2
f 1663/530/2 1514/529/2 1515/531/2
f 1663/530/2 1515/531/2 1516/532/2
f 1663/530/2 1516/532/2 1517/533/2
f 1663/530/2 1517/533/2 1518/534/2
f 1662/535/2 1663/530/2 1518/534/2
f 1677/513/2 1675/515/2 1676/536/2
f 1662/535/2 1518/534/2 1519/537/2
f 1662/535/2 1519/537/2 1520/538/2
f 1661/539/2 1662/535/2 1520/538/2
f 1661/539/2 1520/538/2 1521/540/2
f 1660/541/2 1661/539/2 1521/540/2
f 1660/541/2 1521/540/2 1522/542/2
f 1660/541/2 1522/542/2 1523/543/2
f 1659/544/2 1660/541/2 1523/543/2
f 1659/544/2 1523/543/2 1524/545/2
f 1658/546/2 1659/544/2 1524/545/2
f 1657/547/2 1658/546/2 1524/545/2
f 1657/547/2 1524/545/2 1525/548/2
f 1656/549/2 1657/547/2 1525/548/2
f 1656/549/2 1525/548/2 1526/550/2
f 1655/551/2 1656/549/2 1526/550/2
f 1655/551/2 1526/550/2 1527/552/2
f 1654/553/2 1655/551/2 1527/552/2
f 1654/553/2 1527/552/2 1528/554/2
f 1653/555/2 1654/553/2 1528/554/2
f 1653/555/2 1528/554/2 1529/556/2
f 1652/557/2 1653/555/2 1529/556/2
f 1651/558/2 1652/557/2 1529/556/2
f 1651/558/2 1529/556/2 1530/559/2
f 1650/560/2 1651/558/2 1530/559/2
f 1542/561/2 1543/563/2 1544/562/2
f 1541/564/2 1542/561/2 1544/562/2
f 1540/565/2 1541/564/2 1544/562/2
f 1539/566/2 1540/565/2 1544/562/2
f 1538/567/2 1539/566/2 1544/562/2
f 1538/567/2 1544/562/2 1545/568/2
f 1537/569/2 1538/567/2 1545/568/2
f 1650/560/2 1530/559/2 1531/570/2
f 1536/571/2 1537/569/2 1545/568/2
f 1535/572/2 1536/571/2 1545/568/2
f 1649/573/2 1650/560/2 1531/570/2
f 1535/572/2 1545/568/2 1546/574/2
f 1534/575/2 1535/572/2 1546/574/2
f 1533/576/2 1534/575/2 1546/574/2
f 1532/577/2 1533/576/2 1546/574/2
f 1531/570/2 1532/577/2 1546/574/2
f 1531/570/2 1546/574/2 1547/578/2
f 1649/573/2 1531/570/2 1547/578/2
f 1648/579/2 1649/573/2 1547/578/2
f 1648/579/2 1547/578/2 1548/580/2
f 1647/581/2 1648/579/2 1548/580/2
f 1647/581/2 1548/580/2 1627/582/2
f 1627/582/2 1548/580/2 1549/583/2
f 1647/581/2 1627/582/2 1628/584/2
f 1626/585/2 1627/582/2 1549/583/2
f 1646/586/2 1647/581/2 1628/584/2
f 1646/586/2 1628/584/2 1629/587/2
f 1625/588/2 1626/585/2 1549/583/2
f 1625/588/2 1549/583/2 1550/589/2
f 1646/586/2 1629/587/2 1630/590/2
f 1624/591/2 1625/588/2 1550/589/2
f 1623/592/2 1624/591/2 1550/589/2
f 1646/586/2 1630/590/2 1631/593/2
f 1645/594/2 1646/586/2 1631/593/2
f 1622/595/2 1623/592/2 1550/589/2
f 1645/594/2 1631/593/2 1632/596/2
f 1622/595/2 1550/589/2 1551/597/2
f 1621/598/2 1622/595/2 1551/597/2
f 1645/594/2 1632/596/2 1633/599/2
f 1644/600/2 1645/594/2 1633/599/2
f 1620/601/2 1621/598/2 1551/597/2
f 1644/600/2 1633/599/2 1634/602/2
f 1620/601/2 1551/597/2 1552/603/2
f 1643/604/2 1644/600/2 1634/602/2
f 1619/605/2 1620/601/2 1552/603/2
f 1643/604/2 1634/602/2 1635/606/2
f 1619/605/2 1552/603/2 1553/607/2
f 1618/608/2 1619/605/2 1553/607/2
f 1642/609/2 1643/604/2 1635/606/2
f 1642/609/2 1635/606/2 1636/610/2
f 1617/611/2 1618/608/2 1553/607/2
f 1641/612/2 1642/609/2 1636/610/2
f 1617/611/2 1553/607/2 1554/613/2
f 1641/612/2 1636/610/2 1637/614/2
f 1640/615/2 1641/612/2 1637/614/2
f 1616/616/2 1617/611/2 1554/613/2
f 1616/616/2 1554/613/2 1555/617/2
f 1640/615/2 1637/614/2 1638/618/2
f 1639/619/2 1640/615/2 1638/618/2
f 1615/620/2 1616/616/2 1555/617/2
f 1590/621/2 1591/623/2 1592/622/2
f 1589/624/2 1590/621/2 1592/622/2
f 1589/624/2 1592/622/2 1593/625/2
f 1588/626/2 1589/624/2 1593/625/2
f 1614/627/2 1615/620/2 1555/617/2
f 1588/626/2 1593/625/2 1594/628/2
f 1614/627/2 1555/617/2 1556/629/2
f 1587/630/2 1588/626/2 1594/628/2
f 1587/630/2 1594/628/2 1595/631/2
f 1586/632/2 1587/630/2 1595/631/2
f 1586/632/2 1595/631/2 1596/633/2
f 1613/634/2 1614/627/2 1556/629/2
f 1585/635/2 1586/632/2 1596/633/2
f 1585/635/2 1596/633/2 1597/636/2
f 1584/637/2 1585/635/2 1597/636/2
f 1612/638/2 1613/634/2 1556/629/2
f 1612/638/2 1556/629/2 1557/639/2
f 1583/640/2 1584/637/2 1597/636/2
f 1583/640/2 1597/636/2 1482/641/2
f 1482/641/2 1597/636/2 1598/642/2
f 1583/640/2 1482/641/2 1435/315/2
f 1481/643/4 1482/641/4 1598/642/4
f 1583/640/2 1435/315/2 1436/644/2
f 1480/645/2 1481/643/2 1598/642/2
f 1583/640/2 1436/644/2 1437/646/2
f 1611/647/2 1612/638/2 1557/639/2
f 1479/648/2 1480/645/2 1598/642/2
f 1583/640/2 1437/646/2 1438/649/2
f 1582/650/2 1583/640/2 1438/649/2
f 1582/650/2 1438/649/2 1439/651/2
f 1479/648/2 1598/642/2 1599/652/2
f 1478/653/2 1479/648/2 1599/652/2
f 1582/650/2 1439/651/2 1440/654/2
f 1477/655/2 1478/653/2 1599/652/2
f 1582/650/2 1440/654/2 1441/656/2
f 1610/657/2 1611/647/2 1557/639/2
f 1581/658/2 1582/650/2 1441/656/2
f 1610/657/2 1557/639/2 1558/659/2
f 1581/658/2 1441/656/2 1442/660/2
f 1476/661/2 1477/655/2 1599/652/2
f 1476/661/2 1599/652/2 1600/662/2
f 1581/658/2 1442/660/2 1443/663/2
f 1609/664/2 1610/657/2 1558/659/2
f 1580/665/2 1581/658/2 1443/663/2
f 1475/666/2 1476/661/2 1600/662/2
f 1580/665/2 1443/663/2 1444/667/2
f 1580/665/2 1444/667/2 1445/668/2
f 1475/666/2 1600/662/2 1601/669/2
f 1608/670/2 1609/664/2 1558/659/2
f 1474/671/2 1475/666/2 1601/669/2
f 1579/672/2 1580/665/2 1445/668/2
f 1579/672/2 1445/668/2 1446/673/2
f 1608/670/2 1558/659/2 1559/674/2
f 1579/672/2 1446/673/2 1447/675/2
f 1607/676/2 1608/670/2 1559/674/2
f 1473/677/2 1474/671/2 1601/669/2
f 1578/678/2 1579/672/2 1447/675/2
f 1473/677/2 1601/669/2 1602/679/2
f 1578/678/2 1447/675/2 1448/680/2
f 1606/681/2 1607/676/2 1559/674/2
f 1472/682/2 1473/677/2 1602/679/2
f 1578/678/2 1448/680/2 1449/683/2
f 1606/681/2 1559/674/2 1560/684/2
f 1605/685/2 1606/681/2 1560/684/2
f 1577/686/2 1578/678/2 1449/683/2
f 1472/682/2 1602/679/2 1603/687/2
f 1577/686/2 1449/683/2 1450/688/2
f 1471/689/2 1472/682/2 1603/687/2
f 1604/690/2 1605/685/2 1560/684/2
f 1577/686/2 1450/688/2 1451/691/2
f 1603/687/2 1604/690/2 1560/684/2
f 1576/692/2 1577/686/2 1451/691/2
f 1576/692/2 1451/691/2 1452/693/2
f 1603/687/2 1560/684/2 1561/694/2
f 1470/695/2 1471/689/2 1603/687/2
f 1470/695/2 1603/687/2 1561/694/2
f 1576/692/2 1452/693/2 1453/696/2
f 1575/697/2 1576/692/2 1453/696/2
f 1575/697/2 1453/696/2 1454/698/2
f 1575/697/2 1454/698/2 1455/699/2
f 1469/700/2 1470/695/2 1561/694/2
f 1575/697/2 1455/699/2 1456/701/2
f 1468/702/2 1469/700/2 1561/694/2
f 1467/703/2 1468/702/2 1561/694/2
f 1466/704/2 1467/703/2 1561/694/2
f 1465/705/2 1466/704/2 1561/694/2
f 1575/697/2 1456/701/2 1457/706/2
f 1465/705/2 1561/694/2 1562/707/2
f 1464/708/2 1465/705/2 1562/707/2
f 1463/709/2 1464/708/2 1562/707/2
f 1462/710/2 1463/709/2 1562/707/2
f 1461/711/2 1462/710/2 1562/707/2
f 1575/697/2 1457/706/2 1458/712/2
f 1460/713/2 1461/711/2 1562/707/2
f 1459/714/2 1460/713/2 1562/707/2
f 1458/712/2 1459/714/2 1562/707/2
f 1575/697/2 1458/712/2 1562/707/2
f 1574/715/2 1575/697/2 1562/707/2
f 1573/716/2 1574/715/2 1562/707/2
f 1573/716/2 1562/707/2 1563/717/2
f 1572/718/2 1573/716/2 1563/717/2
f 1572/718/2 1563/717/2 1564/719/2
f 1571/720/2 1572/718/2 1564/719/2
f 1571/720/2 1564/719/2 1565/721/2
f 1570/722/2 1571/720/2 1565/721/2
f 1569/723/2 1570/722/2 1565/721/2
f 1569/723/2 1565/721/2 1566/724/2
f 1568/86/2 1569/723/2 1566/724/2
f 1568/86/2 1566/724/2 1567/725/2
f 1939/726/2 1940/210/2 1915/727/2
f 1939/726/2 1915/727/2 1916/728/2
f 1939/726/2 1916/728/2 1917/729/2
f 1938/730/2 1939/726/2 1917/729/2
f 1938/730/2 1917/729/2 1918/731/2
f 1937/732/2 1938/730/2 1918/731/2
f 1937/732/2 1918/731/2 1919/733/2
f 1936/734/2 1937/732/2 1919/733/2
f 1936/734/2 1919/733/2 1920/735/2
f 1935/736/2 1936/734/2 1920/735/2
f 1935/736/2 1920/735/2 1921/737/2
f 1934/738/2 1935/736/2 1921/737/2
f 1934/738/2 1921/737/2 1922/739/2
f 1933/740/2 1934/738/2 1922/739/2
f 1933/740/2 1922/739/2 1923/505/2
f 1932/741/2 1933/740/2 1923/505/2
f 1932/741/2 1923/505/2 1924/742/2
f 1931/743/2 1932/741/2 1924/742/2
f 1931/743/2 1924/742/2 1925/744/2
f 1931/743/2 1925/744/2 1926/745/2
f 1930/746/2 1931/743/2 1926/745/2
f 1930/746/2 1926/745/2 1929/747/2
f 1929/747/2 1926/745/2 1928/748/2
f 1928/748/2 1926/745/2 1927/749/2
f 1740/750/2 1741/752/2 1742/751/2
f 1766/753/2 1767/755/2 1768/754/2
f 1740/750/2 1742/751/2 1743/756/2
f 1765/757/2 1766/753/2 1768/754/2
f 1740/750/2 1743/756/2 1744/758/2
f 1764/759/2 1765/757/2 1768/754/2
f 1764/759/2 1768/754/2 1769/760/2
f 1739/761/2 1740/750/2 1744/758/2
f 1739/761/2 1744/758/2 1745/762/2
f 1764/759/2 1769/760/2 1770/514/2
f 1738/763/2 1739/761/2 1745/762/2
f 1763/764/2 1764/759/2 1770/514/2
f 1738/763/2 1745/762/2 1746/765/2
f 1737/766/2 1738/763/2 1746/765/2
f 1763/764/2 1770/514/2 1771/767/2
f 1737/766/2 1746/765/2 1747/768/2
f 1762/769/2 1763/764/2 1771/767/2
f 1736/677/2 1737/766/2 1747/768/2
f 1762/769/2 1771/767/2 1772/770/2
f 1736/677/2 1747/768/2 1748/771/2
f 1761/772/2 1762/769/2 1772/770/2
f 1735/773/2 1736/677/2 1748/771/2
f 1761/772/2 1772/770/2 1773/774/2
f 1735/773/2 1748/771/2 1749/775/2
f 1760/776/2 1761/772/2 1773/774/2
f 1734/777/2 1735/773/2 1749/775/2
f 1760/776/2 1773/774/2 1774/778/2
f 1734/777/2 1749/775/2 1750/779/2
f 1759/780/2 1760/776/2 1774/778/2
f 1733/781/2 1734/777/2 1750/779/2
f 1759/780/2 1774/778/2 1775/782/2
f 1733/781/2 1750/779/2 1751/783/2
f 1759/780/2 1775/782/2 1776/784/2
f 1732/785/2 1733/781/2 1751/783/2
f 1758/786/2 1759/780/2 1776/784/2
f 1732/785/2 1751/783/2 1752/787/2
f 1758/786/2 1776/784/2 1777/788/2
f 1731/789/2 1732/785/2 1752/787/2
f 1731/789/2 1752/787/2 1753/477/2
f 1757/790/2 1758/786/2 1777/788/2
f 1757/790/2 1777/788/2 1778/791/2
f 1730/792/2 1731/789/2 1753/477/2
f 1730/792/2 1753/477/2 1754/793/2
f 1756/794/2 1757/790/2 1778/791/2
f 1756/794/2 1778/791/2 1779/795/2
f 1729/796/2 1730/792/2 1754/793/2
f 1755/797/2 1756/794/2 1779/795/2
f 1755/797/2 1779/795/2 1780/798/2
f 1728/799/2 1729/796/2 1754/793/2
f 1726/800/2 1727/801/2 1728/799/2
f 1726/800/2 1728/799/2 1754/793/2
f 1726/800/2 1754/793/2 1755/797/2
f 1726/800/2 1755/797/2 1780/798/2
f 1726/800/2 1780/798/2 1781/802/2
f 1726/800/2 1781/802/2 1782/803/2
f 1725/804/1 1726/800/1 1782/803/1
f 1724/805/2 1725/804/2 1783/806/2
f 1783/806/1 1725/804/1 1782/803/1
f 1724/805/2 1783/806/2 1784/807/2
f 1723/808/2 1724/805/2 1784/807/2
f 1723/808/2 1784/807/2 1785/809/2
f 1722/810/2 1723/808/2 1785/809/2
f 1722/810/2 1785/809/2 1786/811/2
f 1721/812/2 1722/810/2 1786/811/2
f 1721/812/2 1786/811/2 1787/559/2
f 1720/813/2 1721/812/2 1787/559/2
f 1720/813/2 1787/559/2 1788/814/2
f 1719/698/2 1720/813/2 1788/814/2
f 1719/698/2 1788/814/2 1789/815/2
f 1718/816/2 1719/698/2 1789/815/2
f 1718/816/2 1789/815/2 1790/817/2
f 1717/818/2 1718/816/2 1790/817/2
f 1717/818/2 1790/817/2 1791/819/2
f 1716/820/2 1717/818/2 1791/819/2
f 1716/820/2 1791/819/2 1792/821/2
f 1715/822/2 1716/820/2 1792/821/2
f 1715/822/2 1792/821/2 1793/823/2
f 1714/824/2 1715/822/2 1793/823/2
f 1714/824/2 1793/823/2 1794/825/2
f 1800/826/2 1714/824/2 1794/825/2
f 1800/826/2 1794/825/2 1795/827/2
f 1798/828/2 1799/830/2 1712/829/2
f 1712/829/2 1799/830/2 1800/826/2
f 1712/829/2 1800/826/2 1795/827/2
f 1712/829/2 1795/827/2 1796/831/2
f 1712/829/2 1796/831/2 1711/832/2
f 1711/832/2 1796/831/2 1797/833/2
f 1798/828/2 1712/829/2 1713/834/2
f 1710/835/2 1711/832/2 1797/833/2
f 1911/836/2 1912/838/2 1913/837/2
f 1911/836/2 1913/837/2 1910/839/2
f 1910/839/2 1913/837/2 1914/840/2
f 1798/828/2 1713/834/2 1704/841/2
f 1704/841/2 1713/834/2 1710/835/2
f 1704/841/2 1710/835/2 1703/842/2
f 1703/842/2 1710/835/2 1797/833/2
f 1909/843/2 1910/839/2 1914/840/2
f 1798/828/2 1704/841/2 1705/844/2
f 1702/315/2 1703/842/2 1797/833/2
f 1798/828/2 1705/844/2 1708/845/2
f 1708/845/2 1705/844/2 1702/315/2
f 1708/845/2 1702/315/2 1707/846/2
f 1707/846/2 1702/315/2 1797/833/2
f 1798/828/2 1708/845/2 1709/847/2
f 1706/848/2 1707/846/2 1797/833/2
f 1798/828/2 1709/847/2 1706/848/2
f 1798/828/2 1706/848/2 1797/833/2
f 1908/849/2 1909/843/2 1914/840/2
f 1908/849/2 1914/840/2 1801/850/2
f 1907/851/2 1908/849/2 1801/850/2
f 1907/851/2 1801/850/2 1802/852/2
f 1907/851/2 1802/852/2 1803/853/2
f 1906/530/2 1907/851/2 1803/853/2
f 1906/530/2 1803/853/2 1804/583/2
f 1906/530/2 1804/583/2 1805/854/2
f 1905/855/2 1906/530/2 1805/854/2
f 1905/855/2 1805/854/2 1806/856/2
f 1905/855/2 1806/856/2 1807/857/2
f 1904/858/2 1905/855/2 1807/857/2
f 1904/858/2 1807/857/2 1808/859/2
f 1904/858/2 1808/859/2 1809/860/2
f 1903/861/2 1904/858/2 1809/860/2
f 1903/861/2 1809/860/2 1810/862/2
f 1903/861/2 1810/862/2 1811/863/2
f 1902/864/2 1903/861/2 1811/863/2
f 1902/864/2 1811/863/2 1812/865/2
f 1902/864/2 1812/865/2 1813/866/2
f 1901/867/2 1902/864/2 1884/868/2
f 1884/868/2 1902/864/2 1813/866/2
f 1901/867/2 1884/868/2 1885/869/2
f 1883/870/2 1884/868/2 1813/866/2
f 1882/871/2 1883/870/2 1813/866/2
f 1901/867/2 1885/869/2 1886/872/2
f 1881/873/2 1882/871/2 1813/866/2
f 1881/873/2 1813/866/2 1814/874/2
f 1901/867/2 1886/872/2 1887/875/2
f 1880/876/2 1881/873/2 1814/874/2
f 1900/877/2 1901/867/2 1887/875/2
f 1879/878/2 1880/876/2 1814/874/2
f 1900/877/2 1887/875/2 1888/879/2
f 1879/878/2 1814/874/2 1815/880/2
f 1878/881/2 1879/878/2 1815/880/2
f 1900/877/2 1888/879/2 1889/600/2
f 1878/881/2 1815/880/2 1816/882/2
f 1899/883/2 1900/877/2 1889/600/2
f 1877/884/2 1878/881/2 1816/882/2
f 1835/885/2 1836/887/2 1837/886/2
f 1877/884/2 1816/882/2 1817/888/2
f 1834/889/2 1835/885/2 1837/886/2
f 1876/890/2 1877/884/2 1817/888/2
f 1899/883/2 1889/600/2 1890/891/2
f 1833/892/2 1834/889/2 1837/886/2
f 1833/892/2 1837/886/2 1838/630/2
f 1876/890/2 1817/888/2 1818/893/2
f 1832/894/2 1833/892/2 1838/630/2
f 1831/895/2 1832/894/2 1838/630/2
f 1876/890/2 1818/893/2 1819/896/2
f 1898/897/2 1899/883/2 1890/891/2
f 1875/898/2 1876/890/2 1819/896/2
f 1831/895/2 1838/630/2 1839/899/2
f 1830/900/2 1831/895/2 1839/899/2
f 1875/898/2 1819/896/2 1820/901/2
f 1829/902/2 1830/900/2 1839/899/2
f 1828/903/2 1829/902/2 1839/899/2
f 1875/898/2 1820/901/2 1821/86/2
f 1898/897/2 1890/891/2 1891/904/2
f 1827/905/2 1828/903/2 1839/899/2
f 1875/898/2 1821/86/2 1822/906/2
f 1874/907/2 1875/898/2 1822/906/2
f 1826/908/2 1827/905/2 1839/899/2
f 1826/908/2 1839/899/2 1840/909/2
f 1874/907/2 1822/906/2 1823/910/2
f 1825/911/2 1826/908/2 1840/909/2
f 1874/907/2 1823/910/2 1824/912/2
f 1824/912/2 1825/911/2 1840/909/2
f 1874/907/2 1824/912/2 1840/909/2
f 1897/913/2 1898/897/2 1891/904/2
f 1873/914/2 1874/907/2 1840/909/2
f 1873/914/2 1840/909/2 1841/915/2
f 1897/913/2 1891/904/2 1892/916/2
f 1872/588/2 1873/914/2 1841/915/2
f 1872/588/2 1841/915/2 1842/917/2
f 1896/918/2 1897/913/2 1895/919/2
f 1895/919/2 1897/913/2 1894/920/2
f 1894/920/2 1897/913/2 1893/921/2
f 1893/921/2 1897/913/2 1892/916/2
f 1871/922/2 1872/588/2 1842/917/2
f 1871/922/2 1842/917/2 1843/923/2
f 1871/922/2 1843/923/2 1844/924/2
f 1870/925/2 1871/922/2 1844/924/2
f 1870/925/2 1844/924/2 1845/926/2
f 1869/927/2 1870/925/2 1845/926/2
f 1869/927/2 1845/926/2 1846/928/2
f 1868/929/2 1869/927/2 1846/928/2
f 1868/929/2 1846/928/2 1847/930/2
f 1867/931/2 1868/929/2 1847/930/2
f 1867/931/2 1847/930/2 1848/932/2
f 1866/933/2 1867/931/2 1848/932/2
f 1866/933/2 1848/932/2 1849/934/2
f 1865/935/2 1866/933/2 1849/934/2
f 1865/935/2 1849/934/2 1850/936/2
f 1865/935/2 1850/936/2 1851/937/2
f 1865/935/2 1851/937/2 1852/938/2
f 1864/939/2 1865/935/2 1852/938/2
f 1864/939/2 1852/938/2 1853/940/2
f 1864/939/2 1853/940/2 1854/941/2
f 1863/942/2 1864/939/2 1854/941/2
f 1863/942/2 1854/941/2 1855/681/2
f 1863/942/2 1855/681/2 1856/943/2
f 1862/944/2 1863/942/2 1856/943/2
f 1862/944/2 1856/943/2 1857/945/2
f 1862/944/2 1857/945/2 1858/946/2
f 1861/947/2 1862/944/2 1858/946/2
f 1861/947/2 1858/946/2 1859/948/2
f 1860/949/2 1861/947/2 1859/948/2
s 1
f 1942/950/5 1944/951/6 1943/952/6 1941/315/5
f 1944/951/6 1946/953/7 1945/954/7 1943/952/6
f 1946/953/7 1948/955/8 1947/956/8 1945/954/7
f 1948/955/8 1950/957/9 1949/958/9 1947/956/8
f 1950/957/9 1952/959/10 1951/960/10 1949/958/9
f 1952/959/10 1954/961/11 1953/962/11 1951/960/10
f 1954/961/11 1956/963/12 1955/964/12 1953/962/11
f 1956/963/12 1958/965/13 1957/966/13 1955/964/12
f 1958/965/13 1960/967/14 1959/968/14 1957/966/13
f 1960/967/14 1962/969/15 1961/970/15 1959/968/14
f 1962/969/15 1964/971/16 1963/972/16 1961/970/15
f 1964/971/16 1966/973/17 1965/974/17 1963/972/16
f 1966/973/17 1968/975/18 1967/86/18 1965/974/17
f 1968/975/18 1970/976/19 1969/977/19 1967/86/18
f 1970/976/19 1972/978/20 1971/979/20 1969/977/19
f 1972/978/20 1974/980/21 1973/981/21 1971/979/20
f 1974/980/21 1976/982/22 1975/983/22 1973/981/21
f 1976/982/22 1978/984/23 1977/985/23 1975/983/22
f 1978/984/23 1980/986/24 1979/987/24 1977/985/23
f 1980/986/24 1982/988/25 1981/989/25 1979/987/24
f 1982/988/25 1984/990/26 1983/991/26 1981/989/25
f 1984/990/26 1986/992/27 1985/993/27 1983/991/26
f 1986/992/27 1988/994/28 1987/995/28 1985/993/27
f 1988/994/28 1990/996/29 1989/997/29 1987/995/28
f 1990/996/29 1992/998/30 1991/999/30 1989/997/29
f 1992/998/30 1942/1000/5 1941/210/5 1991/999/30
f 1994/950/31 1996/1001/32 1995/100/32 1993/315/31
f 1996/1001/32 1998/975/33 1997/86/33 1995/100/32
f 1998/975/33 2000/1002/34 1999/243/34 1997/86/33
f 2000/1002/34 1994/1000/31 1993/210/31 1999/243/34
f 2002/950/31 2004/1001/32 2003/100/32 2001/315/31
f 2004/1001/32 2006/975/33 2005/86/33 2003/100/32
f 2006/975/33 2008/1002/34 2007/243/34 2005/86/33
f 2008/1002/34 2002/1000/31 2001/210/31 2007/243/34
f 2010/950/31 2012/1001/32 2011/100/32 2009/315/31
f 2012/1001/32 2014/975/33 2013/86/33 2011/100/32
f 2014/975/33 2016/1002/34 2015/243/34 2013/86/33
f 2016/1002/34 2010/1000/31 2009/210/31 2015/243/34
f 2018/950/35 2020/1003/36 2019/1004/36 2017/315/35
f 2020/1003/36 2022/1005/37 2021/1006/37 2019/1004/36
f 2022/1005/37 2024/1007/38 2023/1008/38 2021/1006/37
f 2024/1007/38 2026/1009/39 2025/1010/39 2023/1008/38
f 2026/1009/39 2028/1011/40 2027/1012/40 2025/1010/39
f 2028/1011/40 2030/1013/41 2029/1014/41 2027/1012/40
f 2030/1013/41 2032/1015/42 2031/1016/42 2029/1014/41
f 2032/1015/42 2034/1017/43 2033/1018/43 2031/1016/42
f 2034/1017/43 2036/1019/44 2035/1020/44 2033/1018/43
f 2036/1019/44 2038/1021/45 2037/1022/45 2035/1020/44
f 2038/1021/45 2040/1023/46 2039/1024/46 2037/1022/45
f 2040/1023/46 2042/1025/32 2041/1026/32 2039/1024/46
f 2042/1025/32 2044/1027/31 2043/1028/31 2041/1026/32
f 2044/1027/31 2046/1029/47 2045/1030/47 2043/1028/31
f 2046/1029/47 2048/1031/48 2047/1032/48 2045/1030/47
f 2048/1031/48 2050/1033/49 2049/1034/49 2047/1032/48
f 2050/1033/49 2052/1035/50 2051/1036/50 2049/1034/49
f 2052/1035/50 2054/1037/51 2053/1038/51 2051/1036/50
f 2054/1037/51 2056/1039/52 2055/1040/52 2053/1038/51
f 2056/1039/52 2058/1041/53 2057/1042/53 2055/1040/52
f 2058/1041/53 2060/1043/54 2059/1044/54 2057/1042/53
f 2060/1043/54 2062/1045/55 2061/1046/55 2059/1044/54
f 2062/1045/55 2064/1047/56 2063/1048/56 2061/1046/55
f 2064/1047/56 2066/1049/57 2065/1050/57 2063/1048/56
f 2066/1049/57 2068/1051/58 2067/1052/58 2065/1050/57
f 2068/1051/58 2070/1053/59 2069/1054/59 2067/1052/58
f 2070/1053/59 2072/1055/60 2071/1056/60 2069/1054/59
f 2072/1055/60 2074/1057/61 2073/1058/61 2071/1056/60
f 2074/1057/61 2076/1059/62 2075/1060/62 2073/1058/61
f 2076/1059/62 2078/1061/63 2077/1062/63 2075/1060/62
f 2078/1061/63 2080/1063/64 2079/1064/64 2077/1062/63
f 2080/1063/64 2082/1065/65 2081/1066/65 2079/1064/64
f 2082/1065/65 2084/1067/66 2083/1068/66 2081/1066/65
f 2084/1067/66 2086/1069/67 2085/1070/67 2083/1068/66
f 2086/1069/67 2088/1071/68 2087/1072/68 2085/1070/67
f 2088/1071/68 2090/1073/69 2089/1074/69 2087/1072/68
f 2090/1073/69 2092/1075/70 2091/1076/70 2089/1074/69
f 2092/1075/70 2094/1077/71 2093/1078/71 2091/1076/70
f 2094/1077/71 2096/1079/72 2095/1080/72 2093/1078/71
f 2096/1079/72 2098/1081/73 2097/1082/73 2095/1080/72
f 2098/1081/73 2100/1083/74 2099/1084/74 2097/1082/73
f 2100/1083/74 2102/1085/75 2101/1086/75 2099/1084/74
f 2102/1085/75 2104/1087/76 2103/1088/76 2101/1086/75
f 2104/1087/76 2106/1089/77 2105/1090/77 2103/1088/76
f 2106/1089/77 2108/1091/78 2107/1092/78 2105/1090/77
f 2108/1091/78 2110/1093/79 2109/1094/79 2107/1092/78
f 2110/1093/79 2112/1095/80 2111/1096/80 2109/1094/79
f 2112/1095/80 2114/1097/81 2113/1098/81 2111/1096/80
f 2114/1097/81 2116/1099/82 2115/1100/82 2113/1098/81
f 2116/1099/82 2118/1101/83 2117/1102/83 2115/1100/82
f 2118/1101/83 2120/1103/84 2119/1104/84 2117/1102/83
f 2120/1103/84 2122/1105/85 2121/1106/85 2119/1104/84
f 2122/1105/85 2124/1107/86 2123/1108/86 2121/1106/85
f 2124/1107/86 2126/1109/87 2125/1110/87 2123/1108/86
f 2126/1109/87 2128/1111/88 2127/1112/88 2125/1110/87
f 2128/1111/88 2130/1113/89 2129/1114/89 2127/1112/88
f 2130/1113/89 2132/1115/90 2131/1116/90 2129/1114/89
f 2132/1115/90 2134/1117/91 2133/1118/91 2131/1116/90
f 2134/1117/91 2136/1119/92 2135/1120/92 2133/1118/91
f 2136/1119/92 2138/1121/93 2137/1122/93 2135/1120/92
f 2138/1121/93 2140/1123/94 2139/1124/94 2137/1122/93
f 2140/1123/94 2142/1125/95 2141/1126/95 2139/1124/94
f 2142/1125/95 2144/1127/96 2143/1128/96 2141/1126/95
f 2144/1127/96 2146/1129/97 2145/1130/97 2143/1128/96
f 2146/1129/97 2148/1131/98 2147/1132/98 2145/1130/97
f 2148/1131/98 2150/1133/99 2149/1134/99 2147/1132/98
f 2150/1133/99 2152/1135/34 2151/1136/34 2149/1134/99
f 2152/1135/34 2154/1137/33 2153/1138/33 2151/1136/34
f 2154/1137/33 2156/1139/100 2155/1140/100 2153/1138/33
f 2156/1139/100 2158/1141/101 2157/1142/101 2155/1140/100
f 2158/1141/101 2160/1143/102 2159/1144/102 2157/1142/101
f 2160/1143/102 2162/1145/103 2161/1146/103 2159/1144/102
f 2162/1145/103 2164/1147/104 2163/1148/104 2161/1146/103
f 2164/1147/104 2166/1149/105 2165/1150/105 2163/1148/104
f 2166/1149/105 2168/1151/106 2167/1152/106 2165/1150/105
f 2168/1151/106 2170/1153/107 2169/1154/107 2167/1152/106
f 2170/1153/107 2172/1155/108 2171/1156/108 2169/1154/107
f 2172/1155/108 2174/1157/109 2173/1158/109 2171/1156/108
f 2174/1157/109 2176/1159/110 2175/1160/110 2173/1158/109
f 2176/1159/110 2178/1161/111 2177/1162/111 2175/1160/110
f 2178/1161/111 2180/1163/112 2179/1164/112 2177/1162/111
f 2180/1163/112 2182/1165/34 2181/1166/34 2179/1164/112
f 2182/1165/34 2184/1167/33 2183/1168/33 2181/1166/34
f 2184/1167/33 2186/1169/32 2185/1170/32 2183/1168/33
f 2186/1169/32 2188/1171/31 2187/1172/31 2185/1170/32
f 2188/1171/31 2190/1173/113 2189/1174/113 2187/1172/31
f 2190/1173/113 2018/1000/35 2017/210/35 2189/1174/113
f 2192/950/114 2194/1175/115 2193/1176/115 2191/315/114
f 2194/1175/115 2196/1177/116 2195/1178/116 2193/1176/115
f 2196/1177/116 2198/1179/117 2197/660/117 2195/1178/116
f 2198/1179/117 2200/1180/118 2199/1181/118 2197/660/117
f 2200/1180/118 2202/1182/119 2201/1183/119 2199/1181/118
f 2202/1182/119 2204/1184/120 2203/683/120 2201/1183/119
f 2204/1184/120 2206/1185/121 2205/1186/121 2203/683/120
f 2206/1185/121 2208/1187/122 2207/1188/122 2205/1186/121
f 2208/1187/122 2210/1189/123 2209/701/123 2207/1188/122
f 2210/1189/123 2212/1190/124 2211/1191/124 2209/701/123
f 2212/1190/124 2214/1192/125 2213/1193/125 2211/1191/124
f 2214/1192/125 2216/1194/126 2215/709/126 2213/1193/125
f 2216/1194/126 2218/1195/127 2217/1196/127 2215/709/126
f 2218/1195/127 2220/1197/128 2219/1198/128 2217/1196/127
f 2220/1197/128 2222/1199/129 2221/695/129 2219/1198/128
f 2222/1199/129 2224/1200/130 2223/1201/130 2221/695/129
f 2224/1200/130 2226/1202/131 2225/1203/131 2223/1201/130
f 2226/1202/131 2228/1204/132 2227/655/132 2225/1203/131
f 2228/1204/132 2230/1205/133 2229/1206/133 2227/655/132
f 2230/1205/133 2232/1207/134 2231/1208/134 2229/1206/133
f 2232/1207/134 2234/1209/135 2233/492/135 2231/1208/134
f 2234/1209/135 2236/1210/136 2235/1211/136 2233/492/135
f 2236/1210/136 2238/1212/137 2237/1213/137 2235/1211/136
f 2238/1212/137 2240/1214/138 2239/478/138 2237/1213/137
f 2240/1214/138 2242/1215/139 2241/1216/139 2239/478/138
f 2242/1215/139 2244/1217/140 2243/1218/140 2241/1216/139
f 2244/1217/140 2246/1219/141 2245/471/141 2243/1218/140
f 2246/1219/141 2248/1220/142 2247/1221/142 2245/471/141
f 2248/1220/142 2250/1222/143 2249/1223/143 2247/1221/142
f 2250/1222/143 2252/1224/144 2251/462/144 2249/1223/143
f 2252/1224/144 2254/1225/145 2253/1226/145 2251/462/144
f 2254/1225/145 2256/1227/146 2255/1228/146 2253/1226/145
f 2256/1227/146 2258/1229/147 2257/521/147 2255/1228/146
f 2258/1229/147 2260/1230/148 2259/1231/148 2257/521/147
f 2260/1230/148 2262/1232/149 2261/1233/149 2259/1231/148
f 2262/1232/149 2264/1234/150 2263/537/150 2261/1233/149
f 2264/1234/150 2266/1235/151 2265/1236/151 2263/537/150
f 2266/1235/151 2268/1059/152 2267/1060/152 2265/1236/151
f 2268/1059/152 2270/1237/153 2269/550/153 2267/1060/152
f 2270/1237/153 2272/1238/154 2271/1239/154 2269/550/153
f 2272/1238/154 2274/1240/155 2273/1241/155 2271/1239/154
f 2274/1240/155 2276/1242/156 2275/576/156 2273/1241/155
f 2276/1242/156 2278/1243/157 2277/1244/157 2275/576/156
f 2278/1243/157 2280/1245/158 2279/1246/158 2277/1244/157
f 2280/1245/158 2282/1247/159 2281/565/159 2279/1246/158
f 2282/1247/159 2284/1248/160 2283/1249/160 2281/565/159
f 2284/1248/160 2286/1250/161 2285/1251/161 2283/1249/160
f 2286/1250/161 2288/1252/162 2287/578/162 2285/1251/161
f 2288/1252/162 2290/1253/163 2289/1254/163 2287/578/162
f 2290/1253/163 2292/1255/164 2291/1256/164 2289/1254/163
f 2292/1255/164 2294/1257/165 2293/613/165 2291/1256/164
f 2294/1257/165 2296/1258/166 2295/1259/166 2293/613/165
f 2296/1258/166 2298/1260/167 2297/1261/167 2295/1259/166
f 2298/1260/167 2300/1262/168 2299/694/168 2297/1261/167
f 2300/1262/168 2302/1263/169 2301/1264/169 2299/694/168
f 2302/1263/169 2304/1265/170 2303/1266/170 2301/1264/169
f 2304/1265/170 2306/975/171 2305/86/171 2303/1266/170
f 2306/975/171 2308/1267/172 2307/1268/172 2305/86/171
f 2308/1267/172 2310/1269/173 2309/1270/173 2307/1268/172
f 2310/1269/173 2312/1271/174 2311/697/174 2309/1270/173
f 2312/1271/174 2314/1272/175 2313/1273/175 2311/697/174
f 2314/1272/175 2316/1274/176 2315/1275/176 2313/1273/175
f 2316/1274/176 2318/1276/177 2317/650/177 2315/1275/176
f 2318/1276/177 2320/1277/178 2319/1278/178 2317/650/177
f 2320/1277/178 2322/1279/179 2321/1280/179 2319/1278/178
f 2322/1279/179 2324/1281/180 2323/624/180 2321/1280/179
f 2324/1281/180 2326/1282/181 2325/1283/181 2323/624/180
f 2326/1282/181 2328/1284/182 2327/1285/182 2325/1283/181
f 2328/1284/182 2330/1286/183 2329/633/183 2327/1285/182
f 2330/1286/183 2332/1287/184 2331/1288/184 2329/633/183
f 2332/1287/184 2334/1289/185 2333/1290/185 2331/1288/184
f 2334/1289/185 2336/1291/186 2335/687/186 2333/1290/185
f 2336/1291/186 2338/1292/187 2337/1293/187 2335/687/186
f 2338/1292/187 2340/1294/188 2339/1295/188 2337/1293/187
f 2340/1294/188 2342/1296/189 2341/657/189 2339/1295/188
f 2342/1296/189 2344/1117/190 2343/1118/190 2341/657/189
f 2344/1117/190 2346/1297/191 2345/1298/191 2343/1118/190
f 2346/1297/191 2348/1299/192 2347/611/192 2345/1298/191
f 2348/1299/192 2350/1300/193 2349/1301/193 2347/611/192
f 2350/1300/193 2352/1302/194 2351/1303/194 2349/1301/193
f 2352/1302/194 2354/1304/195 2353/591/195 2351/1303/194
f 2354/1304/195 2356/1305/196 2355/1306/196 2353/591/195
f 2356/1305/196 2358/1307/197 2357/1308/197 2355/1306/196
f 2358/1307/197 2360/1309/198 2359/593/198 2357/1308/197
f 2360/1309/198 2362/1310/199 2361/1311/199 2359/593/198
f 2362/1310/199 2364/1312/200 2363/1313/200 2361/1311/199
f 2364/1312/200 2366/1314/201 2365/618/201 2363/1313/200
f 2366/1314/201 2368/1315/202 2367/1316/202 2365/618/201
f 2368/1315/202 2370/1317/203 2369/1318/203 2367/1316/202
f 2370/1317/203 2372/1319/204 2371/594/204 2369/1318/203
f 2372/1319/204 2374/1320/205 2373/1321/205 2371/594/204
f 2374/1320/205 2376/1322/206 2375/1323/206 2373/1321/205
f 2376/1322/206 2378/1324/207 2377/557/207 2375/1323/206
f 2378/1324/207 2380/1325/208 2379/1326/208 2377/557/207
f 2380/1325/208 2382/1327/209 2381/1328/209 2379/1326/208
f 2382/1327/209 2384/1329/210 2383/544/210 2381/1328/209
f 2384/1329/210 2386/1330/211 2385/1331/211 2383/544/210
f 2386/1330/211 2388/1332/212 2387/1333/212 2385/1331/211
f 2388/1332/212 2390/1334/213 2389/525/213 2387/1333/212
f 2390/1334/213 2392/1335/214 2391/1336/214 2389/525/213
f 2392/1335/214 2394/1337/215 2393/1338/215 2391/1336/214
f 2394/1337/215 2396/1339/216 2395/517/216 2393/1338/215
f 2396/1339/216 2398/1340/217 2397/1341/217 2395/517/216
f 2398/1340/217 2400/1342/218 2399/1343/218 2397/1341/217
f 2400/1342/218 2402/1344/219 2401/507/219 2399/1343/218
f 2402/1344/219 2404/1345/220 2403/1346/220 2401/507/219
f 2404/1345/220 2406/1347/221 2405/1348/221 2403/1346/220
f 2406/1347/221 2408/1349/222 2407/500/222 2405/1348/221
f 2408/1349/222 2410/1350/32 2409/1351/32 2407/500/222
f 2410/1350/32 2412/1352/32 2411/1353/32 2409/1351/32
f 2412/1352/32 2414/1354/31 2413/491/31 2411/1353/32
f 2414/1354/31 2416/1355/34 2415/1356/34 2413/491/31
f 2416/1355/34 2418/1357/223 2417/1358/223 2415/1356/34
f 2418/1357/223 2192/1000/114 2191/210/114 2417/1358/223
f 2420/950/224 2422/1359/225 2421/1360/225 2419/315/224
f 2422/1359/225 2424/1361/226 2423/1362/226 2421/1360/225
f 2424/1361/226 2426/1363/227 2425/308/227 2423/1362/226
f 2426/1363/227 2428/1364/228 2427/1365/228 2425/308/227
f 2428/1364/228 2430/1366/229 2429/1367/229 2427/1365/228
f 2430/1366/229 2432/1368/230 2431/133/230 2429/1367/229
f 2432/1368/230 2434/1369/231 2433/1370/231 2431/133/230
f 2434/1369/231 2436/1205/232 2435/1206/232 2433/1370/231
f 2436/1205/232 2438/1371/233 2437/109/233 2435/1206/232
f 2438/1371/233 2440/1372/234 2439/1373/234 2437/109/233
f 2440/1372/234 2442/1374/235 2441/1375/235 2439/1373/234
f 2442/1374/235 2444/1001/236 2443/100/236 2441/1375/235
f 2444/1001/236 2446/1376/237 2445/1377/237 2443/100/236
f 2446/1376/237 2448/1378/238 2447/1379/238 2445/1377/237
f 2448/1378/238 2450/1380/239 2449/169/239 2447/1379/238
f 2450/1380/239 2452/1059/240 2451/1060/240 2449/169/239
f 2452/1059/240 2454/1381/241 2453/1382/241 2451/1060/240
f 2454/1381/241 2456/1383/242 2455/63/242 2453/1382/241
f 2456/1383/242 2458/1384/243 2457/1385/243 2455/63/242
f 2458/1384/243 2460/1386/244 2459/1387/244 2457/1385/243
f 2460/1386/244 2462/1388/245 2461/28/245 2459/1387/244
f 2462/1388/245 2464/1389/246 2463/1390/246 2461/28/245
f 2464/1389/246 2466/1391/247 2465/1392/247 2463/1390/246
f 2466/1391/247 2468/975/248 2467/86/248 2465/1392/247
f 2468/975/248 2470/1393/249 2469/1394/249 2467/86/248
f 2470/1393/249 2472/1395/250 2471/1396/250 2469/1394/249
f 2472/1395/250 2474/1397/251 2473/17/251 2471/1396/250
f 2474/1397/251 2476/1398/252 2475/1399/252 2473/17/251
f 2476/1398/252 2478/1400/253 2477/1401/253 2475/1399/252
f 2478/1400/253 2480/1402/254 2479/27/254 2477/1401/253
f 2480/1402/254 2482/1403/255 2481/1404/255 2479/27/254
f 2482/1403/255 2484/1117/256 2483/1118/256 2481/1404/255
f 2484/1117/256 2486/1405/257 2485/202/257 2483/1118/256
f 2486/1405/257 2488/1406/258 2487/1407/258 2485/202/257
f 2488/1406/258 2490/1408/259 2489/1409/259 2487/1407/258
f 2490/1408/259 2492/1002/260 2491/243/260 2489/1409/259
f 2492/1002/260 2494/1410/261 2493/1411/261 2491/243/260
f 2494/1410/261 2496/1412/262 2495/1413/262 2493/1411/261
f 2496/1412/262 2498/1414/263 2497/242/263 2495/1413/262
f 2498/1414/263 2500/1327/264 2499/1328/264 2497/242/263
f 2500/1327/264 2502/1415/265 2501/1416/265 2499/1328/264
f 2502/1415/265 2504/1417/266 2503/272/266 2501/1416/265
f 2504/1417/266 2506/1418/267 2505/1419/267 2503/272/266
f 2506/1418/267 2508/1420/268 2507/1421/268 2505/1419/267
f 2508/1420/268 2510/1422/269 2509/240/269 2507/1421/268
f 2510/1422/269 2512/1423/270 2511/1424/270 2509/240/269
f 2512/1423/270 2514/1425/271 2513/1426/271 2511/1424/270
f 2514/1425/271 2420/1000/224 2419/210/224 2513/1426/271
f 2516/950/272 2518/1427/273 2517/1428/273 2515/315/272
f 2518/1427/273 2520/1429/274 2519/1430/274 2517/1428/273
f 2520/1429/274 2522/1431/275 2521/1432/275 2519/1430/274
f 2522/1431/275 2524/1433/276 2523/1434/276 2521/1432/275
f 2524/1433/276 2526/1435/277 2525/1436/277 2523/1434/276
f 2526/1435/277 2528/1437/278 2527/1438/278 2525/1436/277
f 2528/1437/278 2530/1439/279 2529/1440/279 2527/1438/278
f 2530/1439/279 2532/1441/280 2531/1442/280 2529/1440/279
f 2532/1441/280 2534/1443/281 2533/1444/281 2531/1442/280
f 2534/1443/281 2536/1445/282 2535/1446/282 2533/1444/281
f 2536/1445/282 2538/1447/283 2537/1448/283 2535/1446/282
f 2538/1447/283 2540/1449/284 2539/1450/284 2537/1448/283
f 2540/1449/284 2542/1451/285 2541/1452/285 2539/1450/284
f 2542/1451/285 2544/1453/286 2543/1454/286 2541/1452/285
f 2544/1453/286 2546/1455/287 2545/1456/287 2543/1454/286
f 2546/1455/287 2548/1457/288 2547/1458/288 2545/1456/287
f 2548/1457/288 2550/1459/289 2549/1460/289 2547/1458/288
f 2550/1459/289 2552/1461/290 2551/1462/290 2549/1460/289
f 2552/1461/290 2554/1463/291 2553/1464/291 2551/1462/290
f 2554/1463/291 2556/1465/292 2555/1466/292 2553/1464/291
f 2556/1465/292 2558/1467/293 2557/1468/293 2555/1466/292
f 2558/1467/293 2560/1469/294 2559/1470/294 2557/1468/293
f 2560/1469/294 2562/1471/295 2561/1472/295 2559/1470/294
f 2562/1471/295 2564/1473/296 2563/1474/296 2561/1472/295
f 2564/1473/296 2566/1475/297 2565/1476/297 2563/1474/296
f 2566/1475/297 2568/1477/298 2567/1478/298 2565/1476/297
f 2568/1477/298 2570/1479/299 2569/1480/299 2567/1478/298
f 2570/1479/299 2572/1481/299 2571/1482/299 2569/1480/299
f 2572/1481/299 2574/1483/300 2573/1484/300 2571/1482/299
f 2574/1483/300 2576/1485/301 2575/1486/301 2573/1484/300
f 2576/1485/301 2578/1487/302 2577/1488/302 2575/1486/301
f 2578/1487/302 2580/1489/303 2579/1490/303 2577/1488/302
f 2580/1489/303 2582/1491/304 2581/1492/304 2579/1490/303
f 2582/1491/304 2584/1493/305 2583/1494/305 2581/1492/304
f 2584/1493/305 2586/1495/306 2585/1496/306 2583/1494/305
f 2586/1495/306 2588/1497/307 2587/1498/307 2585/1496/306
f 2588/1497/307 2590/1499/308 2589/1500/308 2587/1498/307
f 2590/1499/308 2592/1501/309 2591/1502/309 2589/1500/308
f 2592/1501/309 2594/1503/310 2593/1504/310 2591/1502/309
f 2594/1503/310 2596/1505/311 2595/1506/311 2593/1504/310
f 2596/1505/311 2598/1507/312 2597/1508/312 2595/1506/311
f 2598/1507/312 2600/1509/313 2599/1510/313 2597/1508/312
f 2600/1509/313 2602/1511/314 2601/1512/314 2599/1510/313
f 2602/1511/314 2604/1513/315 2603/1514/315 2601/1512/314
f 2604/1513/315 2606/1515/316 2605/1516/316 2603/1514/315
f 2606/1515/316 2608/1517/317 2607/1518/317 2605/1516/316
f 2608/1517/317 2610/1519/313 2609/1520/313 2607/1518/317
f 2610/1519/313 2612/1521/318 2611/1522/318 2609/1520/313
f 2612/1521/318 2614/1523/319 2613/1524/319 2611/1522/318
f 2614/1523/319 2616/1525/320 2615/1526/320 2613/1524/319
f 2616/1525/320 2618/1527/321 2617/1528/321 2615/1526/320
f 2618/1527/321 2620/1529/322 2619/1530/322 2617/1528/321
f 2620/1529/322 2622/1531/323 2621/1532/323 2619/1530/322
f 2622/1531/323 2624/1533/324 2623/1534/324 2621/1532/323
f 2624/1533/324 2626/1535/325 2625/1536/325 2623/1534/324
f 2626/1535/325 2628/1537/326 2627/1538/326 2625/1536/325
f 2628/1537/326 2630/1539/327 2629/1540/327 2627/1538/326
f 2630/1539/327 2632/1541/328 2631/1542/328 2629/1540/327
f 2632/1541/328 2634/1543/329 2633/1544/329 2631/1542/328
f 2634/1543/329 2636/1545/330 2635/1546/330 2633/1544/329
f 2636/1545/330 2638/1547/331 2637/1548/331 2635/1546/330
f 2638/1547/331 2640/1549/332 2639/1550/332 2637/1548/331
f 2640/1549/332 2642/1551/333 2641/1552/333 2639/1550/332
f 2642/1551/333 2644/1553/334 2643/1554/334 2641/1552/333
f 2644/1553/334 2646/1555/335 2645/1556/335 2643/1554/334
f 2646/1555/335 2648/1557/336 2647/1558/336 2645/1556/335
f 2648/1557/336 2650/1559/337 2649/1560/337 2647/1558/336
f 2650/1559/337 2652/1561/338 2651/1562/338 2649/1560/337
f 2652/1561/338 2654/1563/339 2653/1564/339 2651/1562/338
f 2654/1563/339 2656/1565/340 2655/1566/340 2653/1564/339
f 2656/1565/340 2658/1567/341 2657/1568/341 2655/1566/340
f 2658/1567/341 2660/1569/342 2659/1570/342 2657/1568/341
f 2660/1569/342 2662/1059/343 2661/1060/343 2659/1570/342
f 2662/1059/343 2664/1571/344 2663/1572/344 2661/1060/343
f 2664/1571/344 2666/1573/345 2665/1574/345 2663/1572/344
f 2666/1573/345 2668/1575/346 2667/1576/346 2665/1574/345
f 2668/1575/346 2670/1577/347 2669/1578/347 2667/1576/346
f 2670/1577/347 2672/1579/348 2671/1580/348 2669/1578/347
f 2672/1579/348 2674/1581/349 2673/1582/349 2671/1580/348
f 2674/1581/349 2676/1583/350 2675/1584/350 2673/1582/349
f 2676/1583/350 2678/1585/351 2677/1586/351 2675/1584/350
f 2678/1585/351 2680/1587/352 2679/1588/352 2677/1586/351
f 2680/1587/352 2682/1589/353 2681/1590/353 2679/1588/352
f 2682/1589/353 2684/1591/354 2683/1592/354 2681/1590/353
f 2684/1591/354 2686/1593/355 2685/1594/355 2683/1592/354
f 2686/1593/355 2688/1595/356 2687/1596/356 2685/1594/355
f 2688/1595/356 2690/1597/357 2689/1598/357 2687/1596/356
f 2690/1597/357 2692/1599/358 2691/1600/358 2689/1598/357
f 2692/1599/358 2694/1601/359 2693/1602/359 2691/1600/358
f 2694/1601/359 2696/1603/360 2695/1604/360 2693/1602/359
f 2696/1603/360 2698/1605/361 2697/1606/361 2695/1604/360
f 2698/1605/361 2700/1607/362 2699/1608/362 2697/1606/361
f 2700/1607/362 2702/1609/363 2701/1610/363 2699/1608/362
f 2702/1609/363 2704/1611/364 2703/1612/364 2701/1610/363
f 2704/1611/364 2706/1613/365 2705/1614/365 2703/1612/364
f 2706/1613/365 2708/1615/366 2707/1616/366 2705/1614/365
f 2708/1615/366 2710/1617/367 2709/1618/367 2707/1616/366
f 2710/1617/367 2712/1619/368 2711/1620/368 2709/1618/367
f 2712/1619/368 2714/1621/369 2713/1622/369 2711/1620/368
f 2714/1621/369 2716/1623/370 2715/1624/370 2713/1622/369
f 2716/1623/370 2718/1625/371 2717/1626/371 2715/1624/370
f 2718/1625/371 2720/1627/372 2719/1628/372 2717/1626/371
f 2720/1627/372 2722/1629/373 2721/1630/373 2719/1628/372
f 2722/1629/373 2724/1631/374 2723/1632/374 2721/1630/373
f 2724/1631/374 2726/1633/375 2725/1634/375 2723/1632/374
f 2726/1633/375 2728/1635/376 2727/1636/376 2725/1634/375
f 2728/1635/376 2730/1637/377 2729/1638/377 2727/1636/376
f 2730/1637/377 2732/1639/378 2731/1640/378 2729/1638/377
f 2732/1639/378 2734/1641/379 2733/1642/379 2731/1640/378
f 2734/1641/379 2736/1643/380 2735/1644/380 2733/1642/379
f 2736/1643/380 2738/1645/381 2737/1646/381 2735/1644/380
f 2738/1645/381 2740/1647/382 2739/1648/382 2737/1646/381
f 2740/1647/382 2742/1649/383 2741/1650/383 2739/1648/382
f 2742/1649/383 2744/1651/384 2743/1652/384 2741/1650/383
f 2744/1651/384 2746/1653/385 2745/1654/385 2743/1652/384
f 2746/1653/385 2748/1655/386 2747/1656/386 2745/1654/385
f 2748/1655/386 2750/1657/387 2749/1658/387 2747/1656/386
f 2750/1657/387 2752/1659/388 2751/1660/388 2749/1658/387
f 2752/1659/388 2754/1661/389 2753/1662/389 2751/1660/388
f 2754/1661/389 2756/1663/390 2755/1664/390 2753/1662/389
f 2756/1663/390 2758/1665/391 2757/1666/391 2755/1664/390
f 2758/1665/391 2760/1667/392 2759/1668/392 2757/1666/391
f 2760/1667/392 2762/1669/393 2761/1670/393 2759/1668/392
f 2762/1669/393 2764/1671/394 2763/1672/394 2761/1670/393
f 2764/1671/394 2766/1673/395 2765/1674/395 2763/1672/394
f 2766/1673/395 2768/1675/396 2767/1676/396 2765/1674/395
f 2768/1675/396 2770/1677/397 2769/1678/397 2767/1676/396
f 2770/1677/397 2772/1679/398 2771/1680/398 2769/1678/397
f 2772/1679/398 2774/1681/399 2773/1682/399 2771/1680/398
f 2774/1681/399 2776/1683/400 2775/1684/400 2773/1682/399
f 2776/1683/400 2778/1685/401 2777/1686/401 2775/1684/400
f 2778/1685/401 2780/1687/402 2779/1688/402 2777/1686/401
f 2780/1687/402 2782/1689/403 2781/1690/403 2779/1688/402
f 2782/1689/403 2784/1691/404 2783/1692/404 2781/1690/403
f 2784/1691/404 2786/1693/405 2785/1694/405 2783/1692/404
f 2786/1693/405 2788/1695/406 2787/1696/406 2785/1694/405
f 2788/1695/406 2790/1697/407 2789/1698/407 2787/1696/406
f 2790/1697/407 2792/1699/408 2791/1700/408 2789/1698/407
f 2792/1699/408 2794/1701/409 2793/1702/409 2791/1700/408
f 2794/1701/409 2796/1703/410 2795/1704/410 2793/1702/409
f 2796/1703/410 2798/1705/411 2797/1706/411 2795/1704/410
f 2798/1705/411 2800/1707/412 2799/1708/412 2797/1706/411
f 2800/1707/412 2802/1709/413 2801/1710/413 2799/1708/412
f 2802/1709/413 2804/1711/414 2803/1712/414 2801/1710/413
f 2804/1711/414 2806/1713/415 2805/1714/415 2803/1712/414
f 2806/1713/415 2808/1117/416 2807/1118/416 2805/1714/415
f 2808/1117/416 2810/1715/417 2809/1716/417 2807/1118/416
f 2810/1715/417 2812/1717/418 2811/1718/418 2809/1716/417
f 2812/1717/418 2814/1719/419 2813/1720/419 2811/1718/418
f 2814/1719/419 2816/1721/420 2815/1722/420 2813/1720/419
f 2816/1721/420 2818/1723/421 2817/1724/421 2815/1722/420
f 2818/1723/421 2820/1725/422 2819/1726/422 2817/1724/421
f 2820/1725/422 2822/1727/423 2821/1728/423 2819/1726/422
f 2822/1727/423 2824/1729/424 2823/1730/424 2821/1728/423
f 2824/1729/424 2826/1731/425 2825/1732/425 2823/1730/424
f 2826/1731/425 2828/1733/426 2827/1734/426 2825/1732/425
f 2828/1733/426 2830/1735/427 2829/1736/427 2827/1734/426
f 2830/1735/427 2832/1737/428 2831/1738/428 2829/1736/427
f 2832/1737/428 2834/1739/429 2833/1740/429 2831/1738/428
f 2834/1739/429 2836/1741/430 2835/1742/430 2833/1740/429
f 2836/1741/430 2838/1743/431 2837/1744/431 2835/1742/430
f 2838/1743/431 2840/1745/432 2839/1746/432 2837/1744/431
f 2840/1745/432 2842/1747/433 2841/1748/433 2839/1746/432
f 2842/1747/433 2844/1749/434 2843/1750/434 2841/1748/433
f 2844/1749/434 2846/1751/435 2845/1752/435 2843/1750/434
f 2846/1751/435 2848/1753/436 2847/1754/436 2845/1752/435
f 2848/1753/436 2850/1755/437 2849/1756/437 2847/1754/436
f 2850/1755/437 2852/1757/438 2851/1758/438 2849/1756/437
f 2852/1757/438 2854/1759/439 2853/1760/439 2851/1758/438
f 2854/1759/439 2856/1761/440 2855/1762/440 2853/1760/439
f 2856/1761/440 2858/1763/441 2857/1764/441 2855/1762/440
f 2858/1763/441 2860/1765/442 2859/1766/442 2857/1764/441
f 2860/1765/442 2862/1767/443 2861/1768/443 2859/1766/442
f 2862/1767/443 2864/1769/444 2863/1770/444 2861/1768/443
f 2864/1769/444 2866/1771/445 2865/1772/445 2863/1770/444
f 2866/1771/445 2868/1773/446 2867/1774/446 2865/1772/445
f 2868/1773/446 2870/1775/447 2869/1776/447 2867/1774/446
f 2870/1775/447 2872/1777/448 2871/1778/448 2869/1776/447
f 2872/1777/448 2874/1779/449 2873/1780/449 2871/1778/448
f 2874/1779/449 2876/1781/450 2875/1782/450 2873/1780/449
f 2876/1781/450 2878/1783/451 2877/1784/451 2875/1782/450
f 2878/1783/451 2880/1785/452 2879/1786/452 2877/1784/451
f 2880/1785/452 2882/1787/453 2881/1788/453 2879/1786/452
f 2882/1787/453 2884/1789/454 2883/1790/454 2881/1788/453
f 2884/1789/454 2886/1791/455 2885/1792/455 2883/1790/454
f 2886/1791/455 2888/1793/456 2887/1794/456 2885/1792/455
f 2888/1793/456 2890/1795/457 2889/1796/457 2887/1794/456
f 2890/1795/457 2892/1797/458 2891/1798/458 2889/1796/457
f 2892/1797/458 2894/1799/459 2893/1800/459 2891/1798/458
f 2894/1799/459 2896/1801/460 2895/1802/460 2893/1800/459
f 2896/1801/460 2898/1803/461 2897/1804/461 2895/1802/460
f 2898/1803/461 2900/1805/462 2899/1806/462 2897/1804/461
f 2900/1805/462 2902/1807/463 2901/1808/463 2899/1806/462
f 2902/1807/463 2904/1809/464 2903/1810/464 2901/1808/463
f 2904/1809/464 2906/1811/465 2905/1812/465 2903/1810/464
f 2906/1811/465 2908/1813/466 2907/1814/466 2905/1812/465
f 2908/1813/466 2910/1815/467 2909/1816/467 2907/1814/466
f 2910/1815/467 2912/1817/468 2911/1818/468 2909/1816/467
f 2912/1817/468 2914/1819/469 2913/1820/469 2911/1818/468
f 2914/1819/469 2916/1821/470 2915/1822/470 2913/1820/469
f 2916/1821/470 2918/1823/471 2917/1824/471 2915/1822/470
f 2918/1823/471 2920/1825/472 2919/1826/472 2917/1824/471
f 2920/1825/472 2922/1827/473 2921/1828/473 2919/1826/472
f 2922/1827/473 2924/1829/474 2923/1830/474 2921/1828/473
f 2924/1829/474 2926/1831/475 2925/1832/475 2923/1830/474
f 2926/1831/475 2928/1833/476 2927/1834/476 2925/1832/475
f 2928/1833/476 2930/1835/477 2929/1836/477 2927/1834/476
f 2930/1835/477 2932/1837/478 2931/1838/478 2929/1836/477
f 2932/1837/478 2934/1839/479 2933/1840/479 2931/1838/478
f 2934/1839/479 2936/1841/480 2935/1842/480 2933/1840/479
f 2936/1841/480 2938/1843/481 2937/1844/481 2935/1842/480
f 2938/1843/481 2940/1845/482 2939/1846/482 2937/1844/481
f 2940/1845/482 2942/1847/483 2941/1848/483 2939/1846/482
f 2942/1847/483 2944/1849/484 2943/1850/484 2941/1848/483
f 2944/1849/484 2946/1851/485 2945/1852/485 2943/1850/484
f 2946/1851/485 2948/1853/486 2947/1854/486 2945/1852/485
f 2948/1853/486 2950/1855/487 2949/1856/487 2947/1854/486
f 2950/1855/487 2952/1857/488 2951/1858/488 2949/1856/487
f 2952/1857/488 2516/1000/272 2515/210/272 2951/1858/488
f 2954/950/33 2956/1001/32 2955/100/32 2953/315/33
f 2956/1001/32 2958/975/31 2957/86/31 2955/100/32
f 2958/975/31 2960/1002/34 2959/243/34 2957/86/31
f 2960/1002/34 2954/1000/33 2953/210/33 2959/243/34
f 2962/950/33 2964/1001/32 2963/100/32 2961/315/33
f 2964/1001/32 2966/975/31 2965/86/31 2963/100/32
f 2966/975/31 2968/1002/34 2967/243/34 2965/86/31
f 2968/1002/34 2962/1000/33 2961/210/33 2967/243/34
f 2970/950/33 2972/1001/32 2971/100/32 2969/315/33
f 2972/1001/32 2974/975/31 2973/86/31 2971/100/32
f 2974/975/31 2976/1002/34 2975/243/34 2973/86/31
f 2976/1002/34 2970/1000/33 2969/210/33 2975/243/34
f 2978/950/489 2980/951/490 2979/952/490 2977/315/489
f 2980/951/490 2982/953/491 2981/954/491 2979/952/490
f 2982/953/491 2984/955/492 2983/956/492 2981/954/491
f 2984/955/492 2986/957/493 2985/958/493 2983/956/492
f 2986/957/493 2988/959/494 2987/960/494 2985/958/493
f 2988/959/494 2990/961/495 2989/962/495 2987/960/494
f 2990/961/495 2992/963/496 2991/964/496 2989/962/495
f 2992/963/496 2994/965/497 2993/966/497 2991/964/496
f 2994/965/497 2996/967/498 2995/968/498 2993/966/497
f 2996/967/498 2998/969/499 2997/970/499 2995/968/498
f 2998/969/499 3000/971/500 2999/972/500 2997/970/499
f 3000/971/500 3002/973/501 3001/974/501 2999/972/500
f 3002/973/501 3004/975/502 3003/86/502 3001/974/501
f 3004/975/502 3006/976/503 3005/977/503 3003/86/502
f 3006/976/503 3008/978/51 3007/979/51 3005/977/503
f 3008/978/51 3010/980/504 3009/981/504 3007/979/51
f 3010/980/504 3012/982/505 3011/983/505 3009/981/504
f 3012/982/505 3014/984/506 3013/985/506 3011/983/505
f 3014/984/506 3016/986/507 3015/987/507 3013/985/506
f 3016/986/507 3018/988/508 3017/989/508 3015/987/507
f 3018/988/508 3020/990/509 3019/991/509 3017/989/508
f 3020/990/509 3022/992/510 3021/993/510 3019/991/509
f 3022/992/510 3024/994/511 3023/995/511 3021/993/510
f 3024/994/511 3026/996/512 3025/997/512 3023/995/511
f 3026/996/512 3028/998/513 3027/999/513 3025/997/512
f 3028/998/513 2978/1000/489 2977/210/489 3027/999/513
f 3030/950/33 3032/1859/32 3031/1860/32 3029/315/33
f 3032/1859/32 3034/1861/32 3033/1862/32 3031/1860/32
f 3034/1861/32 3036/1863/33 3035/1864/33 3033/1862/32
f 3036/1863/33 3038/1865/514 3037/1866/514 3035/1864/33
f 3038/1865/514 3040/1184/515 3039/683/515 3037/1866/514
f 3040/1184/515 3042/1867/516 3041/1868/516 3039/683/515
f 3042/1867/516 3044/1869/517 3043/1870/517 3041/1868/516
f 3044/1869/517 3046/1871/518 3045/1872/518 3043/1870/517
f 3046/1871/518 3048/1873/519 3047/1874/519 3045/1872/518
f 3048/1873/519 3050/1194/520 3049/709/520 3047/1874/519
f 3050/1194/520 3052/1875/521 3051/1876/521 3049/709/520
f 3052/1875/521 3054/1877/522 3053/1878/522 3051/1876/521
f 3054/1877/522 3056/1879/523 3055/1880/523 3053/1878/522
f 3056/1879/523 3058/1881/524 3057/1882/524 3055/1880/523
f 3058/1881/524 3060/1204/525 3059/655/525 3057/1882/524
f 3060/1204/525 3062/1883/526 3061/1884/526 3059/655/525
f 3062/1883/526 3064/1885/527 3063/1886/527 3061/1884/526
f 3064/1885/527 3066/1887/527 3065/1888/527 3063/1886/527
f 3066/1887/527 3068/1889/527 3067/84/527 3065/1888/527
f 3068/1889/527 3070/1214/527 3069/478/527 3067/84/527
f 3070/1214/527 3072/1890/527 3071/1891/527 3069/478/527
f 3072/1890/527 3074/1892/527 3073/1893/527 3071/1891/527
f 3074/1892/527 3076/1894/527 3075/1895/527 3073/1893/527
f 3076/1894/527 3078/1896/527 3077/1897/527 3075/1895/527
f 3078/1896/527 3080/1224/527 3079/462/527 3077/1897/527
f 3080/1224/527 3082/1898/527 3081/1899/527 3079/462/527
f 3082/1898/527 3084/1900/527 3083/1901/527 3081/1899/527
f 3084/1900/527 3086/1902/249 3085/1903/249 3083/1901/527
f 3086/1902/249 3088/1904/528 3087/1905/528 3085/1903/249
f 3088/1904/528 3090/1234/529 3089/537/529 3087/1905/528
f 3090/1234/529 3092/1906/530 3091/1907/530 3089/537/529
f 3092/1906/530 3094/1908/531 3093/1909/531 3091/1907/530
f 3094/1908/531 3096/1910/532 3095/1911/532 3093/1909/531
f 3096/1910/532 3098/1912/533 3097/1913/533 3095/1911/532
f 3098/1912/533 3100/1242/534 3099/576/534 3097/1913/533
f 3100/1242/534 3102/1914/535 3101/1915/535 3099/576/534
f 3102/1914/535 3104/1916/536 3103/1917/536 3101/1915/535
f 3104/1916/536 3106/1918/537 3105/149/537 3103/1917/536
f 3106/1918/537 3108/1919/538 3107/1920/538 3105/149/537
f 3108/1919/538 3110/1252/539 3109/578/539 3107/1920/538
f 3110/1252/539 3112/1921/540 3111/1922/540 3109/578/539
f 3112/1921/540 3114/1923/541 3113/1924/541 3111/1922/540
f 3114/1923/541 3116/1925/542 3115/1926/542 3113/1924/541
f 3116/1925/542 3118/1927/543 3117/1928/543 3115/1926/542
f 3118/1927/543 3120/1262/544 3119/694/544 3117/1928/543
f 3120/1262/544 3122/1929/545 3121/1930/545 3119/694/544
f 3122/1929/545 3124/1931/546 3123/1932/546 3121/1930/545
f 3124/1931/546 3126/1933/547 3125/1934/547 3123/1932/546
f 3126/1933/547 3128/1935/548 3127/1936/548 3125/1934/547
f 3128/1935/548 3130/1271/549 3129/697/549 3127/1936/548
f 3130/1271/549 3132/1937/550 3131/1938/550 3129/697/549
f 3132/1937/550 3134/1939/551 3133/1940/551 3131/1938/550
f 3134/1939/551 3136/1941/552 3135/1942/552 3133/1940/551
f 3136/1941/552 3138/1943/553 3137/1944/553 3135/1942/552
f 3138/1943/553 3140/1281/554 3139/624/554 3137/1944/553
f 3140/1281/554 3142/1945/555 3141/1946/555 3139/624/554
f 3142/1945/555 3144/1947/556 3143/67/556 3141/1946/555
f 3144/1947/556 3146/1948/557 3145/1949/557 3143/67/556
f 3146/1948/557 3148/1950/558 3147/1951/558 3145/1949/557
f 3148/1950/558 3150/1291/559 3149/687/559 3147/1951/558
f 3150/1291/559 3152/1952/560 3151/1953/560 3149/687/559
f 3152/1952/560 3154/1954/561 3153/1955/561 3151/1953/560
f 3154/1954/561 3156/1956/562 3155/1957/562 3153/1955/561
f 3156/1956/562 3158/1958/170 3157/1959/170 3155/1957/562
f 3158/1958/170 3160/1299/563 3159/611/563 3157/1959/170
f 3160/1299/563 3162/1960/563 3161/1961/563 3159/611/563
f 3162/1960/563 3164/1962/563 3163/1963/563 3161/1961/563
f 3164/1962/563 3166/1964/563 3165/1965/563 3163/1963/563
f 3166/1964/563 3168/1966/563 3167/1967/563 3165/1965/563
f 3168/1966/563 3170/1309/563 3169/593/563 3167/1967/563
f 3170/1309/563 3172/1968/563 3171/1969/563 3169/593/563
f 3172/1968/563 3174/1970/563 3173/1971/563 3171/1969/563
f 3174/1970/563 3176/1972/563 3175/1973/563 3173/1971/563
f 3176/1972/563 3178/1974/563 3177/1975/563 3175/1973/563
f 3178/1974/563 3180/1319/563 3179/594/563 3177/1975/563
f 3180/1319/563 3182/1976/564 3181/280/564 3179/594/563
f 3182/1976/564 3184/1977/565 3183/1978/565 3181/280/564
f 3184/1977/565 3186/1979/566 3185/1980/566 3183/1978/565
f 3186/1979/566 3188/1981/567 3187/1982/567 3185/1980/566
f 3188/1981/567 3190/1329/568 3189/544/568 3187/1982/567
f 3190/1329/568 3192/1983/569 3191/1984/569 3189/544/568
f 3192/1983/569 3194/1985/570 3193/1986/570 3191/1984/569
f 3194/1985/570 3196/1987/571 3195/1988/571 3193/1986/570
f 3196/1987/571 3198/1989/572 3197/1990/572 3195/1988/571
f 3198/1989/572 3200/1339/573 3199/517/573 3197/1990/572
f 3200/1339/573 3202/1991/574 3201/1992/574 3199/517/573
f 3202/1991/574 3204/1993/575 3203/1994/575 3201/1992/574
f 3204/1993/575 3206/1995/576 3205/1996/576 3203/1994/575
f 3206/1995/576 3208/1997/31 3207/1998/31 3205/1996/576
f 3208/1997/31 3210/1349/31 3209/500/31 3207/1998/31
f 3210/1349/31 3212/1999/32 3211/2000/32 3209/500/31
f 3212/1999/32 3214/2001/32 3213/2002/32 3211/2000/32
f 3214/2001/32 3216/2003/31 3215/2004/31 3213/2002/32
f 3216/2003/31 3218/2005/34 3217/2006/34 3215/2004/31
f 3218/2005/34 3030/1000/33 3029/210/33 3217/2006/34
f 3220/950/33 3222/1205/33 3221/1206/33 3219/315/33
f 3222/1205/33 3224/1059/33 3223/1060/33 3221/1206/33
f 3224/1059/33 3226/975/32 3225/86/32 3223/1060/33
f 3226/975/32 3228/1117/31 3227/1118/31 3225/86/32
f 3228/1117/31 3230/1327/34 3229/1328/34 3227/1118/31
f 3230/1327/34 3220/1000/33 3219/210/33 3229/1328/34
f 3232/950/31 3234/1001/32 3233/100/32 3231/315/31
f 3234/1001/32 3236/975/33 3235/86/33 3233/100/32
f 3236/975/33 3238/1002/34 3237/243/34 3235/86/33
f 3238/1002/34 3232/1000/31 3231/210/31 3237/243/34
f 3240/950/577 3242/1003/578 3241/1004/578 3239/315/577
f 3242/1003/578 3244/1005/579 3243/1006/579 3241/1004/578
f 3244/1005/579 3246/1007/580 3245/1008/580 3243/1006/579
f 3246/1007/580 3248/1009/581 3247/1010/581 3245/1008/580
f 3248/1009/581 3250/1011/582 3249/1012/582 3247/1010/581
f 3250/1011/582 3252/1013/583 3251/1014/583 3249/1012/582
f 3252/1013/583 3254/1015/584 3253/1016/584 3251/1014/583
f 3254/1015/584 3256/1017/585 3255/1018/585 3253/1016/584
f 3256/1017/585 3258/1019/586 3257/1020/586 3255/1018/585
f 3258/1019/586 3260/1021/587 3259/1022/587 3257/1020/586
f 3260/1021/587 3262/1023/588 3261/1024/588 3259/1022/587
f 3262/1023/588 3264/1025/589 3263/1026/589 3261/1024/588
f 3264/1025/589 3266/1027/527 3265/1028/527 3263/1026/589
f 3266/1027/527 3268/1029/527 3267/1030/527 3265/1028/527
f 3268/1029/527 3270/1031/527 3269/1032/527 3267/1030/527
f 3270/1031/527 3272/1033/527 3271/1034/527 3269/1032/527
f 3272/1033/527 3274/1035/527 3273/1036/527 3271/1034/527
f 3274/1035/527 3276/1037/527 3275/1038/527 3273/1036/527
f 3276/1037/527 3278/1039/527 3277/1040/527 3275/1038/527
f 3278/1039/527 3280/1041/527 3279/1042/527 3277/1040/527
f 3280/1041/527 3282/1043/527 3281/1044/527 3279/1042/527
f 3282/1043/527 3284/1045/527 3283/1046/527 3281/1044/527
f 3284/1045/527 3286/1047/527 3285/1048/527 3283/1046/527
f 3286/1047/527 3288/1049/590 3287/1050/590 3285/1048/527
f 3288/1049/590 3290/1051/591 3289/1052/591 3287/1050/590
f 3290/1051/591 3292/1053/592 3291/1054/592 3289/1052/591
f 3292/1053/592 3294/1055/593 3293/1056/593 3291/1054/592
f 3294/1055/593 3296/1057/594 3295/1058/594 3293/1056/593
f 3296/1057/594 3298/1059/595 3297/1060/595 3295/1058/594
f 3298/1059/595 3300/1061/596 3299/1062/596 3297/1060/595
f 3300/1061/596 3302/1063/597 3301/1064/597 3299/1062/596
f 3302/1063/597 3304/1065/598 3303/1066/598 3301/1064/597
f 3304/1065/598 3306/1067/599 3305/1068/599 3303/1066/598
f 3306/1067/599 3308/1069/600 3307/1070/600 3305/1068/599
f 3308/1069/600 3310/1071/601 3309/1072/601 3307/1070/600
f 3310/1071/601 3312/1073/602 3311/1074/602 3309/1072/601
f 3312/1073/602 3314/1075/603 3313/1076/603 3311/1074/602
f 3314/1075/603 3316/1077/604 3315/1078/604 3313/1076/603
f 3316/1077/604 3318/1079/605 3317/1080/605 3315/1078/604
f 3318/1079/605 3320/1081/606 3319/1082/606 3317/1080/605
f 3320/1081/606 3322/1083/607 3321/1084/607 3319/1082/606
f 3322/1083/607 3324/1085/608 3323/1086/608 3321/1084/607
f 3324/1085/608 3326/1087/609 3325/1088/609 3323/1086/608
f 3326/1087/609 3328/1089/610 3327/1090/610 3325/1088/609
f 3328/1089/610 3330/1091/611 3329/1092/611 3327/1090/610
f 3330/1091/611 3332/1093/612 3331/1094/612 3329/1092/611
f 3332/1093/612 3334/1095/613 3333/1096/613 3331/1094/612
f 3334/1095/613 3336/1097/614 3335/1098/614 3333/1096/613
f 3336/1097/614 3338/1099/615 3337/1100/615 3335/1098/614
f 3338/1099/615 3340/1101/616 3339/1102/616 3337/1100/615
f 3340/1101/616 3342/1103/617 3341/1104/617 3339/1102/616
f 3342/1103/617 3344/1105/618 3343/1106/618 3341/1104/617
f 3344/1105/618 3346/1107/619 3345/1108/619 3343/1106/618
f 3346/1107/619 3348/1109/620 3347/1110/620 3345/1108/619
f 3348/1109/620 3350/1111/621 3349/1112/621 3347/1110/620
f 3350/1111/621 3352/1113/622 3351/1114/622 3349/1112/621
f 3352/1113/622 3354/1115/623 3353/1116/623 3351/1114/622
f 3354/1115/623 3356/1117/624 3355/1118/624 3353/1116/623
f 3356/1117/624 3358/1119/625 3357/1120/625 3355/1118/624
f 3358/1119/625 3360/1121/626 3359/1122/626 3357/1120/625
f 3360/1121/626 3362/1123/563 3361/1124/563 3359/1122/626
f 3362/1123/563 3364/1125/563 3363/1126/563 3361/1124/563
f 3364/1125/563 3366/1127/563 3365/1128/563 3363/1126/563
f 3366/1127/563 3368/1129/563 3367/1130/563 3365/1128/563
f 3368/1129/563 3370/1131/563 3369/1132/563 3367/1130/563
f 3370/1131/563 3372/1133/563 3371/1134/563 3369/1132/563
f 3372/1133/563 3374/1135/563 3373/1136/563 3371/1134/563
f 3374/1135/563 3376/1137/563 3375/1138/563 3373/1136/563
f 3376/1137/563 3378/1139/563 3377/1140/563 3375/1138/563
f 3378/1139/563 3380/1141/563 3379/1142/563 3377/1140/563
f 3380/1141/563 3382/1143/563 3381/1144/563 3379/1142/563
f 3382/1143/563 3384/1145/627 3383/1146/627 3381/1144/563
f 3384/1145/627 3386/1147/628 3385/1148/628 3383/1146/627
f 3386/1147/628 3388/1149/629 3387/1150/629 3385/1148/628
f 3388/1149/629 3390/1151/630 3389/1152/630 3387/1150/629
f 3390/1151/630 3392/1153/631 3391/1154/631 3389/1152/630
f 3392/1153/631 3394/1155/632 3393/1156/632 3391/1154/631
f 3394/1155/632 3396/1157/633 3395/1158/633 3393/1156/632
f 3396/1157/633 3398/1159/634 3397/1160/634 3395/1158/633
f 3398/1159/634 3400/1161/635 3399/1162/635 3397/1160/634
f 3400/1161/635 3402/1163/636 3401/1164/636 3399/1162/635
f 3402/1163/636 3404/1165/637 3403/1166/637 3401/1164/636
f 3404/1165/637 3406/1167/638 3405/1168/638 3403/1166/637
f 3406/1167/638 3408/1169/639 3407/1170/639 3405/1168/638
f 3408/1169/639 3410/1171/31 3409/1172/31 3407/1170/639
f 3410/1171/31 3412/1173/34 3411/1174/34 3409/1172/31
f 3412/1173/34 3240/1000/577 3239/210/577 3411/1174/34
f 3414/950/640 3416/951/641 3415/952/641 3413/315/640
f 3416/951/641 3418/953/642 3417/954/642 3415/952/641
f 3418/953/642 3420/955/643 3419/956/643 3417/954/642
f 3420/955/643 3422/957/644 3421/958/644 3419/956/643
f 3422/957/644 3424/959/645 3423/960/645 3421/958/644
f 3424/959/645 3426/961/646 3425/962/646 3423/960/645
f 3426/961/646 3428/963/647 3427/964/647 3425/962/646
f 3428/963/647 3430/965/648 3429/966/648 3427/964/647
f 3430/965/648 3432/967/649 3431/968/649 3429/966/648
f 3432/967/649 3434/969/650 3433/970/650 3431/968/649
f 3434/969/650 3436/971/651 3435/972/651 3433/970/650
f 3436/971/651 3438/973/652 3437/974/652 3435/972/651
f 3438/973/652 3440/975/653 3439/86/653 3437/974/652
f 3440/975/653 3442/976/654 3441/977/654 3439/86/653
f 3442/976/654 3444/978/655 3443/979/655 3441/977/654
f 3444/978/655 3446/980/656 3445/981/656 3443/979/655
f 3446/980/656 3448/982/657 3447/983/657 3445/981/656
f 3448/982/657 3450/984/658 3449/985/658 3447/983/657
f 3450/984/658 3452/986/659 3451/987/659 3449/985/658
f 3452/986/659 3454/988/660 3453/989/660 3451/987/659
f 3454/988/660 3456/990/661 3455/991/661 3453/989/660
f 3456/990/661 3458/992/662 3457/993/662 3455/991/661
f 3458/992/662 3460/994/663 3459/995/663 3457/993/662
f 3460/994/663 3462/996/664 3461/997/664 3459/995/663
f 3462/996/664 3464/998/665 3463/999/665 3461/997/664
f 3464/998/665 3414/1000/640 3413/210/640 3463/999/665
f 3466/950/666 3468/951/667 3467/952/667 3465/315/666
f 3468/951/667 3470/953/668 3469/954/668 3467/952/667
f 3470/953/668 3472/955/669 3471/956/669 3469/954/668
f 3472/955/669 3474/957/670 3473/958/670 3471/956/669
f 3474/957/670 3476/959/671 3475/960/671 3473/958/670
f 3476/959/671 3478/961/672 3477/962/672 3475/960/671
f 3478/961/672 3480/963/673 3479/964/673 3477/962/672
f 3480/963/673 3482/965/674 3481/966/674 3479/964/673
f 3482/965/674 3484/967/675 3483/968/675 3481/966/674
f 3484/967/675 3486/969/676 3485/970/676 3483/968/675
f 3486/969/676 3488/971/677 3487/972/677 3485/970/676
f 3488/971/677 3490/973/678 3489/974/678 3487/972/677
f 3490/973/678 3492/975/679 3491/86/679 3489/974/678
f 3492/975/679 3494/976/680 3493/977/680 3491/86/679
f 3494/976/680 3496/978/681 3495/979/681 3493/977/680
f 3496/978/681 3498/980/682 3497/981/682 3495/979/681
f 3498/980/682 3500/982/683 3499/983/683 3497/981/682
f 3500/982/683 3502/984/684 3501/985/684 3499/983/683
f 3502/984/684 3504/986/685 3503/987/685 3501/985/684
f 3504/986/685 3506/988/686 3505/989/686 3503/987/685
f 3506/988/686 3508/990/687 3507/991/687 3505/989/686
f 3508/990/687 3510/992/688 3509/993/688 3507/991/687
f 3510/992/688 3512/994/689 3511/995/689 3509/993/688
f 3512/994/689 3514/996/690 3513/997/690 3511/995/689
f 3514/996/690 3516/998/691 3515/999/691 3513/997/690
f 3516/998/691 3466/1000/666 3465/210/666 3515/999/691
f 3518/950/33 3520/1001/32 3519/100/32 3517/315/33
f 3520/1001/32 3522/975/31 3521/86/31 3519/100/32
f 3522/975/31 3524/1002/34 3523/243/34 3521/86/31
f 3524/1002/34 3518/1000/33 3517/210/33 3523/243/34
f 3526/950/692 3528/951/693 3527/952/693 3525/315/692
f 3528/951/693 3530/953/694 3529/954/694 3527/952/693
f 3530/953/694 3532/955/695 3531/956/695 3529/954/694
f 3532/955/695 3534/957/696 3533/958/696 3531/956/695
f 3534/957/696 3536/959/697 3535/960/697 3533/958/696
f 3536/959/697 3538/961/698 3537/962/698 3535/960/697
f 3538/961/698 3540/963/16 3539/964/16 3537/962/698
f 3540/963/16 3542/965/699 3541/966/699 3539/964/16
f 3542/965/699 3544/967/700 3543/968/700 3541/966/699
f 3544/967/700 3546/969/701 3545/970/701 3543/968/700
f 3546/969/701 3548/971/702 3547/972/702 3545/970/701
f 3548/971/702 3550/973/703 3549/974/703 3547/972/702
f 3550/973/703 3552/975/704 3551/86/704 3549/974/703
f 3552/975/704 3554/976/705 3553/977/705 3551/86/704
f 3554/976/705 3556/978/706 3555/979/706 3553/977/705
f 3556/978/706 3558/980/707 3557/981/707 3555/979/706
f 3558/980/707 3560/982/708 3559/983/708 3557/981/707
f 3560/982/708 3562/984/709 3561/985/709 3559/983/708
f 3562/984/709 3564/986/710 3563/987/710 3561/985/709
f 3564/986/710 3566/988/711 3565/989/711 3563/987/710
f 3566/988/711 3568/990/712 3567/991/712 3565/989/711
f 3568/990/712 3570/992/713 3569/993/713 3567/991/712
f 3570/992/713 3572/994/714 3571/995/714 3569/993/713
f 3572/994/714 3574/996/715 3573/997/715 3571/995/714
f 3574/996/715 3576/998/716 3575/999/716 3573/997/715
f 3576/998/716 3526/1000/692 3525/210/692 3575/999/716
f 3578/950/717 3580/951/718 3579/952/718 3577/315/717
f 3580/951/718 3582/953/719 3581/954/719 3579/952/718
f 3582/953/719 3584/955/720 3583/956/720 3581/954/719
f 3584/955/720 3586/957/721 3585/958/721 3583/956/720
f 3586/957/721 3588/959/722 3587/960/722 3585/958/721
f 3588/959/722 3590/961/723 3589/962/723 3587/960/722
f 3590/961/723 3592/963/724 3591/964/724 3589/962/723
f 3592/963/724 3594/965/725 3593/966/725 3591/964/724
f 3594/965/725 3596/967/726 3595/968/726 3593/966/725
f 3596/967/726 3598/969/727 3597/970/727 3595/968/726
f 3598/969/727 3600/971/728 3599/972/728 3597/970/727
f 3600/971/728 3602/973/729 3601/974/729 3599/972/728
f 3602/973/729 3604/975/730 3603/86/730 3601/974/729
f 3604/975/730 3606/976/731 3605/977/731 3603/86/730
f 3606/976/731 3608/978/732 3607/979/732 3605/977/731
f 3608/978/732 3610/980/733 3609/981/733 3607/979/732
f 3610/980/733 3612/982/734 3611/983/734 3609/981/733
f 3612/982/734 3614/984/735 3613/985/735 3611/983/734
f 3614/984/735 3616/986/736 3615/987/736 3613/985/735
f 3616/986/736 3618/988/737 3617/989/737 3615/987/736
f 3618/988/737 3620/990/738 3619/991/738 3617/989/737
f 3620/990/738 3622/992/739 3621/993/739 3619/991/738
f 3622/992/739 3624/994/740 3623/995/740 3621/993/739
f 3624/994/740 3626/996/741 3625/997/741 3623/995/740
f 3626/996/741 3628/998/742 3627/999/742 3625/997/741
f 3628/998/742 3578/1000/717 3577/210/717 3627/999/742
f 3630/950/31 3632/1001/32 3631/100/32 3629/315/31
f 3632/1001/32 3634/975/33 3633/86/33 3631/100/32
f 3634/975/33 3636/1002/34 3635/243/34 3633/86/33
f 3636/1002/34 3630/1000/31 3629/210/31 3635/243/34
f 3638/950/31 3640/1001/32 3639/100/32 3637/315/31
f 3640/1001/32 3642/975/33 3641/86/33 3639/100/32
f 3642/975/33 3644/1002/34 3643/243/34 3641/86/33
f 3644/1002/34 3638/1000/31 3637/210/31 3643/243/34
f 3646/950/33 3648/2007/743 3647/2008/743 3645/315/33
f 3648/2007/743 3650/2009/744 3649/2010/744 3647/2008/743
f 3650/2009/744 3652/2011/745 3651/2012/745 3649/2010/744
f 3652/2011/745 3654/2013/746 3653/2014/746 3651/2012/745
f 3654/2013/746 3656/2015/747 3655/2016/747 3653/2014/746
f 3656/2015/747 3658/2017/748 3657/2018/748 3655/2016/747
f 3658/2017/748 3660/2019/749 3659/2020/749 3657/2018/748
f 3660/2019/749 3662/2021/750 3661/2022/750 3659/2020/749
f 3662/2021/750 3664/2023/751 3663/2024/751 3661/2022/750
f 3664/2023/751 3666/2025/752 3665/2026/752 3663/2024/751
f 3666/2025/752 3668/2027/753 3667/2028/753 3665/2026/752
f 3668/2027/753 3670/2029/754 3669/2030/754 3667/2028/753
f 3670/2029/754 3672/2031/755 3671/2032/755 3669/2030/754
f 3672/2031/755 3674/2033/756 3673/2034/756 3671/2032/755
f 3674/2033/756 3676/2035/757 3675/2036/757 3673/2034/756
f 3676/2035/757 3678/2037/758 3677/2038/758 3675/2036/757
f 3678/2037/758 3680/2039/759 3679/2040/759 3677/2038/758
f 3680/2039/759 3682/2041/760 3681/2042/760 3679/2040/759
f 3682/2041/760 3684/2043/761 3683/2044/761 3681/2042/760
f 3684/2043/761 3686/2045/32 3685/2046/32 3683/2044/761
f 3686/2045/32 3688/2047/762 3687/2048/762 3685/2046/32
f 3688/2047/762 3690/2049/763 3689/2050/763 3687/2048/762
f 3690/2049/763 3692/2051/764 3691/2052/764 3689/2050/763
f 3692/2051/764 3694/2053/765 3693/2054/765 3691/2052/764
f 3694/2053/765 3696/2055/766 3695/2056/766 3693/2054/765
f 3696/2055/766 3698/2057/767 3697/2058/767 3695/2056/766
f 3698/2057/767 3700/2059/768 3699/2060/768 3697/2058/767
f 3700/2059/768 3702/2061/32 3701/2062/32 3699/2060/768
f 3702/2061/32 3704/2063/31 3703/2064/31 3701/2062/32
f 3704/2063/31 3706/2065/34 3705/2066/34 3703/2064/31
f 3706/2065/34 3646/1000/33 3645/210/33 3705/2066/34
f 3708/950/769 3710/2067/770 3709/2068/770 3707/315/769
f 3710/2067/770 3712/2069/771 3711/2070/771 3709/2068/770
f 3712/2069/771 3714/2071/772 3713/111/772 3711/2070/771
f 3714/2071/772 3716/2072/773 3715/2073/773 3713/111/772
f 3716/2072/773 3718/1205/774 3717/1206/774 3715/2073/773
f 3718/1205/774 3720/1889/775 3719/84/775 3717/1206/774
f 3720/1889/775 3722/2074/776 3721/2075/776 3719/84/775
f 3722/2074/776 3724/2076/777 3723/2077/777 3721/2075/776
f 3724/2076/777 3726/2078/778 3725/173/778 3723/2077/777
f 3726/2078/778 3728/1059/779 3727/1060/779 3725/173/778
f 3728/1059/779 3730/2079/780 3729/2080/780 3727/1060/779
f 3730/2079/780 3732/1918/781 3731/149/781 3729/2080/780
f 3732/1918/781 3734/2081/782 3733/2082/782 3731/149/781
f 3734/2081/782 3736/2083/783 3735/2084/783 3733/2082/782
f 3736/2083/783 3738/975/784 3737/86/784 3735/2084/783
f 3738/975/784 3740/2085/785 3739/2086/785 3737/86/784
f 3740/2085/785 3742/2087/786 3741/2088/786 3739/2086/785
f 3742/2087/786 3744/1947/787 3743/67/787 3741/2088/786
f 3744/1947/787 3746/2089/788 3745/2090/788 3743/67/787
f 3746/2089/788 3748/1117/789 3747/1118/789 3745/2090/788
f 3748/1117/789 3750/2091/790 3749/207/790 3747/1118/789
f 3750/2091/790 3752/2092/791 3751/2093/791 3749/207/790
f 3752/2092/791 3754/2094/792 3753/2095/792 3751/2093/791
f 3754/2094/792 3756/1976/793 3755/280/793 3753/2095/792
f 3756/1976/793 3758/1327/34 3757/1328/34 3755/280/793
f 3758/1327/34 3760/2096/33 3759/2097/33 3757/1328/34
f 3760/2096/33 3762/2098/32 3761/235/32 3759/2097/33
f 3762/2098/32 3764/2099/31 3763/2100/31 3761/235/32
f 3764/2099/31 3766/2101/794 3765/2102/794 3763/2100/31
f 3766/2101/794 3708/1000/769 3707/210/769 3765/2102/794
f 3768/950/795 3770/1177/796 3769/1178/796 3767/315/795
f 3770/1177/796 3772/1180/797 3771/1181/797 3769/1178/796
f 3772/1180/797 3774/1184/798 3773/683/798 3771/1181/797
f 3774/1184/798 3776/1187/799 3775/1188/799 3773/683/798
f 3776/1187/799 3778/1190/800 3777/1191/800 3775/1188/799
f 3778/1190/800 3780/1194/801 3779/709/801 3777/1191/800
f 3780/1194/801 3782/1197/802 3781/1198/802 3779/709/801
f 3782/1197/802 3784/1200/803 3783/1201/803 3781/1198/802
f 3784/1200/803 3786/1204/804 3785/655/804 3783/1201/803
f 3786/1204/804 3788/1207/805 3787/1208/805 3785/655/804
f 3788/1207/805 3790/1210/806 3789/1211/806 3787/1208/805
f 3790/1210/806 3792/1214/34 3791/478/34 3789/1211/806
f 3792/1214/34 3794/1217/33 3793/1218/33 3791/478/34
f 3794/1217/33 3796/1220/32 3795/1221/32 3793/1218/33
f 3796/1220/32 3798/1224/31 3797/462/31 3795/1221/32
f 3798/1224/31 3800/1227/807 3799/1228/807 3797/462/31
f 3800/1227/807 3802/1230/808 3801/1231/808 3799/1228/807
f 3802/1230/808 3804/1234/809 3803/537/809 3801/1231/808
f 3804/1234/809 3806/1059/810 3805/1060/810 3803/537/809
f 3806/1059/810 3808/1238/811 3807/1239/811 3805/1060/810
f 3808/1238/811 3810/1242/812 3809/576/812 3807/1239/811
f 3810/1242/812 3812/1245/813 3811/1246/813 3809/576/812
f 3812/1245/813 3814/1248/814 3813/1249/814 3811/1246/813
f 3814/1248/814 3816/1252/815 3815/578/815 3813/1249/814
f 3816/1252/815 3818/1255/816 3817/1256/816 3815/578/815
f 3818/1255/816 3820/1258/817 3819/1259/817 3817/1256/816
f 3820/1258/817 3822/1262/818 3821/694/818 3819/1259/817
f 3822/1262/818 3824/1265/819 3823/1266/819 3821/694/818
f 3824/1265/819 3826/1267/820 3825/1268/820 3823/1266/819
f 3826/1267/820 3828/1271/821 3827/697/821 3825/1268/820
f 3828/1271/821 3830/1274/822 3829/1275/822 3827/697/821
f 3830/1274/822 3832/1277/823 3831/1278/823 3829/1275/822
f 3832/1277/823 3834/1281/785 3833/624/785 3831/1278/823
f 3834/1281/785 3836/1284/824 3835/1285/824 3833/624/785
f 3836/1284/824 3838/1287/825 3837/1288/825 3835/1285/824
f 3838/1287/825 3840/1291/826 3839/687/826 3837/1288/825
f 3840/1291/826 3842/1294/827 3841/1295/827 3839/687/826
f 3842/1294/827 3844/1117/828 3843/1118/828 3841/1295/827
f 3844/1117/828 3846/1299/829 3845/611/829 3843/1118/828
f 3846/1299/829 3848/1302/830 3847/1303/830 3845/611/829
f 3848/1302/830 3850/1305/831 3849/1306/831 3847/1303/830
f 3850/1305/831 3852/1309/832 3851/593/832 3849/1306/831
f 3852/1309/832 3854/1312/833 3853/1313/833 3851/593/832
f 3854/1312/833 3856/1315/834 3855/1316/834 3853/1313/833
f 3856/1315/834 3858/1319/835 3857/594/835 3855/1316/834
f 3858/1319/835 3860/1322/836 3859/1323/836 3857/594/835
f 3860/1322/836 3862/1325/837 3861/1326/837 3859/1323/836
f 3862/1325/837 3864/1329/838 3863/544/838 3861/1326/837
f 3864/1329/838 3866/1332/839 3865/1333/839 3863/544/838
f 3866/1332/839 3868/1335/840 3867/1336/840 3865/1333/839
f 3868/1335/840 3870/1339/841 3869/517/841 3867/1336/840
f 3870/1339/841 3872/1342/842 3871/1343/842 3869/517/841
f 3872/1342/842 3874/1345/843 3873/1346/843 3871/1343/842
f 3874/1345/843 3876/1349/844 3875/500/844 3873/1346/843
f 3876/1349/844 3878/1352/845 3877/1353/845 3875/500/844
f 3878/1352/845 3880/1355/846 3879/1356/846 3877/1353/845
f 3880/1355/846 3768/1000/795 3767/210/795 3879/1356/846
