# Blender 4.1.1
# www.blender.org
mtllib Title_1.mtl
o テキスト
v -0.376558 0.144462 -0.100000
v -0.358296 0.142861 -0.100000
v -0.341313 0.140219 -0.100000
v -0.325704 0.136556 -0.100000
v -0.311567 0.131892 -0.100000
v -0.299000 0.126250 -0.100000
v -0.288100 0.119649 -0.100000
v -0.278963 0.112111 -0.100000
v -0.271688 0.103656 -0.100000
v -0.266370 0.094306 -0.100000
v -0.263109 0.084080 -0.100000
v -0.262000 0.073000 -0.100000
v -0.262930 0.063469 -0.100000
v -0.265690 0.054421 -0.100000
v -0.270234 0.045922 -0.100000
v -0.276519 0.038037 -0.100000
v -0.284497 0.030833 -0.100000
v -0.294125 0.024375 -0.100000
v -0.305357 0.018730 -0.100000
v -0.318148 0.013963 -0.100000
v -0.332453 0.010141 -0.100000
v -0.348227 0.007329 -0.100000
v -0.365424 0.005593 -0.100000
v -0.384000 0.005000 -0.100000
v -0.396977 0.005618 -0.100000
v -0.408898 0.007444 -0.100000
v -0.419750 0.010437 -0.100000
v -0.429519 0.014556 -0.100000
v -0.438190 0.019757 -0.100000
v -0.445750 0.026000 -0.100000
v -0.452185 0.033243 -0.100000
v -0.457481 0.041444 -0.100000
v -0.461625 0.050562 -0.100000
v -0.464602 0.060556 -0.100000
v -0.466398 0.071382 -0.100000
v -0.467000 0.083000 -0.100000
v -0.466000 0.138000 -0.100000
v -0.460249 0.139188 -0.100000
v -0.454495 0.140255 -0.100000
v -0.448734 0.141203 -0.100000
v -0.442963 0.142037 -0.100000
v -0.437178 0.142760 -0.100000
v -0.431375 0.143375 -0.100000
v -0.425552 0.143886 -0.100000
v -0.419704 0.144296 -0.100000
v -0.413828 0.144609 -0.100000
v -0.407921 0.144829 -0.100000
v -0.401980 0.144958 -0.100000
v -0.396000 0.145000 -0.100000
v -0.531000 0.468000 -0.100000
v -0.548599 0.468353 -0.100000
v -0.567708 0.468907 -0.100000
v -0.588047 0.469656 -0.100000
v -0.609333 0.470593 -0.100000
v -0.631287 0.471709 -0.100000
v -0.653625 0.473000 -0.100000
v -0.676068 0.474457 -0.100000
v -0.698333 0.476074 -0.100000
v -0.720141 0.477844 -0.100000
v -0.741208 0.479759 -0.100000
v -0.761255 0.481814 -0.100000
v -0.780000 0.484000 -0.100000
v -0.781000 0.414000 -0.100000
v -0.762675 0.412273 -0.100000
v -0.742898 0.410602 -0.100000
v -0.721969 0.409000 -0.100000
v -0.700185 0.407482 -0.100000
v -0.677846 0.406060 -0.100000
v -0.655250 0.404750 -0.100000
v -0.632696 0.403565 -0.100000
v -0.610482 0.402519 -0.100000
v -0.588906 0.401625 -0.100000
v -0.568269 0.400898 -0.100000
v -0.548867 0.400352 -0.100000
v -0.531000 0.400000 -0.100000
v -0.531000 0.374000 -0.100000
v -0.531080 0.361517 -0.100000
v -0.531310 0.348139 -0.100000
v -0.531672 0.333969 -0.100000
v -0.532148 0.319111 -0.100000
v -0.532722 0.303670 -0.100000
v -0.533375 0.287750 -0.100000
v -0.534091 0.271455 -0.100000
v -0.534852 0.254889 -0.100000
v -0.535641 0.238156 -0.100000
v -0.536440 0.221361 -0.100000
v -0.537232 0.204608 -0.100000
v -0.538000 0.188000 -0.100000
v -0.564578 0.180126 -0.100000
v -0.590287 0.171093 -0.100000
v -0.615094 0.161031 -0.100000
v -0.638963 0.150074 -0.100000
v -0.661860 0.138353 -0.100000
v -0.683750 0.126000 -0.100000
v -0.704598 0.113147 -0.100000
v -0.724370 0.099926 -0.100000
v -0.743031 0.086469 -0.100000
v -0.760546 0.072907 -0.100000
v -0.776881 0.059374 -0.100000
v -0.792000 0.046000 -0.100000
v -0.750000 -0.024000 -0.100000
v -0.736568 -0.010723 -0.100000
v -0.722296 0.002551 -0.100000
v -0.707219 0.015734 -0.100000
v -0.691370 0.028741 -0.100000
v -0.674786 0.041483 -0.100000
v -0.657500 0.053875 -0.100000
v -0.639548 0.065829 -0.100000
v -0.620963 0.077259 -0.100000
v -0.601781 0.088078 -0.100000
v -0.582037 0.098199 -0.100000
v -0.561765 0.107535 -0.100000
v -0.541000 0.116000 -0.100000
v -0.543000 0.059000 -0.100000
v -0.542130 0.042925 -0.100000
v -0.539454 0.027319 -0.100000
v -0.534875 0.012359 -0.100000
v -0.528296 -0.001778 -0.100000
v -0.519620 -0.014915 -0.100000
v -0.508750 -0.026875 -0.100000
v -0.495588 -0.037481 -0.100000
v -0.480037 -0.046556 -0.100000
v -0.462000 -0.053922 -0.100000
v -0.441380 -0.059403 -0.100000
v -0.418079 -0.062821 -0.100000
v -0.392000 -0.064000 -0.100000
v -0.363257 -0.063044 -0.100000
v -0.336139 -0.060185 -0.100000
v -0.310813 -0.055437 -0.100000
v -0.287444 -0.048815 -0.100000
v -0.266201 -0.040331 -0.100000
v -0.247250 -0.030000 -0.100000
v -0.230757 -0.017836 -0.100000
v -0.216889 -0.003852 -0.100000
v -0.205813 0.011937 -0.100000
v -0.197694 0.029519 -0.100000
v -0.192701 0.048877 -0.100000
v -0.191000 0.070000 -0.100000
v -0.192575 0.090341 -0.100000
v -0.197264 0.109315 -0.100000
v -0.205016 0.126844 -0.100000
v -0.215778 0.142852 -0.100000
v -0.229498 0.157263 -0.100000
v -0.246125 0.170000 -0.100000
v -0.265606 0.180987 -0.100000
v -0.287889 0.190148 -0.100000
v -0.312922 0.197406 -0.100000
v -0.340653 0.202685 -0.100000
v -0.371030 0.205909 -0.100000
v -0.404000 0.207000 -0.100000
v -0.408999 0.206979 -0.100000
v -0.413995 0.206912 -0.100000
v -0.418984 0.206797 -0.100000
v -0.423963 0.206630 -0.100000
v -0.428928 0.206407 -0.100000
v -0.433875 0.206125 -0.100000
v -0.438802 0.205781 -0.100000
v -0.443704 0.205370 -0.100000
v -0.448578 0.204891 -0.100000
v -0.453421 0.204338 -0.100000
v -0.458230 0.203709 -0.100000
v -0.463000 0.203000 -0.100000
v -0.462252 0.218341 -0.100000
v -0.461514 0.233815 -0.100000
v -0.460797 0.249344 -0.100000
v -0.460111 0.264852 -0.100000
v -0.459467 0.280263 -0.100000
v -0.458875 0.295500 -0.100000
v -0.458346 0.310487 -0.100000
v -0.457889 0.325148 -0.100000
v -0.457516 0.339406 -0.100000
v -0.457236 0.353185 -0.100000
v -0.457061 0.366409 -0.100000
v -0.457000 0.379000 -0.100000
v -0.457000 0.390092 -0.100000
v -0.457000 0.402653 -0.100000
v -0.457000 0.416359 -0.100000
v -0.457000 0.430889 -0.100000
v -0.457000 0.445918 -0.100000
v -0.457000 0.461125 -0.100000
v -0.457000 0.476186 -0.100000
v -0.457000 0.490778 -0.100000
v -0.457000 0.504578 -0.100000
v -0.457000 0.517264 -0.100000
v -0.457000 0.528512 -0.100000
v -0.457000 0.538000 -0.100000
v -0.456939 0.545668 -0.100000
v -0.456759 0.553593 -0.100000
v -0.456469 0.561656 -0.100000
v -0.456074 0.569741 -0.100000
v -0.455582 0.577728 -0.100000
v -0.455000 0.585500 -0.100000
v -0.454334 0.592939 -0.100000
v -0.453593 0.599926 -0.100000
v -0.452781 0.606344 -0.100000
v -0.451907 0.612074 -0.100000
v -0.450978 0.616999 -0.100000
v -0.450000 0.621000 -0.100000
v -0.537000 0.621000 -0.100000
v -0.536252 0.616751 -0.100000
v -0.535514 0.611593 -0.100000
v -0.534797 0.605656 -0.100000
v -0.534111 0.599074 -0.100000
v -0.533467 0.591978 -0.100000
v -0.532875 0.584500 -0.100000
v -0.532345 0.576772 -0.100000
v -0.531889 0.568926 -0.100000
v -0.531516 0.561094 -0.100000
v -0.531236 0.553407 -0.100000
v -0.531061 0.545999 -0.100000
v -0.531000 0.539000 -0.100000
v 0.120388 0.644572 -0.100000
v 0.112106 0.646241 -0.100000
v 0.104234 0.648938 -0.100000
v 0.096852 0.652593 -0.100000
v 0.090039 0.657137 -0.100000
v 0.083875 0.662500 -0.100000
v 0.078440 0.668613 -0.100000
v 0.073815 0.675407 -0.100000
v 0.070078 0.682813 -0.100000
v 0.067310 0.690759 -0.100000
v 0.065591 0.699178 -0.100000
v 0.065000 0.708000 -0.100000
v 0.065591 0.716841 -0.100000
v 0.067310 0.725315 -0.100000
v 0.070078 0.733344 -0.100000
v 0.073815 0.740852 -0.100000
v 0.078440 0.747763 -0.100000
v 0.083875 0.754000 -0.100000
v 0.090039 0.759487 -0.100000
v 0.096852 0.764148 -0.100000
v 0.104234 0.767906 -0.100000
v 0.112106 0.770685 -0.100000
v 0.120388 0.772409 -0.100000
v 0.129000 0.773000 -0.100000
v 0.137841 0.772409 -0.100000
v 0.146315 0.770685 -0.100000
v 0.154344 0.767906 -0.100000
v 0.161852 0.764148 -0.100000
v 0.168763 0.759487 -0.100000
v 0.175000 0.754000 -0.100000
v 0.180487 0.747763 -0.100000
v 0.185148 0.740852 -0.100000
v 0.188906 0.733344 -0.100000
v 0.191685 0.725315 -0.100000
v 0.193409 0.716841 -0.100000
v 0.194000 0.708000 -0.100000
v 0.193428 0.699178 -0.100000
v 0.191755 0.690759 -0.100000
v 0.189047 0.682813 -0.100000
v 0.185370 0.675407 -0.100000
v 0.180791 0.668613 -0.100000
v 0.175375 0.662500 -0.100000
v 0.169188 0.657137 -0.100000
v 0.162296 0.652593 -0.100000
v 0.154766 0.648938 -0.100000
v 0.146662 0.646241 -0.100000
v 0.138051 0.644572 -0.100000
v 0.129000 0.644000 -0.100000
v 0.114231 0.817001 -0.100000
v 0.100018 0.814088 -0.100000
v 0.086500 0.809391 -0.100000
v 0.073815 0.803037 -0.100000
v 0.062102 0.795156 -0.100000
v 0.051500 0.785875 -0.100000
v 0.042148 0.775324 -0.100000
v 0.034185 0.763630 -0.100000
v 0.027750 0.750922 -0.100000
v 0.022981 0.737329 -0.100000
v 0.020018 0.722979 -0.100000
v 0.019000 0.708000 -0.100000
v 0.020018 0.693021 -0.100000
v 0.022981 0.678671 -0.100000
v 0.027750 0.665078 -0.100000
v 0.034185 0.652370 -0.100000
v 0.042148 0.640676 -0.100000
v 0.051500 0.630125 -0.100000
v 0.062102 0.620844 -0.100000
v 0.073815 0.612963 -0.100000
v 0.086500 0.606609 -0.100000
v 0.100018 0.601912 -0.100000
v 0.114231 0.598999 -0.100000
v 0.129000 0.598000 -0.100000
v 0.144189 0.599000 -0.100000
v 0.158676 0.601912 -0.100000
v 0.172344 0.606609 -0.100000
v 0.185074 0.612963 -0.100000
v 0.196749 0.620844 -0.100000
v 0.207250 0.630125 -0.100000
v 0.216459 0.640677 -0.100000
v 0.224259 0.652370 -0.100000
v 0.230531 0.665078 -0.100000
v 0.235157 0.678671 -0.100000
v 0.238020 0.693021 -0.100000
v 0.239000 0.708000 -0.100000
v 0.238020 0.722979 -0.100000
v 0.235157 0.737329 -0.100000
v 0.230531 0.750922 -0.100000
v 0.224259 0.763630 -0.100000
v 0.216459 0.775324 -0.100000
v 0.207250 0.785875 -0.100000
v 0.196749 0.795156 -0.100000
v 0.185074 0.803037 -0.100000
v 0.172344 0.809391 -0.100000
v 0.158676 0.814088 -0.100000
v 0.144189 0.817001 -0.100000
v 0.129000 0.818000 -0.100000
v 0.832424 0.671404 -0.100000
v 0.806139 0.673565 -0.100000
v 0.777813 0.676406 -0.100000
v 0.748111 0.679852 -0.100000
v 0.717701 0.683825 -0.100000
v 0.687250 0.688250 -0.100000
v 0.657424 0.693050 -0.100000
v 0.628889 0.698148 -0.100000
v 0.602313 0.703469 -0.100000
v 0.578361 0.708935 -0.100000
v 0.557701 0.714471 -0.100000
v 0.541000 0.720000 -0.100000
v 0.517000 0.650000 -0.100000
v 0.520506 0.648939 -0.100000
v 0.524468 0.647764 -0.100000
v 0.528797 0.646484 -0.100000
v 0.533407 0.645111 -0.100000
v 0.538212 0.643655 -0.100000
v 0.543125 0.642125 -0.100000
v 0.548058 0.640533 -0.100000
v 0.552926 0.638889 -0.100000
v 0.557641 0.637203 -0.100000
v 0.562116 0.635486 -0.100000
v 0.566264 0.633748 -0.100000
v 0.570000 0.632000 -0.100000
v 0.587484 0.617640 -0.100000
v 0.607875 0.598287 -0.100000
v 0.630328 0.574281 -0.100000
v 0.654000 0.545963 -0.100000
v 0.678047 0.513672 -0.100000
v 0.701625 0.477750 -0.100000
v 0.723891 0.438536 -0.100000
v 0.744000 0.396370 -0.100000
v 0.761109 0.351594 -0.100000
v 0.774375 0.304546 -0.100000
v 0.782953 0.255568 -0.100000
v 0.786000 0.205000 -0.100000
v 0.784111 0.171451 -0.100000
v 0.778639 0.141694 -0.100000
v 0.769875 0.115563 -0.100000
v 0.758111 0.092889 -0.100000
v 0.743639 0.073507 -0.100000
v 0.726750 0.057250 -0.100000
v 0.707736 0.043951 -0.100000
v 0.686889 0.033444 -0.100000
v 0.664500 0.025562 -0.100000
v 0.640861 0.020139 -0.100000
v 0.616264 0.017007 -0.100000
v 0.591000 0.016000 -0.100000
v 0.536314 0.020937 -0.100000
v 0.487759 0.035495 -0.100000
v 0.445344 0.059297 -0.100000
v 0.409074 0.091963 -0.100000
v 0.378957 0.133115 -0.100000
v 0.355000 0.182375 -0.100000
v 0.337209 0.239364 -0.100000
v 0.325593 0.303704 -0.100000
v 0.320156 0.375016 -0.100000
v 0.320907 0.452921 -0.100000
v 0.327853 0.537042 -0.100000
v 0.341000 0.627000 -0.100000
v 0.364000 0.701000 -0.100000
v 0.285000 0.724000 -0.100000
v 0.279244 0.692760 -0.100000
v 0.272282 0.659745 -0.100000
v 0.263828 0.625266 -0.100000
v 0.253593 0.589630 -0.100000
v 0.241288 0.553146 -0.100000
v 0.226625 0.516125 -0.100000
v 0.209316 0.478874 -0.100000
v 0.189074 0.441704 -0.100000
v 0.165609 0.404922 -0.100000
v 0.138634 0.368838 -0.100000
v 0.107860 0.333761 -0.100000
v 0.073000 0.300000 -0.100000
v 0.126000 0.229000 -0.100000
v 0.139293 0.243648 -0.100000
v 0.152181 0.258602 -0.100000
v 0.164672 0.273875 -0.100000
v 0.176778 0.289482 -0.100000
v 0.188509 0.305435 -0.100000
v 0.199875 0.321750 -0.100000
v 0.210887 0.338440 -0.100000
v 0.221556 0.355519 -0.100000
v 0.231891 0.373000 -0.100000
v 0.241903 0.390898 -0.100000
v 0.251602 0.409227 -0.100000
v 0.261000 0.428000 -0.100000
v 0.257831 0.365133 -0.100000
v 0.259065 0.303560 -0.100000
v 0.265063 0.244078 -0.100000
v 0.276185 0.187482 -0.100000
v 0.292794 0.134565 -0.100000
v 0.315250 0.086125 -0.100000
v 0.343914 0.042955 -0.100000
v 0.379148 0.005852 -0.100000
v 0.421313 -0.024391 -0.100000
v 0.470769 -0.046977 -0.100000
v 0.527877 -0.061112 -0.100000
v 0.593000 -0.066000 -0.100000
v 0.631313 -0.064172 -0.100000
v 0.667588 -0.058713 -0.100000
v 0.701578 -0.049656 -0.100000
v 0.733037 -0.037037 -0.100000
v 0.761718 -0.020890 -0.100000
v 0.787375 -0.001250 -0.100000
v 0.809761 0.021848 -0.100000
v 0.828630 0.048370 -0.100000
v 0.843734 0.078281 -0.100000
v 0.854829 0.111546 -0.100000
v 0.861666 0.148131 -0.100000
v 0.864000 0.188000 -0.100000
v 0.862041 0.233623 -0.100000
v 0.856407 0.277486 -0.100000
v 0.847469 0.319578 -0.100000
v 0.835593 0.359889 -0.100000
v 0.821147 0.398408 -0.100000
v 0.804500 0.435125 -0.100000
v 0.786020 0.470030 -0.100000
v 0.766074 0.503111 -0.100000
v 0.745031 0.534359 -0.100000
v 0.723259 0.563764 -0.100000
v 0.701126 0.591314 -0.100000
v 0.679000 0.617000 -0.100000
v 0.692141 0.614963 -0.100000
v 0.706380 0.612870 -0.100000
v 0.721437 0.610750 -0.100000
v 0.737037 0.608630 -0.100000
v 0.752900 0.606537 -0.100000
v 0.768750 0.604500 -0.100000
v 0.784308 0.602546 -0.100000
v 0.799296 0.600704 -0.100000
v 0.813437 0.599000 -0.100000
v 0.826454 0.597463 -0.100000
v 0.838067 0.596120 -0.100000
v 0.848000 0.595000 -0.100000
v 0.852711 0.594269 -0.100000
v 0.857356 0.593569 -0.100000
v 0.861953 0.592891 -0.100000
v 0.866518 0.592222 -0.100000
v 0.871070 0.591554 -0.100000
v 0.875625 0.590875 -0.100000
v 0.880201 0.590175 -0.100000
v 0.884815 0.589444 -0.100000
v 0.889484 0.588672 -0.100000
v 0.894227 0.587847 -0.100000
v 0.899060 0.586960 -0.100000
v 0.904000 0.586000 -0.100000
v 0.910000 0.670000 -0.100000
v 0.906149 0.669771 -0.100000
v 0.902111 0.669583 -0.100000
v 0.897906 0.669437 -0.100000
v 0.893556 0.669333 -0.100000
v 0.889080 0.669271 -0.100000
v 0.884500 0.669250 -0.100000
v 0.879837 0.669271 -0.100000
v 0.875111 0.669333 -0.100000
v 0.870344 0.669437 -0.100000
v 0.865556 0.669583 -0.100000
v 0.860767 0.669771 -0.100000
v 0.856000 0.670000 -0.100000
v -0.376558 0.144462 0.100000
v -0.358296 0.142861 0.100000
v -0.341313 0.140219 0.100000
v -0.325704 0.136556 0.100000
v -0.311567 0.131892 0.100000
v -0.299000 0.126250 0.100000
v -0.288100 0.119649 0.100000
v -0.278963 0.112111 0.100000
v -0.271688 0.103656 0.100000
v -0.266370 0.094306 0.100000
v -0.263109 0.084080 0.100000
v -0.262000 0.073000 0.100000
v -0.262930 0.063469 0.100000
v -0.265690 0.054421 0.100000
v -0.270234 0.045922 0.100000
v -0.276519 0.038037 0.100000
v -0.284497 0.030833 0.100000
v -0.294125 0.024375 0.100000
v -0.305357 0.018730 0.100000
v -0.318148 0.013963 0.100000
v -0.332453 0.010141 0.100000
v -0.348227 0.007329 0.100000
v -0.365424 0.005593 0.100000
v -0.384000 0.005000 0.100000
v -0.396977 0.005618 0.100000
v -0.408898 0.007444 0.100000
v -0.419750 0.010438 0.100000
v -0.429519 0.014556 0.100000
v -0.438190 0.019757 0.100000
v -0.445750 0.026000 0.100000
v -0.452185 0.033243 0.100000
v -0.457481 0.041444 0.100000
v -0.461625 0.050563 0.100000
v -0.464602 0.060556 0.100000
v -0.466398 0.071382 0.100000
v -0.467000 0.083000 0.100000
v -0.466000 0.138000 0.100000
v -0.460249 0.139188 0.100000
v -0.454495 0.140255 0.100000
v -0.448734 0.141203 0.100000
v -0.442963 0.142037 0.100000
v -0.437178 0.142760 0.100000
v -0.431375 0.143375 0.100000
v -0.425552 0.143886 0.100000
v -0.419704 0.144296 0.100000
v -0.413828 0.144609 0.100000
v -0.407921 0.144829 0.100000
v -0.401980 0.144958 0.100000
v -0.396000 0.145000 0.100000
v -0.531000 0.468000 0.100000
v -0.548599 0.468353 0.100000
v -0.567708 0.468907 0.100000
v -0.588047 0.469656 0.100000
v -0.609333 0.470593 0.100000
v -0.631287 0.471709 0.100000
v -0.653625 0.473000 0.100000
v -0.676068 0.474457 0.100000
v -0.698333 0.476074 0.100000
v -0.720141 0.477844 0.100000
v -0.741208 0.479759 0.100000
v -0.761255 0.481814 0.100000
v -0.780000 0.484000 0.100000
v -0.781000 0.414000 0.100000
v -0.762675 0.412273 0.100000
v -0.742898 0.410602 0.100000
v -0.721969 0.409000 0.100000
v -0.700185 0.407482 0.100000
v -0.677846 0.406060 0.100000
v -0.655250 0.404750 0.100000
v -0.632696 0.403565 0.100000
v -0.610482 0.402519 0.100000
v -0.588906 0.401625 0.100000
v -0.568269 0.400898 0.100000
v -0.548867 0.400352 0.100000
v -0.531000 0.400000 0.100000
v -0.531000 0.374000 0.100000
v -0.531080 0.361517 0.100000
v -0.531310 0.348139 0.100000
v -0.531672 0.333969 0.100000
v -0.532148 0.319111 0.100000
v -0.532722 0.303670 0.100000
v -0.533375 0.287750 0.100000
v -0.534091 0.271455 0.100000
v -0.534852 0.254889 0.100000
v -0.535641 0.238156 0.100000
v -0.536440 0.221361 0.100000
v -0.537232 0.204608 0.100000
v -0.538000 0.188000 0.100000
v -0.564578 0.180126 0.100000
v -0.590287 0.171093 0.100000
v -0.615094 0.161031 0.100000
v -0.638963 0.150074 0.100000
v -0.661860 0.138353 0.100000
v -0.683750 0.126000 0.100000
v -0.704598 0.113147 0.100000
v -0.724370 0.099926 0.100000
v -0.743031 0.086469 0.100000
v -0.760546 0.072907 0.100000
v -0.776881 0.059374 0.100000
v -0.792000 0.046000 0.100000
v -0.750000 -0.024000 0.100000
v -0.736568 -0.010723 0.100000
v -0.722296 0.002551 0.100000
v -0.707219 0.015734 0.100000
v -0.691370 0.028741 0.100000
v -0.674786 0.041483 0.100000
v -0.657500 0.053875 0.100000
v -0.639548 0.065829 0.100000
v -0.620963 0.077259 0.100000
v -0.601781 0.088078 0.100000
v -0.582037 0.098199 0.100000
v -0.561765 0.107535 0.100000
v -0.541000 0.116000 0.100000
v -0.543000 0.059000 0.100000
v -0.542130 0.042925 0.100000
v -0.539454 0.027319 0.100000
v -0.534875 0.012359 0.100000
v -0.528296 -0.001778 0.100000
v -0.519620 -0.014915 0.100000
v -0.508750 -0.026875 0.100000
v -0.495588 -0.037481 0.100000
v -0.480037 -0.046556 0.100000
v -0.462000 -0.053922 0.100000
v -0.441380 -0.059403 0.100000
v -0.418079 -0.062821 0.100000
v -0.392000 -0.064000 0.100000
v -0.363257 -0.063044 0.100000
v -0.336139 -0.060185 0.100000
v -0.310813 -0.055437 0.100000
v -0.287444 -0.048815 0.100000
v -0.266201 -0.040331 0.100000
v -0.247250 -0.030000 0.100000
v -0.230757 -0.017836 0.100000
v -0.216889 -0.003852 0.100000
v -0.205813 0.011938 0.100000
v -0.197694 0.029519 0.100000
v -0.192701 0.048877 0.100000
v -0.191000 0.070000 0.100000
v -0.192575 0.090341 0.100000
v -0.197264 0.109315 0.100000
v -0.205016 0.126844 0.100000
v -0.215778 0.142852 0.100000
v -0.229498 0.157263 0.100000
v -0.246125 0.170000 0.100000
v -0.265606 0.180987 0.100000
v -0.287889 0.190148 0.100000
v -0.312922 0.197406 0.100000
v -0.340653 0.202685 0.100000
v -0.371030 0.205909 0.100000
v -0.404000 0.207000 0.100000
v -0.408999 0.206979 0.100000
v -0.413995 0.206912 0.100000
v -0.418984 0.206797 0.100000
v -0.423963 0.206630 0.100000
v -0.428928 0.206407 0.100000
v -0.433875 0.206125 0.100000
v -0.438802 0.205781 0.100000
v -0.443704 0.205370 0.100000
v -0.448578 0.204891 0.100000
v -0.453421 0.204338 0.100000
v -0.458230 0.203709 0.100000
v -0.463000 0.203000 0.100000
v -0.462252 0.218341 0.100000
v -0.461514 0.233815 0.100000
v -0.460797 0.249344 0.100000
v -0.460111 0.264852 0.100000
v -0.459467 0.280263 0.100000
v -0.458875 0.295500 0.100000
v -0.458346 0.310487 0.100000
v -0.457889 0.325148 0.100000
v -0.457516 0.339406 0.100000
v -0.457236 0.353185 0.100000
v -0.457061 0.366409 0.100000
v -0.457000 0.379000 0.100000
v -0.457000 0.390092 0.100000
v -0.457000 0.402653 0.100000
v -0.457000 0.416359 0.100000
v -0.457000 0.430889 0.100000
v -0.457000 0.445918 0.100000
v -0.457000 0.461125 0.100000
v -0.457000 0.476186 0.100000
v -0.457000 0.490778 0.100000
v -0.457000 0.504578 0.100000
v -0.457000 0.517264 0.100000
v -0.457000 0.528512 0.100000
v -0.457000 0.538000 0.100000
v -0.456939 0.545668 0.100000
v -0.456759 0.553593 0.100000
v -0.456469 0.561656 0.100000
v -0.456074 0.569741 0.100000
v -0.455582 0.577728 0.100000
v -0.455000 0.585500 0.100000
v -0.454334 0.592939 0.100000
v -0.453593 0.599926 0.100000
v -0.452781 0.606344 0.100000
v -0.451907 0.612074 0.100000
v -0.450978 0.616999 0.100000
v -0.450000 0.621000 0.100000
v -0.537000 0.621000 0.100000
v -0.536252 0.616751 0.100000
v -0.535514 0.611593 0.100000
v -0.534797 0.605656 0.100000
v -0.534111 0.599074 0.100000
v -0.533467 0.591978 0.100000
v -0.532875 0.584500 0.100000
v -0.532345 0.576772 0.100000
v -0.531889 0.568926 0.100000
v -0.531516 0.561094 0.100000
v -0.531236 0.553407 0.100000
v -0.531061 0.545999 0.100000
v -0.531000 0.539000 0.100000
v 0.120388 0.644572 0.100000
v 0.112106 0.646241 0.100000
v 0.104234 0.648938 0.100000
v 0.096852 0.652593 0.100000
v 0.090039 0.657137 0.100000
v 0.083875 0.662500 0.100000
v 0.078440 0.668613 0.100000
v 0.073815 0.675407 0.100000
v 0.070078 0.682813 0.100000
v 0.067310 0.690759 0.100000
v 0.065591 0.699178 0.100000
v 0.065000 0.708000 0.100000
v 0.065591 0.716841 0.100000
v 0.067310 0.725315 0.100000
v 0.070078 0.733344 0.100000
v 0.073815 0.740852 0.100000
v 0.078440 0.747763 0.100000
v 0.083875 0.754000 0.100000
v 0.090039 0.759487 0.100000
v 0.096852 0.764148 0.100000
v 0.104234 0.767906 0.100000
v 0.112106 0.770685 0.100000
v 0.120388 0.772409 0.100000
v 0.129000 0.773000 0.100000
v 0.137841 0.772409 0.100000
v 0.146315 0.770685 0.100000
v 0.154344 0.767906 0.100000
v 0.161852 0.764148 0.100000
v 0.168763 0.759487 0.100000
v 0.175000 0.754000 0.100000
v 0.180487 0.747763 0.100000
v 0.185148 0.740852 0.100000
v 0.188906 0.733344 0.100000
v 0.191685 0.725315 0.100000
v 0.193409 0.716841 0.100000
v 0.194000 0.708000 0.100000
v 0.193428 0.699178 0.100000
v 0.191755 0.690759 0.100000
v 0.189047 0.682813 0.100000
v 0.185370 0.675407 0.100000
v 0.180791 0.668613 0.100000
v 0.175375 0.662500 0.100000
v 0.169188 0.657137 0.100000
v 0.162296 0.652593 0.100000
v 0.154766 0.648938 0.100000
v 0.146662 0.646241 0.100000
v 0.138051 0.644572 0.100000
v 0.129000 0.644000 0.100000
v 0.114231 0.817001 0.100000
v 0.100018 0.814088 0.100000
v 0.086500 0.809391 0.100000
v 0.073815 0.803037 0.100000
v 0.062102 0.795156 0.100000
v 0.051500 0.785875 0.100000
v 0.042148 0.775324 0.100000
v 0.034185 0.763630 0.100000
v 0.027750 0.750922 0.100000
v 0.022981 0.737329 0.100000
v 0.020018 0.722979 0.100000
v 0.019000 0.708000 0.100000
v 0.020018 0.693021 0.100000
v 0.022981 0.678671 0.100000
v 0.027750 0.665078 0.100000
v 0.034185 0.652370 0.100000
v 0.042148 0.640676 0.100000
v 0.051500 0.630125 0.100000
v 0.062102 0.620844 0.100000
v 0.073815 0.612963 0.100000
v 0.086500 0.606609 0.100000
v 0.100018 0.601912 0.100000
v 0.114231 0.598999 0.100000
v 0.129000 0.598000 0.100000
v 0.144189 0.599000 0.100000
v 0.158676 0.601912 0.100000
v 0.172344 0.606609 0.100000
v 0.185074 0.612963 0.100000
v 0.196749 0.620844 0.100000
v 0.207250 0.630125 0.100000
v 0.216459 0.640677 0.100000
v 0.224259 0.652370 0.100000
v 0.230531 0.665078 0.100000
v 0.235157 0.678671 0.100000
v 0.238020 0.693021 0.100000
v 0.239000 0.708000 0.100000
v 0.238020 0.722979 0.100000
v 0.235157 0.737329 0.100000
v 0.230531 0.750922 0.100000
v 0.224259 0.763630 0.100000
v 0.216459 0.775324 0.100000
v 0.207250 0.785875 0.100000
v 0.196749 0.795156 0.100000
v 0.185074 0.803037 0.100000
v 0.172344 0.809391 0.100000
v 0.158676 0.814088 0.100000
v 0.144189 0.817001 0.100000
v 0.129000 0.818000 0.100000
v 0.832424 0.671404 0.100000
v 0.806139 0.673565 0.100000
v 0.777813 0.676406 0.100000
v 0.748111 0.679852 0.100000
v 0.717701 0.683825 0.100000
v 0.687250 0.688250 0.100000
v 0.657424 0.693050 0.100000
v 0.628889 0.698148 0.100000
v 0.602313 0.703469 0.100000
v 0.578361 0.708935 0.100000
v 0.557701 0.714471 0.100000
v 0.541000 0.720000 0.100000
v 0.517000 0.650000 0.100000
v 0.520506 0.648939 0.100000
v 0.524468 0.647764 0.100000
v 0.528797 0.646484 0.100000
v 0.533407 0.645111 0.100000
v 0.538212 0.643655 0.100000
v 0.543125 0.642125 0.100000
v 0.548058 0.640533 0.100000
v 0.552926 0.638889 0.100000
v 0.557641 0.637203 0.100000
v 0.562116 0.635486 0.100000
v 0.566264 0.633748 0.100000
v 0.570000 0.632000 0.100000
v 0.587484 0.617640 0.100000
v 0.607875 0.598287 0.100000
v 0.630328 0.574281 0.100000
v 0.654000 0.545963 0.100000
v 0.678047 0.513672 0.100000
v 0.701625 0.477750 0.100000
v 0.723891 0.438536 0.100000
v 0.744000 0.396370 0.100000
v 0.761109 0.351594 0.100000
v 0.774375 0.304546 0.100000
v 0.782953 0.255568 0.100000
v 0.786000 0.205000 0.100000
v 0.784111 0.171451 0.100000
v 0.778639 0.141694 0.100000
v 0.769875 0.115563 0.100000
v 0.758111 0.092889 0.100000
v 0.743639 0.073507 0.100000
v 0.726750 0.057250 0.100000
v 0.707736 0.043951 0.100000
v 0.686889 0.033444 0.100000
v 0.664500 0.025563 0.100000
v 0.640861 0.020139 0.100000
v 0.616264 0.017007 0.100000
v 0.591000 0.016000 0.100000
v 0.536314 0.020937 0.100000
v 0.487759 0.035495 0.100000
v 0.445344 0.059297 0.100000
v 0.409074 0.091963 0.100000
v 0.378957 0.133115 0.100000
v 0.355000 0.182375 0.100000
v 0.337209 0.239364 0.100000
v 0.325593 0.303704 0.100000
v 0.320156 0.375016 0.100000
v 0.320907 0.452921 0.100000
v 0.327853 0.537042 0.100000
v 0.341000 0.627000 0.100000
v 0.364000 0.701000 0.100000
v 0.285000 0.724000 0.100000
v 0.279244 0.692760 0.100000
v 0.272282 0.659745 0.100000
v 0.263828 0.625266 0.100000
v 0.253593 0.589630 0.100000
v 0.241288 0.553146 0.100000
v 0.226625 0.516125 0.100000
v 0.209316 0.478874 0.100000
v 0.189074 0.441704 0.100000
v 0.165609 0.404922 0.100000
v 0.138634 0.368838 0.100000
v 0.107860 0.333761 0.100000
v 0.073000 0.300000 0.100000
v 0.126000 0.229000 0.100000
v 0.139293 0.243648 0.100000
v 0.152181 0.258602 0.100000
v 0.164672 0.273875 0.100000
v 0.176778 0.289482 0.100000
v 0.188509 0.305435 0.100000
v 0.199875 0.321750 0.100000
v 0.210887 0.338440 0.100000
v 0.221556 0.355519 0.100000
v 0.231891 0.373000 0.100000
v 0.241903 0.390898 0.100000
v 0.251602 0.409227 0.100000
v 0.261000 0.428000 0.100000
v 0.257831 0.365133 0.100000
v 0.259065 0.303560 0.100000
v 0.265063 0.244078 0.100000
v 0.276185 0.187482 0.100000
v 0.292794 0.134565 0.100000
v 0.315250 0.086125 0.100000
v 0.343914 0.042955 0.100000
v 0.379148 0.005852 0.100000
v 0.421313 -0.024391 0.100000
v 0.470769 -0.046977 0.100000
v 0.527877 -0.061112 0.100000
v 0.593000 -0.066000 0.100000
v 0.631313 -0.064172 0.100000
v 0.667588 -0.058713 0.100000
v 0.701578 -0.049656 0.100000
v 0.733037 -0.037037 0.100000
v 0.761718 -0.020890 0.100000
v 0.787375 -0.001250 0.100000
v 0.809761 0.021848 0.100000
v 0.828630 0.048370 0.100000
v 0.843734 0.078281 0.100000
v 0.854829 0.111546 0.100000
v 0.861666 0.148131 0.100000
v 0.864000 0.188000 0.100000
v 0.862041 0.233623 0.100000
v 0.856407 0.277486 0.100000
v 0.847469 0.319578 0.100000
v 0.835593 0.359889 0.100000
v 0.821147 0.398408 0.100000
v 0.804500 0.435125 0.100000
v 0.786020 0.470030 0.100000
v 0.766074 0.503111 0.100000
v 0.745031 0.534359 0.100000
v 0.723259 0.563764 0.100000
v 0.701126 0.591314 0.100000
v 0.679000 0.617000 0.100000
v 0.692141 0.614963 0.100000
v 0.706380 0.612870 0.100000
v 0.721437 0.610750 0.100000
v 0.737037 0.608630 0.100000
v 0.752900 0.606537 0.100000
v 0.768750 0.604500 0.100000
v 0.784308 0.602546 0.100000
v 0.799296 0.600704 0.100000
v 0.813437 0.599000 0.100000
v 0.826454 0.597463 0.100000
v 0.838067 0.596120 0.100000
v 0.848000 0.595000 0.100000
v 0.852711 0.594269 0.100000
v 0.857356 0.593569 0.100000
v 0.861953 0.592891 0.100000
v 0.866518 0.592222 0.100000
v 0.871070 0.591554 0.100000
v 0.875625 0.590875 0.100000
v 0.880201 0.590175 0.100000
v 0.884815 0.589444 0.100000
v 0.889484 0.588672 0.100000
v 0.894227 0.587847 0.100000
v 0.899060 0.586960 0.100000
v 0.904000 0.586000 0.100000
v 0.910000 0.670000 0.100000
v 0.906149 0.669771 0.100000
v 0.902111 0.669583 0.100000
v 0.897906 0.669437 0.100000
v 0.893556 0.669333 0.100000
v 0.889080 0.669271 0.100000
v 0.884500 0.669250 0.100000
v 0.879837 0.669271 0.100000
v 0.875111 0.669333 0.100000
v 0.870344 0.669437 0.100000
v 0.865556 0.669583 0.100000
v 0.860767 0.669771 0.100000
v 0.856000 0.670000 0.100000
v 0.120388 0.644572 0.100000
v 0.120388 0.644572 -0.100000
v 0.112106 0.646241 0.100000
v 0.112106 0.646241 -0.100000
v 0.104234 0.648938 0.100000
v 0.104234 0.648938 -0.100000
v 0.096852 0.652593 0.100000
v 0.096852 0.652593 -0.100000
v 0.090039 0.657137 0.100000
v 0.090039 0.657137 -0.100000
v 0.083875 0.662500 0.100000
v 0.083875 0.662500 -0.100000
v 0.078440 0.668613 0.100000
v 0.078440 0.668613 -0.100000
v 0.073815 0.675407 0.100000
v 0.073815 0.675407 -0.100000
v 0.070078 0.682813 0.100000
v 0.070078 0.682813 -0.100000
v 0.067310 0.690759 0.100000
v 0.067310 0.690759 -0.100000
v 0.065591 0.699178 0.100000
v 0.065591 0.699178 -0.100000
v 0.065000 0.708000 0.100000
v 0.065000 0.708000 -0.100000
v 0.065591 0.716841 0.100000
v 0.065591 0.716841 -0.100000
v 0.067310 0.725315 0.100000
v 0.067310 0.725315 -0.100000
v 0.070078 0.733344 0.100000
v 0.070078 0.733344 -0.100000
v 0.073815 0.740852 0.100000
v 0.073815 0.740852 -0.100000
v 0.078440 0.747763 0.100000
v 0.078440 0.747763 -0.100000
v 0.083875 0.754000 0.100000
v 0.083875 0.754000 -0.100000
v 0.090039 0.759487 0.100000
v 0.090039 0.759487 -0.100000
v 0.096852 0.764148 0.100000
v 0.096852 0.764148 -0.100000
v 0.104234 0.767906 0.100000
v 0.104234 0.767906 -0.100000
v 0.112106 0.770685 0.100000
v 0.112106 0.770685 -0.100000
v 0.120388 0.772409 0.100000
v 0.120388 0.772409 -0.100000
v 0.129000 0.773000 0.100000
v 0.129000 0.773000 -0.100000
v 0.137841 0.772409 0.100000
v 0.137841 0.772409 -0.100000
v 0.146315 0.770685 0.100000
v 0.146315 0.770685 -0.100000
v 0.154344 0.767906 0.100000
v 0.154344 0.767906 -0.100000
v 0.161852 0.764148 0.100000
v 0.161852 0.764148 -0.100000
v 0.168763 0.759487 0.100000
v 0.168763 0.759487 -0.100000
v 0.175000 0.754000 0.100000
v 0.175000 0.754000 -0.100000
v 0.180487 0.747763 0.100000
v 0.180487 0.747763 -0.100000
v 0.185148 0.740852 0.100000
v 0.185148 0.740852 -0.100000
v 0.188906 0.733344 0.100000
v 0.188906 0.733344 -0.100000
v 0.191685 0.725315 0.100000
v 0.191685 0.725315 -0.100000
v 0.193409 0.716841 0.100000
v 0.193409 0.716841 -0.100000
v 0.194000 0.708000 0.100000
v 0.194000 0.708000 -0.100000
v 0.193428 0.699178 0.100000
v 0.193428 0.699178 -0.100000
v 0.191755 0.690759 0.100000
v 0.191755 0.690759 -0.100000
v 0.189047 0.682813 0.100000
v 0.189047 0.682813 -0.100000
v 0.185370 0.675407 0.100000
v 0.185370 0.675407 -0.100000
v 0.180791 0.668613 0.100000
v 0.180791 0.668613 -0.100000
v 0.175375 0.662500 0.100000
v 0.175375 0.662500 -0.100000
v 0.169188 0.657137 0.100000
v 0.169188 0.657137 -0.100000
v 0.162296 0.652593 0.100000
v 0.162296 0.652593 -0.100000
v 0.154766 0.648938 0.100000
v 0.154766 0.648938 -0.100000
v 0.146662 0.646241 0.100000
v 0.146662 0.646241 -0.100000
v 0.138051 0.644572 0.100000
v 0.138051 0.644572 -0.100000
v 0.129000 0.644000 0.100000
v 0.129000 0.644000 -0.100000
v 0.114231 0.817001 0.100000
v 0.114231 0.817001 -0.100000
v 0.100018 0.814088 0.100000
v 0.100018 0.814088 -0.100000
v 0.086500 0.809391 0.100000
v 0.086500 0.809391 -0.100000
v 0.073815 0.803037 0.100000
v 0.073815 0.803037 -0.100000
v 0.062102 0.795156 0.100000
v 0.062102 0.795156 -0.100000
v 0.051500 0.785875 0.100000
v 0.051500 0.785875 -0.100000
v 0.042148 0.775324 0.100000
v 0.042148 0.775324 -0.100000
v 0.034185 0.763630 0.100000
v 0.034185 0.763630 -0.100000
v 0.027750 0.750922 0.100000
v 0.027750 0.750922 -0.100000
v 0.022981 0.737329 0.100000
v 0.022981 0.737329 -0.100000
v 0.020018 0.722979 0.100000
v 0.020018 0.722979 -0.100000
v 0.019000 0.708000 0.100000
v 0.019000 0.708000 -0.100000
v 0.020018 0.693021 0.100000
v 0.020018 0.693021 -0.100000
v 0.022981 0.678671 0.100000
v 0.022981 0.678671 -0.100000
v 0.027750 0.665078 0.100000
v 0.027750 0.665078 -0.100000
v 0.034185 0.652370 0.100000
v 0.034185 0.652370 -0.100000
v 0.042148 0.640676 0.100000
v 0.042148 0.640676 -0.100000
v 0.051500 0.630125 0.100000
v 0.051500 0.630125 -0.100000
v 0.062102 0.620844 0.100000
v 0.062102 0.620844 -0.100000
v 0.073815 0.612963 0.100000
v 0.073815 0.612963 -0.100000
v 0.086500 0.606609 0.100000
v 0.086500 0.606609 -0.100000
v 0.100018 0.601912 0.100000
v 0.100018 0.601912 -0.100000
v 0.114231 0.598999 0.100000
v 0.114231 0.598999 -0.100000
v 0.129000 0.598000 0.100000
v 0.129000 0.598000 -0.100000
v 0.144189 0.599000 0.100000
v 0.144189 0.599000 -0.100000
v 0.158676 0.601912 0.100000
v 0.158676 0.601912 -0.100000
v 0.172344 0.606609 0.100000
v 0.172344 0.606609 -0.100000
v 0.185074 0.612963 0.100000
v 0.185074 0.612963 -0.100000
v 0.196749 0.620844 0.100000
v 0.196749 0.620844 -0.100000
v 0.207250 0.630125 0.100000
v 0.207250 0.630125 -0.100000
v 0.216459 0.640677 0.100000
v 0.216459 0.640677 -0.100000
v 0.224259 0.652370 0.100000
v 0.224259 0.652370 -0.100000
v 0.230531 0.665078 0.100000
v 0.230531 0.665078 -0.100000
v 0.235157 0.678671 0.100000
v 0.235157 0.678671 -0.100000
v 0.238020 0.693021 0.100000
v 0.238020 0.693021 -0.100000
v 0.239000 0.708000 0.100000
v 0.239000 0.708000 -0.100000
v 0.238020 0.722979 0.100000
v 0.238020 0.722979 -0.100000
v 0.235157 0.737329 0.100000
v 0.235157 0.737329 -0.100000
v 0.230531 0.750922 0.100000
v 0.230531 0.750922 -0.100000
v 0.224259 0.763630 0.100000
v 0.224259 0.763630 -0.100000
v 0.216459 0.775324 0.100000
v 0.216459 0.775324 -0.100000
v 0.207250 0.785875 0.100000
v 0.207250 0.785875 -0.100000
v 0.196749 0.795156 0.100000
v 0.196749 0.795156 -0.100000
v 0.185074 0.803037 0.100000
v 0.185074 0.803037 -0.100000
v 0.172344 0.809391 0.100000
v 0.172344 0.809391 -0.100000
v 0.158676 0.814088 0.100000
v 0.158676 0.814088 -0.100000
v 0.144189 0.817001 0.100000
v 0.144189 0.817001 -0.100000
v 0.129000 0.818000 0.100000
v 0.129000 0.818000 -0.100000
v 0.832424 0.671404 0.100000
v 0.832424 0.671404 -0.100000
v 0.806139 0.673565 0.100000
v 0.806139 0.673565 -0.100000
v 0.777813 0.676406 0.100000
v 0.777813 0.676406 -0.100000
v 0.748111 0.679852 0.100000
v 0.748111 0.679852 -0.100000
v 0.717701 0.683825 0.100000
v 0.717701 0.683825 -0.100000
v 0.687250 0.688250 0.100000
v 0.687250 0.688250 -0.100000
v 0.657424 0.693050 0.100000
v 0.657424 0.693050 -0.100000
v 0.628889 0.698148 0.100000
v 0.628889 0.698148 -0.100000
v 0.602313 0.703469 0.100000
v 0.602313 0.703469 -0.100000
v 0.578361 0.708935 0.100000
v 0.578361 0.708935 -0.100000
v 0.557701 0.714471 0.100000
v 0.557701 0.714471 -0.100000
v 0.541000 0.720000 0.100000
v 0.541000 0.720000 -0.100000
v 0.517000 0.650000 0.100000
v 0.517000 0.650000 -0.100000
v 0.520506 0.648939 0.100000
v 0.520506 0.648939 -0.100000
v 0.524468 0.647764 0.100000
v 0.524468 0.647764 -0.100000
v 0.528797 0.646484 0.100000
v 0.528797 0.646484 -0.100000
v 0.533407 0.645111 0.100000
v 0.533407 0.645111 -0.100000
v 0.538212 0.643655 0.100000
v 0.538212 0.643655 -0.100000
v 0.543125 0.642125 0.100000
v 0.543125 0.642125 -0.100000
v 0.548058 0.640533 0.100000
v 0.548058 0.640533 -0.100000
v 0.552926 0.638889 0.100000
v 0.552926 0.638889 -0.100000
v 0.557641 0.637203 0.100000
v 0.557641 0.637203 -0.100000
v 0.562116 0.635486 0.100000
v 0.562116 0.635486 -0.100000
v 0.566264 0.633748 0.100000
v 0.566264 0.633748 -0.100000
v 0.570000 0.632000 0.100000
v 0.570000 0.632000 -0.100000
v 0.587484 0.617640 0.100000
v 0.587484 0.617640 -0.100000
v 0.607875 0.598287 0.100000
v 0.607875 0.598287 -0.100000
v 0.630328 0.574281 0.100000
v 0.630328 0.574281 -0.100000
v 0.654000 0.545963 0.100000
v 0.654000 0.545963 -0.100000
v 0.678047 0.513672 0.100000
v 0.678047 0.513672 -0.100000
v 0.701625 0.477750 0.100000
v 0.701625 0.477750 -0.100000
v 0.723891 0.438536 0.100000
v 0.723891 0.438536 -0.100000
v 0.744000 0.396370 0.100000
v 0.744000 0.396370 -0.100000
v 0.761109 0.351594 0.100000
v 0.761109 0.351594 -0.100000
v 0.774375 0.304546 0.100000
v 0.774375 0.304546 -0.100000
v 0.782953 0.255568 0.100000
v 0.782953 0.255568 -0.100000
v 0.786000 0.205000 0.100000
v 0.786000 0.205000 -0.100000
v 0.784111 0.171451 0.100000
v 0.784111 0.171451 -0.100000
v 0.778639 0.141694 0.100000
v 0.778639 0.141694 -0.100000
v 0.769875 0.115563 0.100000
v 0.769875 0.115563 -0.100000
v 0.758111 0.092889 0.100000
v 0.758111 0.092889 -0.100000
v 0.743639 0.073507 0.100000
v 0.743639 0.073507 -0.100000
v 0.726750 0.057250 0.100000
v 0.726750 0.057250 -0.100000
v 0.707736 0.043951 0.100000
v 0.707736 0.043951 -0.100000
v 0.686889 0.033444 0.100000
v 0.686889 0.033444 -0.100000
v 0.664500 0.025563 0.100000
v 0.664500 0.025562 -0.100000
v 0.640861 0.020139 0.100000
v 0.640861 0.020139 -0.100000
v 0.616264 0.017007 0.100000
v 0.616264 0.017007 -0.100000
v 0.591000 0.016000 0.100000
v 0.591000 0.016000 -0.100000
v 0.536314 0.020937 0.100000
v 0.536314 0.020937 -0.100000
v 0.487759 0.035495 0.100000
v 0.487759 0.035495 -0.100000
v 0.445344 0.059297 0.100000
v 0.445344 0.059297 -0.100000
v 0.409074 0.091963 0.100000
v 0.409074 0.091963 -0.100000
v 0.378957 0.133115 0.100000
v 0.378957 0.133115 -0.100000
v 0.355000 0.182375 0.100000
v 0.355000 0.182375 -0.100000
v 0.337209 0.239364 0.100000
v 0.337209 0.239364 -0.100000
v 0.325593 0.303704 0.100000
v 0.325593 0.303704 -0.100000
v 0.320156 0.375016 0.100000
v 0.320156 0.375016 -0.100000
v 0.320907 0.452921 0.100000
v 0.320907 0.452921 -0.100000
v 0.327853 0.537042 0.100000
v 0.327853 0.537042 -0.100000
v 0.341000 0.627000 0.100000
v 0.341000 0.627000 -0.100000
v 0.364000 0.701000 0.100000
v 0.364000 0.701000 -0.100000
v 0.285000 0.724000 0.100000
v 0.285000 0.724000 -0.100000
v 0.279244 0.692760 0.100000
v 0.279244 0.692760 -0.100000
v 0.272282 0.659745 0.100000
v 0.272282 0.659745 -0.100000
v 0.263828 0.625266 0.100000
v 0.263828 0.625266 -0.100000
v 0.253593 0.589630 0.100000
v 0.253593 0.589630 -0.100000
v 0.241288 0.553146 0.100000
v 0.241288 0.553146 -0.100000
v 0.226625 0.516125 0.100000
v 0.226625 0.516125 -0.100000
v 0.209316 0.478874 0.100000
v 0.209316 0.478874 -0.100000
v 0.189074 0.441704 0.100000
v 0.189074 0.441704 -0.100000
v 0.165609 0.404922 0.100000
v 0.165609 0.404922 -0.100000
v 0.138634 0.368838 0.100000
v 0.138634 0.368838 -0.100000
v 0.107860 0.333761 0.100000
v 0.107860 0.333761 -0.100000
v 0.073000 0.300000 0.100000
v 0.073000 0.300000 -0.100000
v 0.126000 0.229000 0.100000
v 0.126000 0.229000 -0.100000
v 0.139293 0.243648 0.100000
v 0.139293 0.243648 -0.100000
v 0.152181 0.258602 0.100000
v 0.152181 0.258602 -0.100000
v 0.164672 0.273875 0.100000
v 0.164672 0.273875 -0.100000
v 0.176778 0.289482 0.100000
v 0.176778 0.289482 -0.100000
v 0.188509 0.305435 0.100000
v 0.188509 0.305435 -0.100000
v 0.199875 0.321750 0.100000
v 0.199875 0.321750 -0.100000
v 0.210887 0.338440 0.100000
v 0.210887 0.338440 -0.100000
v 0.221556 0.355519 0.100000
v 0.221556 0.355519 -0.100000
v 0.231891 0.373000 0.100000
v 0.231891 0.373000 -0.100000
v 0.241903 0.390898 0.100000
v 0.241903 0.390898 -0.100000
v 0.251602 0.409227 0.100000
v 0.251602 0.409227 -0.100000
v 0.261000 0.428000 0.100000
v 0.261000 0.428000 -0.100000
v 0.257831 0.365133 0.100000
v 0.257831 0.365133 -0.100000
v 0.259065 0.303560 0.100000
v 0.259065 0.303560 -0.100000
v 0.265063 0.244078 0.100000
v 0.265063 0.244078 -0.100000
v 0.276185 0.187482 0.100000
v 0.276185 0.187482 -0.100000
v 0.292794 0.134565 0.100000
v 0.292794 0.134565 -0.100000
v 0.315250 0.086125 0.100000
v 0.315250 0.086125 -0.100000
v 0.343914 0.042955 0.100000
v 0.343914 0.042955 -0.100000
v 0.379148 0.005852 0.100000
v 0.379148 0.005852 -0.100000
v 0.421313 -0.024391 0.100000
v 0.421313 -0.024391 -0.100000
v 0.470769 -0.046977 0.100000
v 0.470769 -0.046977 -0.100000
v 0.527877 -0.061112 0.100000
v 0.527877 -0.061112 -0.100000
v 0.593000 -0.066000 0.100000
v 0.593000 -0.066000 -0.100000
v 0.631313 -0.064172 0.100000
v 0.631313 -0.064172 -0.100000
v 0.667588 -0.058713 0.100000
v 0.667588 -0.058713 -0.100000
v 0.701578 -0.049656 0.100000
v 0.701578 -0.049656 -0.100000
v 0.733037 -0.037037 0.100000
v 0.733037 -0.037037 -0.100000
v 0.761718 -0.020890 0.100000
v 0.761718 -0.020890 -0.100000
v 0.787375 -0.001250 0.100000
v 0.787375 -0.001250 -0.100000
v 0.809761 0.021848 0.100000
v 0.809761 0.021848 -0.100000
v 0.828630 0.048370 0.100000
v 0.828630 0.048370 -0.100000
v 0.843734 0.078281 0.100000
v 0.843734 0.078281 -0.100000
v 0.854829 0.111546 0.100000
v 0.854829 0.111546 -0.100000
v 0.861666 0.148131 0.100000
v 0.861666 0.148131 -0.100000
v 0.864000 0.188000 0.100000
v 0.864000 0.188000 -0.100000
v 0.862041 0.233623 0.100000
v 0.862041 0.233623 -0.100000
v 0.856407 0.277486 0.100000
v 0.856407 0.277486 -0.100000
v 0.847469 0.319578 0.100000
v 0.847469 0.319578 -0.100000
v 0.835593 0.359889 0.100000
v 0.835593 0.359889 -0.100000
v 0.821147 0.398408 0.100000
v 0.821147 0.398408 -0.100000
v 0.804500 0.435125 0.100000
v 0.804500 0.435125 -0.100000
v 0.786020 0.470030 0.100000
v 0.786020 0.470030 -0.100000
v 0.766074 0.503111 0.100000
v 0.766074 0.503111 -0.100000
v 0.745031 0.534359 0.100000
v 0.745031 0.534359 -0.100000
v 0.723259 0.563764 0.100000
v 0.723259 0.563764 -0.100000
v 0.701126 0.591314 0.100000
v 0.701126 0.591314 -0.100000
v 0.679000 0.617000 0.100000
v 0.679000 0.617000 -0.100000
v 0.692141 0.614963 0.100000
v 0.692141 0.614963 -0.100000
v 0.706380 0.612870 0.100000
v 0.706380 0.612870 -0.100000
v 0.721437 0.610750 0.100000
v 0.721437 0.610750 -0.100000
v 0.737037 0.608630 0.100000
v 0.737037 0.608630 -0.100000
v 0.752900 0.606537 0.100000
v 0.752900 0.606537 -0.100000
v 0.768750 0.604500 0.100000
v 0.768750 0.604500 -0.100000
v 0.784308 0.602546 0.100000
v 0.784308 0.602546 -0.100000
v 0.799296 0.600704 0.100000
v 0.799296 0.600704 -0.100000
v 0.813437 0.599000 0.100000
v 0.813437 0.599000 -0.100000
v 0.826454 0.597463 0.100000
v 0.826454 0.597463 -0.100000
v 0.838067 0.596120 0.100000
v 0.838067 0.596120 -0.100000
v 0.848000 0.595000 0.100000
v 0.848000 0.595000 -0.100000
v 0.852711 0.594269 0.100000
v 0.852711 0.594269 -0.100000
v 0.857356 0.593569 0.100000
v 0.857356 0.593569 -0.100000
v 0.861953 0.592891 0.100000
v 0.861953 0.592891 -0.100000
v 0.866518 0.592222 0.100000
v 0.866518 0.592222 -0.100000
v 0.871070 0.591554 0.100000
v 0.871070 0.591554 -0.100000
v 0.875625 0.590875 0.100000
v 0.875625 0.590875 -0.100000
v 0.880201 0.590175 0.100000
v 0.880201 0.590175 -0.100000
v 0.884815 0.589444 0.100000
v 0.884815 0.589444 -0.100000
v 0.889484 0.588672 0.100000
v 0.889484 0.588672 -0.100000
v 0.894227 0.587847 0.100000
v 0.894227 0.587847 -0.100000
v 0.899060 0.586960 0.100000
v 0.899060 0.586960 -0.100000
v 0.904000 0.586000 0.100000
v 0.904000 0.586000 -0.100000
v 0.910000 0.670000 0.100000
v 0.910000 0.670000 -0.100000
v 0.906149 0.669771 0.100000
v 0.906149 0.669771 -0.100000
v 0.902111 0.669583 0.100000
v 0.902111 0.669583 -0.100000
v 0.897906 0.669437 0.100000
v 0.897906 0.669437 -0.100000
v 0.893556 0.669333 0.100000
v 0.893556 0.669333 -0.100000
v 0.889080 0.669271 0.100000
v 0.889080 0.669271 -0.100000
v 0.884500 0.669250 0.100000
v 0.884500 0.669250 -0.100000
v 0.879837 0.669271 0.100000
v 0.879837 0.669271 -0.100000
v 0.875111 0.669333 0.100000
v 0.875111 0.669333 -0.100000
v 0.870344 0.669437 0.100000
v 0.870344 0.669437 -0.100000
v 0.865556 0.669583 0.100000
v 0.865556 0.669583 -0.100000
v 0.860767 0.669771 0.100000
v 0.860767 0.669771 -0.100000
v 0.856000 0.670000 0.100000
v 0.856000 0.670000 -0.100000
v -0.376558 0.144462 0.100000
v -0.376558 0.144462 -0.100000
v -0.358296 0.142861 0.100000
v -0.358296 0.142861 -0.100000
v -0.341313 0.140219 0.100000
v -0.341313 0.140219 -0.100000
v -0.325704 0.136556 0.100000
v -0.325704 0.136556 -0.100000
v -0.311567 0.131892 0.100000
v -0.311567 0.131892 -0.100000
v -0.299000 0.126250 0.100000
v -0.299000 0.126250 -0.100000
v -0.288100 0.119649 0.100000
v -0.288100 0.119649 -0.100000
v -0.278963 0.112111 0.100000
v -0.278963 0.112111 -0.100000
v -0.271688 0.103656 0.100000
v -0.271688 0.103656 -0.100000
v -0.266370 0.094306 0.100000
v -0.266370 0.094306 -0.100000
v -0.263109 0.084080 0.100000
v -0.263109 0.084080 -0.100000
v -0.262000 0.073000 0.100000
v -0.262000 0.073000 -0.100000
v -0.262930 0.063469 0.100000
v -0.262930 0.063469 -0.100000
v -0.265690 0.054421 0.100000
v -0.265690 0.054421 -0.100000
v -0.270234 0.045922 0.100000
v -0.270234 0.045922 -0.100000
v -0.276519 0.038037 0.100000
v -0.276519 0.038037 -0.100000
v -0.284497 0.030833 0.100000
v -0.284497 0.030833 -0.100000
v -0.294125 0.024375 0.100000
v -0.294125 0.024375 -0.100000
v -0.305357 0.018730 0.100000
v -0.305357 0.018730 -0.100000
v -0.318148 0.013963 0.100000
v -0.318148 0.013963 -0.100000
v -0.332453 0.010141 0.100000
v -0.332453 0.010141 -0.100000
v -0.348227 0.007329 0.100000
v -0.348227 0.007329 -0.100000
v -0.365424 0.005593 0.100000
v -0.365424 0.005593 -0.100000
v -0.384000 0.005000 0.100000
v -0.384000 0.005000 -0.100000
v -0.396977 0.005618 0.100000
v -0.396977 0.005618 -0.100000
v -0.408898 0.007444 0.100000
v -0.408898 0.007444 -0.100000
v -0.419750 0.010438 0.100000
v -0.419750 0.010437 -0.100000
v -0.429519 0.014556 0.100000
v -0.429519 0.014556 -0.100000
v -0.438190 0.019757 0.100000
v -0.438190 0.019757 -0.100000
v -0.445750 0.026000 0.100000
v -0.445750 0.026000 -0.100000
v -0.452185 0.033243 0.100000
v -0.452185 0.033243 -0.100000
v -0.457481 0.041444 0.100000
v -0.457481 0.041444 -0.100000
v -0.461625 0.050563 0.100000
v -0.461625 0.050562 -0.100000
v -0.464602 0.060556 0.100000
v -0.464602 0.060556 -0.100000
v -0.466398 0.071382 0.100000
v -0.466398 0.071382 -0.100000
v -0.467000 0.083000 0.100000
v -0.467000 0.083000 -0.100000
v -0.466000 0.138000 0.100000
v -0.466000 0.138000 -0.100000
v -0.460249 0.139188 0.100000
v -0.460249 0.139188 -0.100000
v -0.454495 0.140255 0.100000
v -0.454495 0.140255 -0.100000
v -0.448734 0.141203 0.100000
v -0.448734 0.141203 -0.100000
v -0.442963 0.142037 0.100000
v -0.442963 0.142037 -0.100000
v -0.437178 0.142760 0.100000
v -0.437178 0.142760 -0.100000
v -0.431375 0.143375 0.100000
v -0.431375 0.143375 -0.100000
v -0.425552 0.143886 0.100000
v -0.425552 0.143886 -0.100000
v -0.419704 0.144296 0.100000
v -0.419704 0.144296 -0.100000
v -0.413828 0.144609 0.100000
v -0.413828 0.144609 -0.100000
v -0.407921 0.144829 0.100000
v -0.407921 0.144829 -0.100000
v -0.401980 0.144958 0.100000
v -0.401980 0.144958 -0.100000
v -0.396000 0.145000 0.100000
v -0.396000 0.145000 -0.100000
v -0.531000 0.468000 0.100000
v -0.531000 0.468000 -0.100000
v -0.548599 0.468353 0.100000
v -0.548599 0.468353 -0.100000
v -0.567708 0.468907 0.100000
v -0.567708 0.468907 -0.100000
v -0.588047 0.469656 0.100000
v -0.588047 0.469656 -0.100000
v -0.609333 0.470593 0.100000
v -0.609333 0.470593 -0.100000
v -0.631287 0.471709 0.100000
v -0.631287 0.471709 -0.100000
v -0.653625 0.473000 0.100000
v -0.653625 0.473000 -0.100000
v -0.676068 0.474457 0.100000
v -0.676068 0.474457 -0.100000
v -0.698333 0.476074 0.100000
v -0.698333 0.476074 -0.100000
v -0.720141 0.477844 0.100000
v -0.720141 0.477844 -0.100000
v -0.741208 0.479759 0.100000
v -0.741208 0.479759 -0.100000
v -0.761255 0.481814 0.100000
v -0.761255 0.481814 -0.100000
v -0.780000 0.484000 0.100000
v -0.780000 0.484000 -0.100000
v -0.781000 0.414000 0.100000
v -0.781000 0.414000 -0.100000
v -0.762675 0.412273 0.100000
v -0.762675 0.412273 -0.100000
v -0.742898 0.410602 0.100000
v -0.742898 0.410602 -0.100000
v -0.721969 0.409000 0.100000
v -0.721969 0.409000 -0.100000
v -0.700185 0.407482 0.100000
v -0.700185 0.407482 -0.100000
v -0.677846 0.406060 0.100000
v -0.677846 0.406060 -0.100000
v -0.655250 0.404750 0.100000
v -0.655250 0.404750 -0.100000
v -0.632696 0.403565 0.100000
v -0.632696 0.403565 -0.100000
v -0.610482 0.402519 0.100000
v -0.610482 0.402519 -0.100000
v -0.588906 0.401625 0.100000
v -0.588906 0.401625 -0.100000
v -0.568269 0.400898 0.100000
v -0.568269 0.400898 -0.100000
v -0.548867 0.400352 0.100000
v -0.548867 0.400352 -0.100000
v -0.531000 0.400000 0.100000
v -0.531000 0.400000 -0.100000
v -0.531000 0.374000 0.100000
v -0.531000 0.374000 -0.100000
v -0.531080 0.361517 0.100000
v -0.531080 0.361517 -0.100000
v -0.531310 0.348139 0.100000
v -0.531310 0.348139 -0.100000
v -0.531672 0.333969 0.100000
v -0.531672 0.333969 -0.100000
v -0.532148 0.319111 0.100000
v -0.532148 0.319111 -0.100000
v -0.532722 0.303670 0.100000
v -0.532722 0.303670 -0.100000
v -0.533375 0.287750 0.100000
v -0.533375 0.287750 -0.100000
v -0.534091 0.271455 0.100000
v -0.534091 0.271455 -0.100000
v -0.534852 0.254889 0.100000
v -0.534852 0.254889 -0.100000
v -0.535641 0.238156 0.100000
v -0.535641 0.238156 -0.100000
v -0.536440 0.221361 0.100000
v -0.536440 0.221361 -0.100000
v -0.537232 0.204608 0.100000
v -0.537232 0.204608 -0.100000
v -0.538000 0.188000 0.100000
v -0.538000 0.188000 -0.100000
v -0.564578 0.180126 0.100000
v -0.564578 0.180126 -0.100000
v -0.590287 0.171093 0.100000
v -0.590287 0.171093 -0.100000
v -0.615094 0.161031 0.100000
v -0.615094 0.161031 -0.100000
v -0.638963 0.150074 0.100000
v -0.638963 0.150074 -0.100000
v -0.661860 0.138353 0.100000
v -0.661860 0.138353 -0.100000
v -0.683750 0.126000 0.100000
v -0.683750 0.126000 -0.100000
v -0.704598 0.113147 0.100000
v -0.704598 0.113147 -0.100000
v -0.724370 0.099926 0.100000
v -0.724370 0.099926 -0.100000
v -0.743031 0.086469 0.100000
v -0.743031 0.086469 -0.100000
v -0.760546 0.072907 0.100000
v -0.760546 0.072907 -0.100000
v -0.776881 0.059374 0.100000
v -0.776881 0.059374 -0.100000
v -0.792000 0.046000 0.100000
v -0.792000 0.046000 -0.100000
v -0.750000 -0.024000 0.100000
v -0.750000 -0.024000 -0.100000
v -0.736568 -0.010723 0.100000
v -0.736568 -0.010723 -0.100000
v -0.722296 0.002551 0.100000
v -0.722296 0.002551 -0.100000
v -0.707219 0.015734 0.100000
v -0.707219 0.015734 -0.100000
v -0.691370 0.028741 0.100000
v -0.691370 0.028741 -0.100000
v -0.674786 0.041483 0.100000
v -0.674786 0.041483 -0.100000
v -0.657500 0.053875 0.100000
v -0.657500 0.053875 -0.100000
v -0.639548 0.065829 0.100000
v -0.639548 0.065829 -0.100000
v -0.620963 0.077259 0.100000
v -0.620963 0.077259 -0.100000
v -0.601781 0.088078 0.100000
v -0.601781 0.088078 -0.100000
v -0.582037 0.098199 0.100000
v -0.582037 0.098199 -0.100000
v -0.561765 0.107535 0.100000
v -0.561765 0.107535 -0.100000
v -0.541000 0.116000 0.100000
v -0.541000 0.116000 -0.100000
v -0.543000 0.059000 0.100000
v -0.543000 0.059000 -0.100000
v -0.542130 0.042925 0.100000
v -0.542130 0.042925 -0.100000
v -0.539454 0.027319 0.100000
v -0.539454 0.027319 -0.100000
v -0.534875 0.012359 0.100000
v -0.534875 0.012359 -0.100000
v -0.528296 -0.001778 0.100000
v -0.528296 -0.001778 -0.100000
v -0.519620 -0.014915 0.100000
v -0.519620 -0.014915 -0.100000
v -0.508750 -0.026875 0.100000
v -0.508750 -0.026875 -0.100000
v -0.495588 -0.037481 0.100000
v -0.495588 -0.037481 -0.100000
v -0.480037 -0.046556 0.100000
v -0.480037 -0.046556 -0.100000
v -0.462000 -0.053922 0.100000
v -0.462000 -0.053922 -0.100000
v -0.441380 -0.059403 0.100000
v -0.441380 -0.059403 -0.100000
v -0.418079 -0.062821 0.100000
v -0.418079 -0.062821 -0.100000
v -0.392000 -0.064000 0.100000
v -0.392000 -0.064000 -0.100000
v -0.363257 -0.063044 0.100000
v -0.363257 -0.063044 -0.100000
v -0.336139 -0.060185 0.100000
v -0.336139 -0.060185 -0.100000
v -0.310813 -0.055437 0.100000
v -0.310813 -0.055437 -0.100000
v -0.287444 -0.048815 0.100000
v -0.287444 -0.048815 -0.100000
v -0.266201 -0.040331 0.100000
v -0.266201 -0.040331 -0.100000
v -0.247250 -0.030000 0.100000
v -0.247250 -0.030000 -0.100000
v -0.230757 -0.017836 0.100000
v -0.230757 -0.017836 -0.100000
v -0.216889 -0.003852 0.100000
v -0.216889 -0.003852 -0.100000
v -0.205813 0.011938 0.100000
v -0.205813 0.011937 -0.100000
v -0.197694 0.029519 0.100000
v -0.197694 0.029519 -0.100000
v -0.192701 0.048877 0.100000
v -0.192701 0.048877 -0.100000
v -0.191000 0.070000 0.100000
v -0.191000 0.070000 -0.100000
v -0.192575 0.090341 0.100000
v -0.192575 0.090341 -0.100000
v -0.197264 0.109315 0.100000
v -0.197264 0.109315 -0.100000
v -0.205016 0.126844 0.100000
v -0.205016 0.126844 -0.100000
v -0.215778 0.142852 0.100000
v -0.215778 0.142852 -0.100000
v -0.229498 0.157263 0.100000
v -0.229498 0.157263 -0.100000
v -0.246125 0.170000 0.100000
v -0.246125 0.170000 -0.100000
v -0.265606 0.180987 0.100000
v -0.265606 0.180987 -0.100000
v -0.287889 0.190148 0.100000
v -0.287889 0.190148 -0.100000
v -0.312922 0.197406 0.100000
v -0.312922 0.197406 -0.100000
v -0.340653 0.202685 0.100000
v -0.340653 0.202685 -0.100000
v -0.371030 0.205909 0.100000
v -0.371030 0.205909 -0.100000
v -0.404000 0.207000 0.100000
v -0.404000 0.207000 -0.100000
v -0.408999 0.206979 0.100000
v -0.408999 0.206979 -0.100000
v -0.413995 0.206912 0.100000
v -0.413995 0.206912 -0.100000
v -0.418984 0.206797 0.100000
v -0.418984 0.206797 -0.100000
v -0.423963 0.206630 0.100000
v -0.423963 0.206630 -0.100000
v -0.428928 0.206407 0.100000
v -0.428928 0.206407 -0.100000
v -0.433875 0.206125 0.100000
v -0.433875 0.206125 -0.100000
v -0.438802 0.205781 0.100000
v -0.438802 0.205781 -0.100000
v -0.443704 0.205370 0.100000
v -0.443704 0.205370 -0.100000
v -0.448578 0.204891 0.100000
v -0.448578 0.204891 -0.100000
v -0.453421 0.204338 0.100000
v -0.453421 0.204338 -0.100000
v -0.458230 0.203709 0.100000
v -0.458230 0.203709 -0.100000
v -0.463000 0.203000 0.100000
v -0.463000 0.203000 -0.100000
v -0.462252 0.218341 0.100000
v -0.462252 0.218341 -0.100000
v -0.461514 0.233815 0.100000
v -0.461514 0.233815 -0.100000
v -0.460797 0.249344 0.100000
v -0.460797 0.249344 -0.100000
v -0.460111 0.264852 0.100000
v -0.460111 0.264852 -0.100000
v -0.459467 0.280263 0.100000
v -0.459467 0.280263 -0.100000
v -0.458875 0.295500 0.100000
v -0.458875 0.295500 -0.100000
v -0.458346 0.310487 0.100000
v -0.458346 0.310487 -0.100000
v -0.457889 0.325148 0.100000
v -0.457889 0.325148 -0.100000
v -0.457516 0.339406 0.100000
v -0.457516 0.339406 -0.100000
v -0.457236 0.353185 0.100000
v -0.457236 0.353185 -0.100000
v -0.457061 0.366409 0.100000
v -0.457061 0.366409 -0.100000
v -0.457000 0.379000 0.100000
v -0.457000 0.379000 -0.100000
v -0.457000 0.390092 0.100000
v -0.457000 0.390092 -0.100000
v -0.457000 0.402653 0.100000
v -0.457000 0.402653 -0.100000
v -0.457000 0.416359 0.100000
v -0.457000 0.416359 -0.100000
v -0.457000 0.430889 0.100000
v -0.457000 0.430889 -0.100000
v -0.457000 0.445918 0.100000
v -0.457000 0.445918 -0.100000
v -0.457000 0.461125 0.100000
v -0.457000 0.461125 -0.100000
v -0.457000 0.476186 0.100000
v -0.457000 0.476186 -0.100000
v -0.457000 0.490778 0.100000
v -0.457000 0.490778 -0.100000
v -0.457000 0.504578 0.100000
v -0.457000 0.504578 -0.100000
v -0.457000 0.517264 0.100000
v -0.457000 0.517264 -0.100000
v -0.457000 0.528512 0.100000
v -0.457000 0.528512 -0.100000
v -0.457000 0.538000 0.100000
v -0.457000 0.538000 -0.100000
v -0.456939 0.545668 0.100000
v -0.456939 0.545668 -0.100000
v -0.456759 0.553593 0.100000
v -0.456759 0.553593 -0.100000
v -0.456469 0.561656 0.100000
v -0.456469 0.561656 -0.100000
v -0.456074 0.569741 0.100000
v -0.456074 0.569741 -0.100000
v -0.455582 0.577728 0.100000
v -0.455582 0.577728 -0.100000
v -0.455000 0.585500 0.100000
v -0.455000 0.585500 -0.100000
v -0.454334 0.592939 0.100000
v -0.454334 0.592939 -0.100000
v -0.453593 0.599926 0.100000
v -0.453593 0.599926 -0.100000
v -0.452781 0.606344 0.100000
v -0.452781 0.606344 -0.100000
v -0.451907 0.612074 0.100000
v -0.451907 0.612074 -0.100000
v -0.450978 0.616999 0.100000
v -0.450978 0.616999 -0.100000
v -0.450000 0.621000 0.100000
v -0.450000 0.621000 -0.100000
v -0.537000 0.621000 0.100000
v -0.537000 0.621000 -0.100000
v -0.536252 0.616751 0.100000
v -0.536252 0.616751 -0.100000
v -0.535514 0.611593 0.100000
v -0.535514 0.611593 -0.100000
v -0.534797 0.605656 0.100000
v -0.534797 0.605656 -0.100000
v -0.534111 0.599074 0.100000
v -0.534111 0.599074 -0.100000
v -0.533467 0.591978 0.100000
v -0.533467 0.591978 -0.100000
v -0.532875 0.584500 0.100000
v -0.532875 0.584500 -0.100000
v -0.532345 0.576772 0.100000
v -0.532345 0.576772 -0.100000
v -0.531889 0.568926 0.100000
v -0.531889 0.568926 -0.100000
v -0.531516 0.561094 0.100000
v -0.531516 0.561094 -0.100000
v -0.531236 0.553407 0.100000
v -0.531236 0.553407 -0.100000
v -0.531061 0.545999 0.100000
v -0.531061 0.545999 -0.100000
v -0.531000 0.539000 0.100000
v -0.531000 0.539000 -0.100000
vn -0.0000 -0.0000 -1.0000
vn 0.0045 -0.0000 -1.0000
vn -0.0000 -0.0000 1.0000
vn 0.0045 -0.0000 1.0000
vn 0.2614 0.9652 -0.0000
vn 0.1322 0.9912 -0.0000
vn 0.3847 0.9230 -0.0000
vn 0.5003 0.8658 -0.0000
vn 0.6069 0.7948 -0.0000
vn 0.7033 0.7108 -0.0000
vn 0.7886 0.6149 -0.0000
vn 0.8615 0.5077 -0.0000
vn 0.9206 0.3906 -0.0000
vn 0.9642 0.2651 -0.0000
vn 0.9910 0.1338 -0.0000
vn 1.0000 0.0001 -0.0000
vn 0.9911 -0.1331 -0.0000
vn 0.9648 -0.2630 -0.0000
vn 0.9223 -0.3866 -0.0000
vn 0.8649 -0.5019 -0.0000
vn 0.7941 -0.6078 -0.0000
vn 0.7109 -0.7033 -0.0000
vn 0.6160 -0.7877 -0.0000
vn 0.5102 -0.8601 -0.0000
vn 0.3941 -0.9191 -0.0000
vn 0.2689 -0.9632 -0.0000
vn 0.1364 -0.9906 -0.0000
vn 0.0009 -1.0000 -0.0000
vn -0.1333 -0.9911 -0.0000
vn -0.2638 -0.9646 -0.0000
vn -0.3882 -0.9216 -0.0000
vn -0.5044 -0.8635 -0.0000
vn -0.6111 -0.7916 -0.0000
vn -0.7071 -0.7071 -0.0000
vn -0.7916 -0.6111 -0.0000
vn -0.8635 -0.5044 -0.0000
vn -0.9216 -0.3882 -0.0000
vn -0.9646 -0.2638 -0.0000
vn -0.9911 -0.1333 -0.0000
vn -1.0000 -0.0010 -0.0000
vn -0.9915 0.1301 -0.0000
vn -0.9658 0.2593 -0.0000
vn -0.9231 0.3845 -0.0000
vn -0.8643 0.5029 -0.0000
vn -0.7906 0.6124 -0.0000
vn -0.7033 0.7109 -0.0000
vn -0.6040 0.7970 -0.0000
vn -0.4946 0.8691 -0.0000
vn -0.3770 0.9262 -0.0000
vn -0.2536 0.9673 -0.0000
vn -0.1269 0.9919 -0.0000
vn 0.0016 1.0000 -0.0000
vn -0.2651 0.9642 -0.0000
vn -0.1344 0.9909 -0.0000
vn -0.3888 0.9213 -0.0000
vn -0.5041 0.8637 -0.0000
vn -0.6097 0.7926 -0.0000
vn -0.7049 0.7093 -0.0000
vn -0.7891 0.6143 -0.0000
vn -0.8611 0.5084 -0.0000
vn -0.9199 0.3922 -0.0000
vn -0.9636 0.2672 -0.0000
vn -0.9908 0.1353 -0.0000
vn -1.0000 -0.0000 -0.0000
vn -0.9908 -0.1353 -0.0000
vn -0.9636 -0.2672 -0.0000
vn -0.9199 -0.3922 -0.0000
vn -0.8611 -0.5084 -0.0000
vn -0.7891 -0.6143 -0.0000
vn -0.7049 -0.7093 -0.0000
vn -0.6097 -0.7926 -0.0000
vn -0.5041 -0.8637 -0.0000
vn -0.3888 -0.9213 -0.0000
vn -0.2651 -0.9642 -0.0000
vn -0.1344 -0.9909 -0.0000
vn -0.0009 -1.0000 -0.0000
vn 0.1317 -0.9913 -0.0000
vn 0.2616 -0.9652 -0.0000
vn 0.3866 -0.9222 -0.0000
vn 0.5041 -0.8636 -0.0000
vn 0.6122 -0.7907 -0.0000
vn 0.7093 -0.7049 -0.0000
vn 0.7943 -0.6075 -0.0000
vn 0.8661 -0.4998 -0.0000
vn 0.9237 -0.3832 -0.0000
vn 0.9658 -0.2595 -0.0000
vn 0.9914 -0.1307 -0.0000
vn 1.0000 -0.0000 -0.0000
vn 0.9914 0.1307 -0.0000
vn 0.9658 0.2595 -0.0000
vn 0.9237 0.3832 -0.0000
vn 0.8661 0.4998 -0.0000
vn 0.7943 0.6075 -0.0000
vn 0.7093 0.7049 -0.0000
vn 0.6122 0.7907 -0.0000
vn 0.5041 0.8636 -0.0000
vn 0.3866 0.9222 -0.0000
vn 0.2616 0.9652 -0.0000
vn 0.1317 0.9913 -0.0000
vn -0.0009 1.0000 -0.0000
vn 0.0909 0.9959 -0.0000
vn 0.0707 0.9975 -0.0000
vn 0.1075 0.9942 -0.0000
vn 0.1224 0.9925 -0.0000
vn 0.1367 0.9906 -0.0000
vn 0.1513 0.9885 -0.0000
vn 0.1674 0.9859 -0.0000
vn 0.1861 0.9825 -0.0000
vn 0.2094 0.9778 -0.0000
vn 0.2407 0.9706 -0.0000
vn 0.2867 0.9580 -0.0000
vn -0.4443 0.8959 -0.0000
vn -0.8900 -0.4559 -0.0000
vn -0.2870 -0.9579 -0.0000
vn -0.2839 -0.9588 -0.0000
vn -0.2844 -0.9587 -0.0000
vn -0.2878 -0.9577 -0.0000
vn -0.2845 -0.9587 -0.0000
vn -0.2937 -0.9559 -0.0000
vn -0.3022 -0.9532 -0.0000
vn -0.3136 -0.9496 -0.0000
vn -0.3284 -0.9446 -0.0000
vn -0.3475 -0.9377 -0.0000
vn -0.3723 -0.9281 -0.0000
vn -0.4052 -0.9142 -0.0000
vn -0.5334 -0.8458 -0.0000
vn -0.6620 -0.7495 -0.0000
vn -0.7097 -0.7045 -0.0000
vn -0.7491 -0.6625 -0.0000
vn -0.7849 -0.6196 -0.0000
vn -0.8194 -0.5733 -0.0000
vn -0.8532 -0.5215 -0.0000
vn -0.8867 -0.4624 -0.0000
vn -0.9191 -0.3940 -0.0000
vn -0.9493 -0.3145 -0.0000
vn -0.9750 -0.2222 -0.0000
vn -0.9932 -0.1165 -0.0000
vn -1.0000 -0.0020 -0.0000
vn -0.9929 0.1188 -0.0000
vn -0.9682 0.2500 -0.0000
vn -0.9206 0.3904 -0.0000
vn -0.8473 0.5312 -0.0000
vn -0.7499 0.6616 -0.0000
vn -0.6353 0.7723 -0.0000
vn -0.5129 0.8584 -0.0000
vn -0.3919 0.9200 -0.0000
vn -0.2783 0.9605 -0.0000
vn -0.1752 0.9845 -0.0000
vn -0.0831 0.9965 -0.0000
vn 0.0251 0.9997 -0.0000
vn 0.1895 0.9819 -0.0000
vn 0.3907 0.9205 -0.0000
vn 0.5829 0.8126 -0.0000
vn 0.3906 0.9205 -0.0000
vn 0.7420 0.6704 -0.0000
vn 0.8566 0.5160 -0.0000
vn 0.9295 0.3687 -0.0000
vn 0.9712 0.2383 -0.0000
vn 0.9919 0.1270 -0.0000
vn 0.9994 0.0332 -0.0000
vn 0.9989 -0.0460 -0.0000
vn 0.9935 -0.1135 -0.0000
vn 0.9752 -0.2214 -0.0000
vn 0.8809 0.4734 -0.0000
vn -0.5250 0.8511 -0.0000
vn 0.8809 0.4733 -0.0000
vn -0.9810 0.1938 -0.0000
vn -0.5249 0.8511 -0.0000
vn -0.9750 0.2223 -0.0000
vn -0.9664 0.2572 -0.0000
vn -0.9546 0.2979 -0.0000
vn -0.9390 0.3440 -0.0000
vn -0.9187 0.3950 -0.0000
vn -0.8930 0.4501 -0.0000
vn -0.8612 0.5083 -0.0000
vn -0.8930 0.4500 -0.0000
vn -0.8226 0.5687 -0.0000
vn -0.7769 0.6296 -0.0000
vn -0.7243 0.6895 -0.0000
vn -0.9968 0.0800 -0.0000
vn -0.0478 -0.9989 -0.0000
vn 0.7491 -0.6625 -0.0000
vn 0.7659 -0.6430 -0.0000
vn 0.7822 -0.6231 -0.0000
vn 0.7980 -0.6027 -0.0000
vn 0.8131 -0.5821 -0.0000
vn 0.8277 -0.5612 -0.0000
vn 0.8415 -0.5403 -0.0000
vn 0.8545 -0.5194 -0.0000
vn 0.8668 -0.4986 -0.0000
vn 0.8784 -0.4780 -0.0000
vn 0.8891 -0.4577 -0.0000
vn -0.2544 -0.9671 -0.0000
vn -0.9999 0.0152 -0.0000
vn -0.2543 -0.9671 -0.0000
vn -0.9982 -0.0602 -0.0000
vn -0.9892 -0.1467 -0.0000
vn -0.9691 -0.2465 -0.0000
vn -0.9326 -0.3608 -0.0000
vn -0.8727 -0.4883 -0.0000
vn -0.7820 -0.6232 -0.0000
vn -0.6569 -0.7540 -0.0000
vn -0.5015 -0.8652 -0.0000
vn -0.3293 -0.9442 -0.0000
vn -0.1581 -0.9874 -0.0000
vn -0.0136 -0.9999 -0.0000
vn 0.0984 -0.9952 -0.0000
vn 0.2035 -0.9791 -0.0000
vn 0.3155 -0.9489 -0.0000
vn 0.4324 -0.9017 -0.0000
vn 0.5506 -0.8348 -0.0000
vn 0.6648 -0.7470 -0.0000
vn 0.7687 -0.6397 -0.0000
vn 0.8562 -0.5167 -0.0000
vn 0.9231 -0.3846 -0.0000
vn 0.9681 -0.2506 -0.0000
vn 0.9926 -0.1213 -0.0000
vn 1.0000 -0.0078 -0.0000
vn 0.9964 0.0852 -0.0000
vn 0.9858 0.1677 -0.0000
vn 0.9694 0.2454 -0.0000
vn 0.9484 0.3171 -0.0000
vn 0.9694 0.2453 -0.0000
vn 0.9241 0.3822 -0.0000
vn 0.8977 0.4406 -0.0000
vn 0.8704 0.4923 -0.0000
vn 0.8432 0.5376 -0.0000
vn 0.8168 0.5770 -0.0000
vn 0.7918 0.6108 -0.0000
vn 0.7687 0.6396 -0.0000
vn 0.8743 -0.4854 -0.0000
vn -0.1493 -0.9888 -0.0000
vn -0.1424 -0.9898 -0.0000
vn -0.1371 -0.9906 -0.0000
vn -0.1327 -0.9912 -0.0000
vn -0.1291 -0.9916 -0.0000
vn -0.1260 -0.9920 -0.0000
vn -0.1233 -0.9924 -0.0000
vn -0.1208 -0.9927 -0.0000
vn -0.1184 -0.9930 -0.0000
vn -0.1161 -0.9932 -0.0000
vn -0.1135 -0.9935 -0.0000
vn -0.1511 -0.9885 -0.0000
vn -0.1475 -0.9891 -0.0000
vn -0.1455 -0.9894 -0.0000
vn -0.1451 -0.9894 -0.0000
vn -0.1464 -0.9892 -0.0000
vn -0.1463 -0.9892 -0.0000
vn -0.1538 -0.9881 -0.0000
vn -0.1598 -0.9871 -0.0000
vn -0.1673 -0.9859 -0.0000
vn -0.1759 -0.9844 -0.0000
vn -0.1857 -0.9826 -0.0000
vn 0.6082 -0.7938 -0.0000
vn 0.7113 0.7029 -0.0000
vn -0.0529 0.9986 -0.0000
vn -0.0405 0.9992 -0.0000
vn -0.0293 0.9996 -0.0000
vn -0.0190 0.9998 -0.0000
vn -0.0093 1.0000 -0.0000
vn -0.0000 1.0000 -0.0000
vn 0.0089 1.0000 -0.0000
vn 0.0175 0.9998 -0.0000
vn 0.0261 0.9997 -0.0000
vn 0.0348 0.9994 -0.0000
vn 0.0436 0.9991 -0.0000
vn 0.0537 0.9986 -0.0000
vn -0.1206 -0.9927 -0.0000
vn -0.0575 -0.9983 -0.0000
vn -0.1912 -0.9815 -0.0000
vn -0.2711 -0.9625 -0.0000
vn -0.3619 -0.9322 -0.0000
vn -0.4647 -0.8855 -0.0000
vn -0.5787 -0.8155 -0.0000
vn -0.6997 -0.7144 -0.0000
vn -0.8175 -0.5760 -0.0000
vn -0.9160 -0.4013 -0.0000
vn -0.9792 -0.2028 -0.0000
vn -1.0000 -0.0012 -0.0000
vn -0.9807 0.1954 -0.0000
vn -0.9236 0.3835 -0.0000
vn -0.8354 0.5497 -0.0000
vn -0.7285 0.6850 -0.0000
vn -0.6152 0.7884 -0.0000
vn -0.5040 0.8637 -0.0000
vn -0.3997 0.9166 -0.0000
vn -0.3040 0.9527 -0.0000
vn -0.2170 0.9762 -0.0000
vn -0.1381 0.9904 -0.0000
vn -0.0662 0.9978 -0.0000
vn 0.0078 1.0000 -0.0000
vn 0.0996 0.9950 -0.0000
vn 0.2090 0.9779 -0.0000
vn 0.3279 0.9447 -0.0000
vn 0.4526 0.8917 -0.0000
vn 0.5772 0.8166 -0.0000
vn 0.6942 0.7198 -0.0000
vn 0.7961 0.6051 -0.0000
vn 0.8776 0.4794 -0.0000
vn 0.9366 0.3504 -0.0000
vn 0.9744 0.2250 -0.0000
vn 0.9942 0.1079 -0.0000
vn 0.9999 0.0168 -0.0000
vn 0.7696 -0.6386 -0.0000
vn 0.1923 -0.9813 -0.0000
vn 0.1724 -0.9850 -0.0000
vn 0.1527 -0.9883 -0.0000
vn 0.1335 -0.9910 -0.0000
vn 0.1147 -0.9934 -0.0000
vn 0.0964 -0.9953 -0.0000
vn 0.0787 -0.9969 -0.0000
vn 0.0616 -0.9981 -0.0000
vn 0.0452 -0.9990 -0.0000
vn 0.0294 -0.9996 -0.0000
vn 0.0144 -0.9999 -0.0000
vn -0.0103 -0.9999 -0.0000
vn 0.0245 0.9997 -0.0000
vn -0.7000 0.7142 -0.0000
vn 0.0329 0.9995 -0.0000
vn 0.0404 0.9992 -0.0000
vn 0.0474 0.9989 -0.0000
vn 0.0542 0.9985 -0.0000
vn 0.0612 0.9981 -0.0000
vn 0.0686 0.9976 -0.0000
vn 0.0767 0.9971 -0.0000
vn 0.0857 0.9963 -0.0000
vn 0.0962 0.9954 -0.0000
vn 0.1089 0.9941 -0.0000
vn -0.6595 0.7517 -0.0000
vn -0.7443 -0.6678 -0.0000
vn -0.0890 -0.9960 -0.0000
vn -0.0803 -0.9968 -0.0000
vn -0.0729 -0.9973 -0.0000
vn -0.0665 -0.9978 -0.0000
vn -0.0607 -0.9982 -0.0000
vn -0.0552 -0.9985 -0.0000
vn -0.0498 -0.9988 -0.0000
vn -0.0442 -0.9990 -0.0000
vn -0.0383 -0.9993 -0.0000
vn -0.0317 -0.9995 -0.0000
vn -0.0239 -0.9997 -0.0000
vn -0.7140 -0.7001 -0.0000
vn -1.0000 0.0032 -0.0000
vn -0.9999 0.0118 -0.0000
vn -0.9998 0.0213 -0.0000
vn -0.9996 0.0288 -0.0000
vn -0.9994 0.0346 -0.0000
vn -0.9992 0.0391 -0.0000
vn -0.9991 0.0424 -0.0000
vn -0.9990 0.0449 -0.0000
vn -0.9989 0.0465 -0.0000
vn -0.9989 0.0473 -0.0000
vn -0.9989 0.0474 -0.0000
vn -0.9989 0.0467 -0.0000
vn -0.7872 0.6167 -0.0000
vn -0.3079 0.9514 -0.0000
vn -0.3538 0.9353 -0.0000
vn -0.3966 0.9180 -0.0000
vn -0.4365 0.8997 -0.0000
vn -0.4737 0.8807 -0.0000
vn -0.5082 0.8612 -0.0000
vn -0.5404 0.8414 -0.0000
vn -0.5705 0.8213 -0.0000
vn -0.5986 0.8010 -0.0000
vn -0.6252 0.7805 -0.0000
vn -0.6504 0.7596 -0.0000
vn -0.9883 0.1525 -0.0000
vn -0.1250 -0.9922 -0.0000
vn 0.6921 -0.7218 -0.0000
vn 0.6697 -0.7426 -0.0000
vn 0.6464 -0.7630 -0.0000
vn 0.6219 -0.7831 -0.0000
vn 0.5960 -0.8030 -0.0000
vn 0.5685 -0.8227 -0.0000
vn 0.5391 -0.8422 -0.0000
vn 0.5077 -0.8616 -0.0000
vn 0.5392 -0.8422 -0.0000
vn 0.4738 -0.8806 -0.0000
vn 0.4373 -0.8993 -0.0000
vn 0.3980 -0.9174 -0.0000
vn -0.5724 -0.8200 -0.0000
vn -1.0000 -0.0095 -0.0000
vn -0.5723 -0.8200 -0.0000
vn -0.9937 -0.1117 -0.0000
vn -0.9729 -0.2313 -0.0000
vn -0.9337 -0.3581 -0.0000
vn -0.8729 -0.4878 -0.0000
vn -0.7896 -0.6137 -0.0000
vn -0.6858 -0.7278 -0.0000
vn -0.5673 -0.8235 -0.0000
vn -0.4421 -0.8969 -0.0000
vn -0.3181 -0.9480 -0.0000
vn -0.2013 -0.9795 -0.0000
vn -0.0953 -0.9955 -0.0000
vn -0.0060 -1.0000 -0.0000
vn 0.0691 -0.9976 -0.0000
vn 0.1447 -0.9895 -0.0000
vn 0.2287 -0.9735 -0.0000
vn 0.3222 -0.9467 -0.0000
vn 0.4255 -0.9050 -0.0000
vn 0.5373 -0.8434 -0.0000
vn 0.6537 -0.7567 -0.0000
vn 0.7671 -0.6415 -0.0000
vn 0.8667 -0.4988 -0.0000
vn 0.9419 -0.3358 -0.0000
vn 0.9862 -0.1656 -0.0000
vn 1.0000 -0.0016 -0.0000
vn 0.9873 0.1591 -0.0000
vn 0.9463 0.3234 -0.0000
vn 0.8756 0.4830 -0.0000
vn 0.7798 0.6260 -0.0000
vn 0.6682 0.7440 -0.0000
vn 0.5510 0.8345 -0.0000
vn 0.4366 0.8997 -0.0000
vn 0.3298 0.9440 -0.0000
vn 0.2330 0.9725 -0.0000
vn 0.1464 0.9892 -0.0000
vn 0.0693 0.9976 -0.0000
vn 0.0144 0.9999 -0.0000
vn -0.0088 1.0000 -0.0000
vn -0.0182 0.9998 -0.0000
vn -0.0283 0.9996 -0.0000
vn -0.0392 0.9992 -0.0000
vn -0.0509 0.9987 -0.0000
vn -0.0633 0.9980 -0.0000
vn -0.0766 0.9971 -0.0000
vn -0.0907 0.9959 -0.0000
vn -0.1057 0.9944 -0.0000
vn -0.1216 0.9926 -0.0000
vn -0.1384 0.9904 -0.0000
vn 0.6713 0.7412 -0.0000
vn 0.9988 -0.0482 -0.0000
vn 0.9989 -0.0469 -0.0000
vn 0.9990 -0.0452 -0.0000
vn 0.9991 -0.0430 -0.0000
vn 0.9992 -0.0403 -0.0000
vn 0.9993 -0.0371 -0.0000
vn 0.9994 -0.0332 -0.0000
vn 0.9996 -0.0287 -0.0000
vn 0.9997 -0.0232 -0.0000
vn 0.9996 -0.0286 -0.0000
vn 0.9999 -0.0168 -0.0000
vn 1.0000 -0.0090 -0.0000
vn 1.0000 -0.0024 -0.0000
vn 1.0000 -0.0040 -0.0000
vn 0.9999 -0.0153 -0.0000
vn 0.9996 -0.0293 -0.0000
vn 0.9991 -0.0424 -0.0000
vn 0.9985 -0.0551 -0.0000
vn 0.9977 -0.0681 -0.0000
vn 0.9966 -0.0819 -0.0000
vn 0.9953 -0.0974 -0.0000
vn 0.9933 -0.1155 -0.0000
vn 0.9952 -0.0974 -0.0000
vn 0.9904 -0.1381 -0.0000
vn 0.9858 -0.1681 -0.0000
vn 0.9774 -0.2115 -0.0000
vn 0.7866 0.6175 -0.0000
vn -0.7660 0.6428 -0.0000
vn -0.9875 -0.1575 -0.0000
vn -0.7660 0.6429 -0.0000
vn -0.9914 -0.1307 -0.0000
vn -0.9937 -0.1118 -0.0000
vn -0.9914 -0.1308 -0.0000
vn -0.9953 -0.0970 -0.0000
vn -0.9964 -0.0847 -0.0000
vn -0.9973 -0.0736 -0.0000
vn -0.9980 -0.0632 -0.0000
vn -0.9986 -0.0528 -0.0000
vn -0.9991 -0.0420 -0.0000
vn -0.9996 -0.0300 -0.0000
vn -0.9999 -0.0162 -0.0000
vn -0.9995 -0.0300 -0.0000
vn -1.0000 -0.0043 -0.0000
vt 0.933333 0.000000
vt 0.942857 0.000000
vt 0.938095 0.000000
vt 0.947619 0.000000
vt 0.928571 0.000000
vt 0.952381 0.000000
vt 0.923810 0.000000
vt 0.957143 0.000000
vt 0.919048 0.000000
vt 0.961905 0.000000
vt 0.914286 0.000000
vt 0.966667 0.000000
vt 0.909524 0.000000
vt 0.971429 0.000000
vt 0.904762 0.000000
vt 0.976190 0.000000
vt 0.900000 0.000000
vt 0.980952 0.000000
vt 0.895238 0.000000
vt 0.985714 0.000000
vt 0.890476 0.000000
vt 0.990476 0.000000
vt 0.885714 0.000000
vt 0.995238 0.000000
vt 1.000000 0.000000
vt 0.880952 0.000000
vt 0.233333 0.000000
vt 0.876190 0.000000
vt 0.871429 0.000000
vt 0.866667 0.000000
vt 0.861905 0.000000
vt 0.857143 0.000000
vt 0.285714 0.000000
vt 0.295238 0.000000
vt 0.290476 0.000000
vt 0.280952 0.000000
vt 0.276190 0.000000
vt 0.271429 0.000000
vt 0.852381 0.000000
vt 0.266667 0.000000
vt 0.261905 0.000000
vt 0.257143 0.000000
vt 0.252381 0.000000
vt 0.247619 0.000000
vt 0.242857 0.000000
vt 0.238095 0.000000
vt 0.847619 0.000000
vt 0.842857 0.000000
vt 0.838095 0.000000
vt 0.833333 0.000000
vt 0.300000 0.000000
vt 0.304762 0.000000
vt 0.309524 0.000000
vt 0.314286 0.000000
vt 0.319048 0.000000
vt 0.323810 0.000000
vt 0.328571 0.000000
vt 0.333333 0.000000
vt 0.828571 0.000000
vt 0.352381 0.000000
vt 0.338095 0.000000
vt 0.342857 0.000000
vt 0.347619 0.000000
vt 0.357143 0.000000
vt 0.823810 0.000000
vt 0.819048 0.000000
vt 0.361905 0.000000
vt 0.814286 0.000000
vt 0.366667 0.000000
vt 0.809524 0.000000
vt 0.371429 0.000000
vt 0.804762 0.000000
vt 0.376190 0.000000
vt 0.800000 0.000000
vt 0.380952 0.000000
vt 0.795238 0.000000
vt 0.385714 0.000000
vt 0.790476 0.000000
vt 0.390476 0.000000
vt 0.785714 0.000000
vt 0.395238 0.000000
vt 0.780952 0.000000
vt 0.400000 0.000000
vt 0.776190 0.000000
vt 0.404762 0.000000
vt 0.771429 0.000000
vt 0.409524 0.000000
vt 0.766667 0.000000
vt 0.704762 0.000000
vt 0.714286 0.000000
vt 0.709524 0.000000
vt 0.719048 0.000000
vt 0.723810 0.000000
vt 0.728571 0.000000
vt 0.733333 0.000000
vt 0.738095 0.000000
vt 0.742857 0.000000
vt 0.700000 0.000000
vt 0.747619 0.000000
vt 0.752381 0.000000
vt 0.757143 0.000000
vt 0.414286 0.000000
vt 0.761905 0.000000
vt 0.695238 0.000000
vt 0.690476 0.000000
vt 0.685714 0.000000
vt 0.419048 0.000000
vt 0.680952 0.000000
vt 0.423810 0.000000
vt 0.428571 0.000000
vt 0.676190 0.000000
vt 0.433333 0.000000
vt 0.671429 0.000000
vt 0.228571 0.000000
vt 0.223810 0.000000
vt 0.219048 0.000000
vt 0.438095 0.000000
vt 0.000000 0.000000
vt 0.214286 0.000000
vt 0.209524 0.000000
vt 0.004762 0.000000
vt 0.204762 0.000000
vt 0.200000 0.000000
vt 0.195238 0.000000
vt 0.009524 0.000000
vt 0.666667 0.000000
vt 0.190476 0.000000
vt 0.185714 0.000000
vt 0.180952 0.000000
vt 0.176190 0.000000
vt 0.014286 0.000000
vt 0.171429 0.000000
vt 0.442857 0.000000
vt 0.166667 0.000000
vt 0.533333 0.000000
vt 0.019048 0.000000
vt 0.023810 0.000000
vt 0.661905 0.000000
vt 0.028571 0.000000
vt 0.447619 0.000000
vt 0.033333 0.000000
vt 0.538095 0.000000
vt 0.528571 0.000000
vt 0.452381 0.000000
vt 0.038095 0.000000
vt 0.657143 0.000000
vt 0.523810 0.000000
vt 0.042857 0.000000
vt 0.457143 0.000000
vt 0.519048 0.000000
vt 0.047619 0.000000
vt 0.652381 0.000000
vt 0.514286 0.000000
vt 0.461905 0.000000
vt 0.052381 0.000000
vt 0.161905 0.000000
vt 0.509524 0.000000
vt 0.057143 0.000000
vt 0.466667 0.000000
vt 0.157143 0.000000
vt 0.647619 0.000000
vt 0.504762 0.000000
vt 0.061905 0.000000
vt 0.152381 0.000000
vt 0.471429 0.000000
vt 0.542857 0.000000
vt 0.066667 0.000000
vt 0.500000 0.000000
vt 0.147619 0.000000
vt 0.642857 0.000000
vt 0.495238 0.000000
vt 0.490476 0.000000
vt 0.485714 0.000000
vt 0.480952 0.000000
vt 0.476190 0.000000
vt 0.071429 0.000000
vt 0.547619 0.000000
vt 0.142857 0.000000
vt 0.076190 0.000000
vt 0.138095 0.000000
vt 0.080952 0.000000
vt 0.638095 0.000000
vt 0.552381 0.000000
vt 0.133333 0.000000
vt 0.085714 0.000000
vt 0.128571 0.000000
vt 0.090476 0.000000
vt 0.123810 0.000000
vt 0.095238 0.000000
vt 0.557143 0.000000
vt 0.633333 0.000000
vt 0.119048 0.000000
vt 0.100000 0.000000
vt 0.114286 0.000000
vt 0.104762 0.000000
vt 0.109524 0.000000
vt 0.561905 0.000000
vt 0.628571 0.000000
vt 0.566667 0.000000
vt 0.623810 0.000000
vt 0.571429 0.000000
vt 0.619048 0.000000
vt 0.576190 0.000000
vt 0.614286 0.000000
vt 0.580952 0.000000
vt 0.609524 0.000000
vt 0.585714 0.000000
vt 0.604762 0.000000
vt 0.590476 0.000000
vt 0.600000 0.000000
vt 0.595238 0.000000
vt 0.367188 0.000000
vt 0.187500 0.000000
vt 0.371094 0.000000
vt 0.363281 0.000000
vt 0.191406 0.000000
vt 0.359375 0.000000
vt 0.195312 0.000000
vt 0.355469 0.000000
vt 0.199219 0.000000
vt 0.351562 0.000000
vt 0.203125 0.000000
vt 0.347656 0.000000
vt 0.207031 0.000000
vt 0.343750 0.000000
vt 0.210938 0.000000
vt 0.339844 0.000000
vt 0.093750 0.000000
vt 0.089844 0.000000
vt 0.085938 0.000000
vt 0.214844 0.000000
vt 0.097656 0.000000
vt 0.082031 0.000000
vt 0.101562 0.000000
vt 0.078125 0.000000
vt 0.105469 0.000000
vt 0.074219 0.000000
vt 0.109375 0.000000
vt 0.070312 0.000000
vt 0.335938 0.000000
vt 0.218750 0.000000
vt 0.113281 0.000000
vt 0.066406 0.000000
vt 0.117188 0.000000
vt 0.062500 0.000000
vt 0.332031 0.000000
vt 0.222656 0.000000
vt 0.121094 0.000000
vt 0.058594 0.000000
vt 0.125000 0.000000
vt 0.054688 0.000000
vt 0.328125 0.000000
vt 0.226562 0.000000
vt 0.128906 0.000000
vt 0.050781 0.000000
vt 0.132812 0.000000
vt 0.046875 0.000000
vt 0.613281 0.000000
vt 0.621094 0.000000
vt 0.617188 0.000000
vt 0.324219 0.000000
vt 0.230469 0.000000
vt 0.414062 0.000000
vt 0.421875 0.000000
vt 0.417969 0.000000
vt 0.136719 0.000000
vt 0.042969 0.000000
vt 0.410156 0.000000
vt 0.406250 0.000000
vt 0.320312 0.000000
vt 0.140625 0.000000
vt 0.039062 0.000000
vt 0.234375 0.000000
vt 0.402344 0.000000
vt 0.609375 0.000000
vt 0.035156 0.000000
vt 0.144531 0.000000
vt 0.398438 0.000000
vt 0.394531 0.000000
vt 0.316406 0.000000
vt 0.238281 0.000000
vt 0.625000 0.000000
vt 0.031250 0.000000
vt 0.148438 0.000000
vt 0.390625 0.000000
vt 0.386719 0.000000
vt 0.027344 0.000000
vt 0.152344 0.000000
vt 0.382812 0.000000
vt 0.312500 0.000000
vt 0.242188 0.000000
vt 0.378906 0.000000
vt 0.023438 0.000000
vt 0.156250 0.000000
vt 0.375000 0.000000
vt 0.949219 0.000000
vt 0.957031 0.000000
vt 0.953125 0.000000
vt 0.996094 0.000000
vt 0.960938 0.000000
vt 0.992188 0.000000
vt 0.964844 0.000000
vt 0.988281 0.000000
vt 0.968750 0.000000
vt 0.984375 0.000000
vt 0.972656 0.000000
vt 0.980469 0.000000
vt 0.976562 0.000000
vt 0.945312 0.000000
vt 0.941406 0.000000
vt 0.937500 0.000000
vt 0.933594 0.000000
vt 0.019531 0.000000
vt 0.160156 0.000000
vt 0.308594 0.000000
vt 0.246094 0.000000
vt 0.015625 0.000000
vt 0.164062 0.000000
vt 0.628906 0.000000
vt 0.011719 0.000000
vt 0.167969 0.000000
vt 0.007812 0.000000
vt 0.171875 0.000000
vt 0.304688 0.000000
vt 0.250000 0.000000
vt 0.425781 0.000000
vt 0.429688 0.000000
vt 0.003906 0.000000
vt 0.175781 0.000000
vt 0.433594 0.000000
vt 0.437500 0.000000
vt 0.179688 0.000000
vt 0.929688 0.000000
vt 0.441406 0.000000
vt 0.183594 0.000000
vt 0.445312 0.000000
vt 0.925781 0.000000
vt 0.449219 0.000000
vt 0.300781 0.000000
vt 0.253906 0.000000
vt 0.902344 0.000000
vt 0.453125 0.000000
vt 0.457031 0.000000
vt 0.460938 0.000000
vt 0.464844 0.000000
vt 0.468750 0.000000
vt 0.855469 0.000000
vt 0.472656 0.000000
vt 0.296875 0.000000
vt 0.257812 0.000000
vt 0.605469 0.000000
vt 0.632812 0.000000
vt 0.292969 0.000000
vt 0.261719 0.000000
vt 0.476562 0.000000
vt 0.859375 0.000000
vt 0.851562 0.000000
vt 0.863281 0.000000
vt 0.289062 0.000000
vt 0.265625 0.000000
vt 0.867188 0.000000
vt 0.871094 0.000000
vt 0.875000 0.000000
vt 0.285156 0.000000
vt 0.269531 0.000000
vt 0.878906 0.000000
vt 0.882812 0.000000
vt 0.886719 0.000000
vt 0.281250 0.000000
vt 0.273438 0.000000
vt 0.890625 0.000000
vt 0.894531 0.000000
vt 0.277344 0.000000
vt 0.480469 0.000000
vt 0.898438 0.000000
vt 0.921875 0.000000
vt 0.906250 0.000000
vt 0.910156 0.000000
vt 0.917969 0.000000
vt 0.914062 0.000000
vt 0.847656 0.000000
vt 0.636719 0.000000
vt 0.484375 0.000000
vt 0.843750 0.000000
vt 0.640625 0.000000
vt 0.488281 0.000000
vt 0.601562 0.000000
vt 0.839844 0.000000
vt 0.644531 0.000000
vt 0.492188 0.000000
vt 0.835938 0.000000
vt 0.648438 0.000000
vt 0.496094 0.000000
vt 0.832031 0.000000
vt 0.597656 0.000000
vt 0.714844 0.000000
vt 0.652344 0.000000
vt 0.828125 0.000000
vt 0.718750 0.000000
vt 0.710938 0.000000
vt 0.707031 0.000000
vt 0.656250 0.000000
vt 0.824219 0.000000
vt 0.503906 0.000000
vt 0.703125 0.000000
vt 0.593750 0.000000
vt 0.699219 0.000000
vt 0.660156 0.000000
vt 0.722656 0.000000
vt 0.820312 0.000000
vt 0.695312 0.000000
vt 0.507812 0.000000
vt 0.691406 0.000000
vt 0.664062 0.000000
vt 0.687500 0.000000
vt 0.816406 0.000000
vt 0.683594 0.000000
vt 0.511719 0.000000
vt 0.589844 0.000000
vt 0.726562 0.000000
vt 0.667969 0.000000
vt 0.679688 0.000000
vt 0.812500 0.000000
vt 0.675781 0.000000
vt 0.671875 0.000000
vt 0.515625 0.000000
vt 0.730469 0.000000
vt 0.585938 0.000000
vt 0.808594 0.000000
vt 0.519531 0.000000
vt 0.804688 0.000000
vt 0.734375 0.000000
vt 0.582031 0.000000
vt 0.523438 0.000000
vt 0.800781 0.000000
vt 0.527344 0.000000
vt 0.738281 0.000000
vt 0.578125 0.000000
vt 0.531250 0.000000
vt 0.796875 0.000000
vt 0.535156 0.000000
vt 0.574219 0.000000
vt 0.742188 0.000000
vt 0.792969 0.000000
vt 0.539062 0.000000
vt 0.570312 0.000000
vt 0.542969 0.000000
vt 0.789062 0.000000
vt 0.546875 0.000000
vt 0.746094 0.000000
vt 0.566406 0.000000
vt 0.550781 0.000000
vt 0.554688 0.000000
vt 0.785156 0.000000
vt 0.562500 0.000000
vt 0.558594 0.000000
vt 0.750000 0.000000
vt 0.781250 0.000000
vt 0.777344 0.000000
vt 0.753906 0.000000
vt 0.773438 0.000000
vt 0.757812 0.000000
vt 0.769531 0.000000
vt 0.765625 0.000000
vt 0.761719 0.000000
vt 0.020833 1.000000
vt 0.000000 1.000000
vt 0.041667 1.000000
vt 0.020833 0.000000
vt 0.062500 1.000000
vt 0.041667 0.000000
vt 0.083333 1.000000
vt 0.104167 1.000000
vt 0.083333 0.000000
vt 0.125000 1.000000
vt 0.104167 0.000000
vt 0.145833 1.000000
vt 0.166667 1.000000
vt 0.145833 0.000000
vt 0.187500 1.000000
vt 0.208333 1.000000
vt 0.229167 1.000000
vt 0.208333 0.000000
vt 0.250000 1.000000
vt 0.229167 0.000000
vt 0.270833 1.000000
vt 0.291667 1.000000
vt 0.270833 0.000000
vt 0.312500 1.000000
vt 0.291667 0.000000
vt 0.333333 1.000000
vt 0.354167 1.000000
vt 0.375000 1.000000
vt 0.354167 0.000000
vt 0.395833 1.000000
vt 0.416667 1.000000
vt 0.395833 0.000000
vt 0.437500 1.000000
vt 0.416667 0.000000
vt 0.458333 1.000000
vt 0.479167 1.000000
vt 0.458333 0.000000
vt 0.500000 1.000000
vt 0.479167 0.000000
vt 0.520833 1.000000
vt 0.541667 1.000000
vt 0.520833 0.000000
vt 0.562500 1.000000
vt 0.541667 0.000000
vt 0.583333 1.000000
vt 0.604167 1.000000
vt 0.583333 0.000000
vt 0.625000 1.000000
vt 0.604167 0.000000
vt 0.645833 1.000000
vt 0.666667 1.000000
vt 0.645833 0.000000
vt 0.687500 1.000000
vt 0.708333 1.000000
vt 0.729167 1.000000
vt 0.708333 0.000000
vt 0.750000 1.000000
vt 0.729167 0.000000
vt 0.770833 1.000000
vt 0.791667 1.000000
vt 0.770833 0.000000
vt 0.812500 1.000000
vt 0.791667 0.000000
vt 0.833333 1.000000
vt 0.854167 1.000000
vt 0.875000 1.000000
vt 0.854167 0.000000
vt 0.895833 1.000000
vt 0.916667 1.000000
vt 0.895833 0.000000
vt 0.937500 1.000000
vt 0.916667 0.000000
vt 0.958333 1.000000
vt 0.979167 1.000000
vt 0.958333 0.000000
vt 1.000000 1.000000
vt 0.979167 0.000000
vt 0.006211 1.000000
vt 0.012422 1.000000
vt 0.006211 0.000000
vt 0.018634 1.000000
vt 0.012422 0.000000
vt 0.024845 1.000000
vt 0.018634 0.000000
vt 0.031056 1.000000
vt 0.024845 0.000000
vt 0.037267 1.000000
vt 0.031056 0.000000
vt 0.043478 1.000000
vt 0.037267 0.000000
vt 0.049689 1.000000
vt 0.043478 0.000000
vt 0.055901 1.000000
vt 0.049689 0.000000
vt 0.062112 1.000000
vt 0.055901 0.000000
vt 0.068323 1.000000
vt 0.062112 0.000000
vt 0.074534 1.000000
vt 0.068323 0.000000
vt 0.080745 1.000000
vt 0.074534 0.000000
vt 0.086957 1.000000
vt 0.080745 0.000000
vt 0.093168 1.000000
vt 0.086957 0.000000
vt 0.099379 1.000000
vt 0.093168 0.000000
vt 0.105590 1.000000
vt 0.099379 0.000000
vt 0.111801 1.000000
vt 0.105590 0.000000
vt 0.118012 1.000000
vt 0.111801 0.000000
vt 0.124224 1.000000
vt 0.118012 0.000000
vt 0.130435 1.000000
vt 0.124224 0.000000
vt 0.136646 1.000000
vt 0.130435 0.000000
vt 0.142857 1.000000
vt 0.136646 0.000000
vt 0.149068 1.000000
vt 0.155280 1.000000
vt 0.149068 0.000000
vt 0.161491 1.000000
vt 0.155280 0.000000
vt 0.167702 1.000000
vt 0.161491 0.000000
vt 0.173913 1.000000
vt 0.167702 0.000000
vt 0.180124 1.000000
vt 0.173913 0.000000
vt 0.186335 1.000000
vt 0.180124 0.000000
vt 0.192547 1.000000
vt 0.186335 0.000000
vt 0.198758 1.000000
vt 0.192547 0.000000
vt 0.204969 1.000000
vt 0.198758 0.000000
vt 0.211180 1.000000
vt 0.204969 0.000000
vt 0.217391 1.000000
vt 0.211180 0.000000
vt 0.223602 1.000000
vt 0.217391 0.000000
vt 0.229814 1.000000
vt 0.223602 0.000000
vt 0.236025 1.000000
vt 0.229814 0.000000
vt 0.242236 1.000000
vt 0.236025 0.000000
vt 0.248447 1.000000
vt 0.242236 0.000000
vt 0.254658 1.000000
vt 0.248447 0.000000
vt 0.260870 1.000000
vt 0.254658 0.000000
vt 0.267081 1.000000
vt 0.260870 0.000000
vt 0.273292 1.000000
vt 0.267081 0.000000
vt 0.279503 1.000000
vt 0.273292 0.000000
vt 0.285714 1.000000
vt 0.279503 0.000000
vt 0.291925 1.000000
vt 0.298137 1.000000
vt 0.291925 0.000000
vt 0.304348 1.000000
vt 0.298137 0.000000
vt 0.310559 1.000000
vt 0.304348 0.000000
vt 0.316770 1.000000
vt 0.310559 0.000000
vt 0.322981 1.000000
vt 0.316770 0.000000
vt 0.329193 1.000000
vt 0.322981 0.000000
vt 0.335404 1.000000
vt 0.329193 0.000000
vt 0.341615 1.000000
vt 0.335404 0.000000
vt 0.347826 1.000000
vt 0.341615 0.000000
vt 0.354037 1.000000
vt 0.347826 0.000000
vt 0.360248 1.000000
vt 0.354037 0.000000
vt 0.366460 1.000000
vt 0.360248 0.000000
vt 0.372671 1.000000
vt 0.366460 0.000000
vt 0.378882 1.000000
vt 0.372671 0.000000
vt 0.385093 1.000000
vt 0.378882 0.000000
vt 0.391304 1.000000
vt 0.385093 0.000000
vt 0.397516 1.000000
vt 0.391304 0.000000
vt 0.403727 1.000000
vt 0.397516 0.000000
vt 0.409938 1.000000
vt 0.403727 0.000000
vt 0.416149 1.000000
vt 0.409938 0.000000
vt 0.422360 1.000000
vt 0.416149 0.000000
vt 0.428571 1.000000
vt 0.422360 0.000000
vt 0.434783 1.000000
vt 0.440994 1.000000
vt 0.434783 0.000000
vt 0.447205 1.000000
vt 0.440994 0.000000
vt 0.453416 1.000000
vt 0.447205 0.000000
vt 0.459627 1.000000
vt 0.453416 0.000000
vt 0.465839 1.000000
vt 0.459627 0.000000
vt 0.472050 1.000000
vt 0.465839 0.000000
vt 0.478261 1.000000
vt 0.472050 0.000000
vt 0.484472 1.000000
vt 0.478261 0.000000
vt 0.490683 1.000000
vt 0.484472 0.000000
vt 0.496894 1.000000
vt 0.490683 0.000000
vt 0.503106 1.000000
vt 0.496894 0.000000
vt 0.509317 1.000000
vt 0.503106 0.000000
vt 0.515528 1.000000
vt 0.509317 0.000000
vt 0.521739 1.000000
vt 0.515528 0.000000
vt 0.527950 1.000000
vt 0.521739 0.000000
vt 0.534162 1.000000
vt 0.527950 0.000000
vt 0.540373 1.000000
vt 0.534162 0.000000
vt 0.546584 1.000000
vt 0.540373 0.000000
vt 0.552795 1.000000
vt 0.546584 0.000000
vt 0.559006 1.000000
vt 0.552795 0.000000
vt 0.565217 1.000000
vt 0.559006 0.000000
vt 0.571429 1.000000
vt 0.565217 0.000000
vt 0.577640 1.000000
vt 0.583851 1.000000
vt 0.577640 0.000000
vt 0.590062 1.000000
vt 0.583851 0.000000
vt 0.596273 1.000000
vt 0.590062 0.000000
vt 0.602484 1.000000
vt 0.596273 0.000000
vt 0.608696 1.000000
vt 0.602484 0.000000
vt 0.614907 1.000000
vt 0.608696 0.000000
vt 0.621118 1.000000
vt 0.614907 0.000000
vt 0.627329 1.000000
vt 0.621118 0.000000
vt 0.633540 1.000000
vt 0.627329 0.000000
vt 0.639752 1.000000
vt 0.633540 0.000000
vt 0.645963 1.000000
vt 0.639752 0.000000
vt 0.652174 1.000000
vt 0.645963 0.000000
vt 0.658385 1.000000
vt 0.652174 0.000000
vt 0.664596 1.000000
vt 0.658385 0.000000
vt 0.670807 1.000000
vt 0.664596 0.000000
vt 0.677019 1.000000
vt 0.670807 0.000000
vt 0.683230 1.000000
vt 0.677019 0.000000
vt 0.689441 1.000000
vt 0.683230 0.000000
vt 0.695652 1.000000
vt 0.689441 0.000000
vt 0.701863 1.000000
vt 0.695652 0.000000
vt 0.708075 1.000000
vt 0.701863 0.000000
vt 0.714286 1.000000
vt 0.708075 0.000000
vt 0.720497 1.000000
vt 0.726708 1.000000
vt 0.720497 0.000000
vt 0.732919 1.000000
vt 0.726708 0.000000
vt 0.739130 1.000000
vt 0.732919 0.000000
vt 0.745342 1.000000
vt 0.739130 0.000000
vt 0.751553 1.000000
vt 0.745342 0.000000
vt 0.757764 1.000000
vt 0.751553 0.000000
vt 0.763975 1.000000
vt 0.757764 0.000000
vt 0.770186 1.000000
vt 0.763975 0.000000
vt 0.776398 1.000000
vt 0.770186 0.000000
vt 0.782609 1.000000
vt 0.776398 0.000000
vt 0.788820 1.000000
vt 0.782609 0.000000
vt 0.795031 1.000000
vt 0.788820 0.000000
vt 0.801242 1.000000
vt 0.795031 0.000000
vt 0.807453 1.000000
vt 0.801242 0.000000
vt 0.813665 1.000000
vt 0.807453 0.000000
vt 0.819876 1.000000
vt 0.813665 0.000000
vt 0.826087 1.000000
vt 0.819876 0.000000
vt 0.832298 1.000000
vt 0.826087 0.000000
vt 0.838509 1.000000
vt 0.832298 0.000000
vt 0.844720 1.000000
vt 0.838509 0.000000
vt 0.850932 1.000000
vt 0.844720 0.000000
vt 0.857143 1.000000
vt 0.850932 0.000000
vt 0.863354 1.000000
vt 0.869565 1.000000
vt 0.863354 0.000000
vt 0.875776 1.000000
vt 0.869565 0.000000
vt 0.881988 1.000000
vt 0.875776 0.000000
vt 0.888199 1.000000
vt 0.881988 0.000000
vt 0.894410 1.000000
vt 0.888199 0.000000
vt 0.900621 1.000000
vt 0.894410 0.000000
vt 0.906832 1.000000
vt 0.900621 0.000000
vt 0.913043 1.000000
vt 0.906832 0.000000
vt 0.919255 1.000000
vt 0.913043 0.000000
vt 0.925466 1.000000
vt 0.919255 0.000000
vt 0.931677 1.000000
vt 0.925466 0.000000
vt 0.937888 1.000000
vt 0.931677 0.000000
vt 0.944099 1.000000
vt 0.937888 0.000000
vt 0.950311 1.000000
vt 0.944099 0.000000
vt 0.956522 1.000000
vt 0.950311 0.000000
vt 0.962733 1.000000
vt 0.956522 0.000000
vt 0.968944 1.000000
vt 0.962733 0.000000
vt 0.975155 1.000000
vt 0.968944 0.000000
vt 0.981366 1.000000
vt 0.975155 0.000000
vt 0.987578 1.000000
vt 0.981366 0.000000
vt 0.993789 1.000000
vt 0.987578 0.000000
vt 0.993789 0.000000
vt 0.020408 1.000000
vt 0.040816 1.000000
vt 0.020408 0.000000
vt 0.061224 1.000000
vt 0.040816 0.000000
vt 0.081633 1.000000
vt 0.061224 0.000000
vt 0.102041 1.000000
vt 0.081633 0.000000
vt 0.122449 1.000000
vt 0.102041 0.000000
vt 0.122449 0.000000
vt 0.163265 1.000000
vt 0.183673 1.000000
vt 0.163265 0.000000
vt 0.204082 1.000000
vt 0.183673 0.000000
vt 0.224490 1.000000
vt 0.204082 0.000000
vt 0.244898 1.000000
vt 0.224490 0.000000
vt 0.265306 1.000000
vt 0.244898 0.000000
vt 0.265306 0.000000
vt 0.306122 1.000000
vt 0.326531 1.000000
vt 0.306122 0.000000
vt 0.346939 1.000000
vt 0.326531 0.000000
vt 0.367347 1.000000
vt 0.346939 0.000000
vt 0.387755 1.000000
vt 0.367347 0.000000
vt 0.408163 1.000000
vt 0.387755 0.000000
vt 0.408163 0.000000
vt 0.448980 1.000000
vt 0.469388 1.000000
vt 0.448980 0.000000
vt 0.489796 1.000000
vt 0.469388 0.000000
vt 0.510204 1.000000
vt 0.489796 0.000000
vt 0.530612 1.000000
vt 0.510204 0.000000
vt 0.551020 1.000000
vt 0.530612 0.000000
vt 0.551020 0.000000
vt 0.591837 1.000000
vt 0.612245 1.000000
vt 0.591837 0.000000
vt 0.632653 1.000000
vt 0.612245 0.000000
vt 0.653061 1.000000
vt 0.632653 0.000000
vt 0.673469 1.000000
vt 0.653061 0.000000
vt 0.693878 1.000000
vt 0.673469 0.000000
vt 0.693878 0.000000
vt 0.734694 1.000000
vt 0.755102 1.000000
vt 0.734694 0.000000
vt 0.775510 1.000000
vt 0.755102 0.000000
vt 0.795918 1.000000
vt 0.775510 0.000000
vt 0.816327 1.000000
vt 0.795918 0.000000
vt 0.836735 1.000000
vt 0.816327 0.000000
vt 0.836735 0.000000
vt 0.877551 1.000000
vt 0.897959 1.000000
vt 0.877551 0.000000
vt 0.918367 1.000000
vt 0.897959 0.000000
vt 0.938776 1.000000
vt 0.918367 0.000000
vt 0.959184 1.000000
vt 0.938776 0.000000
vt 0.979592 1.000000
vt 0.959184 0.000000
vt 0.979592 0.000000
vt 0.006173 1.000000
vt 0.012346 1.000000
vt 0.006173 0.000000
vt 0.018519 1.000000
vt 0.012346 0.000000
vt 0.024691 1.000000
vt 0.018519 0.000000
vt 0.030864 1.000000
vt 0.024691 0.000000
vt 0.037037 1.000000
vt 0.030864 0.000000
vt 0.043210 1.000000
vt 0.037037 0.000000
vt 0.049383 1.000000
vt 0.043210 0.000000
vt 0.055556 1.000000
vt 0.049383 0.000000
vt 0.061728 1.000000
vt 0.055556 0.000000
vt 0.067901 1.000000
vt 0.061728 0.000000
vt 0.074074 1.000000
vt 0.067901 0.000000
vt 0.080247 1.000000
vt 0.074074 0.000000
vt 0.086420 1.000000
vt 0.080247 0.000000
vt 0.092593 1.000000
vt 0.086420 0.000000
vt 0.098765 1.000000
vt 0.092593 0.000000
vt 0.104938 1.000000
vt 0.098765 0.000000
vt 0.111111 1.000000
vt 0.104938 0.000000
vt 0.117284 1.000000
vt 0.111111 0.000000
vt 0.123457 1.000000
vt 0.117284 0.000000
vt 0.129630 1.000000
vt 0.123457 0.000000
vt 0.135802 1.000000
vt 0.129630 0.000000
vt 0.141975 1.000000
vt 0.135802 0.000000
vt 0.148148 1.000000
vt 0.141975 0.000000
vt 0.154321 1.000000
vt 0.148148 0.000000
vt 0.160494 1.000000
vt 0.154321 0.000000
vt 0.160494 0.000000
vt 0.172840 1.000000
vt 0.179012 1.000000
vt 0.172840 0.000000
vt 0.185185 1.000000
vt 0.179012 0.000000
vt 0.191358 1.000000
vt 0.185185 0.000000
vt 0.197531 1.000000
vt 0.191358 0.000000
vt 0.203704 1.000000
vt 0.197531 0.000000
vt 0.209877 1.000000
vt 0.203704 0.000000
vt 0.216049 1.000000
vt 0.209877 0.000000
vt 0.222222 1.000000
vt 0.216049 0.000000
vt 0.228395 1.000000
vt 0.222222 0.000000
vt 0.234568 1.000000
vt 0.228395 0.000000
vt 0.240741 1.000000
vt 0.234568 0.000000
vt 0.246914 1.000000
vt 0.240741 0.000000
vt 0.253086 1.000000
vt 0.246914 0.000000
vt 0.259259 1.000000
vt 0.253086 0.000000
vt 0.265432 1.000000
vt 0.259259 0.000000
vt 0.271605 1.000000
vt 0.265432 0.000000
vt 0.277778 1.000000
vt 0.271605 0.000000
vt 0.283951 1.000000
vt 0.277778 0.000000
vt 0.290123 1.000000
vt 0.283951 0.000000
vt 0.296296 1.000000
vt 0.290123 0.000000
vt 0.302469 1.000000
vt 0.296296 0.000000
vt 0.308642 1.000000
vt 0.302469 0.000000
vt 0.314815 1.000000
vt 0.308642 0.000000
vt 0.320988 1.000000
vt 0.314815 0.000000
vt 0.327161 1.000000
vt 0.320988 0.000000
vt 0.327161 0.000000
vt 0.339506 1.000000
vt 0.345679 1.000000
vt 0.339506 0.000000
vt 0.351852 1.000000
vt 0.345679 0.000000
vt 0.358025 1.000000
vt 0.351852 0.000000
vt 0.364198 1.000000
vt 0.358025 0.000000
vt 0.370370 1.000000
vt 0.364198 0.000000
vt 0.376543 1.000000
vt 0.370370 0.000000
vt 0.382716 1.000000
vt 0.376543 0.000000
vt 0.388889 1.000000
vt 0.382716 0.000000
vt 0.395062 1.000000
vt 0.388889 0.000000
vt 0.401235 1.000000
vt 0.395062 0.000000
vt 0.407407 1.000000
vt 0.401235 0.000000
vt 0.413580 1.000000
vt 0.407407 0.000000
vt 0.419753 1.000000
vt 0.413580 0.000000
vt 0.425926 1.000000
vt 0.419753 0.000000
vt 0.432099 1.000000
vt 0.425926 0.000000
vt 0.438272 1.000000
vt 0.432099 0.000000
vt 0.444444 1.000000
vt 0.438272 0.000000
vt 0.450617 1.000000
vt 0.444444 0.000000
vt 0.456790 1.000000
vt 0.450617 0.000000
vt 0.462963 1.000000
vt 0.456790 0.000000
vt 0.469136 1.000000
vt 0.462963 0.000000
vt 0.475309 1.000000
vt 0.469136 0.000000
vt 0.481481 1.000000
vt 0.475309 0.000000
vt 0.487654 1.000000
vt 0.481481 0.000000
vt 0.493827 1.000000
vt 0.487654 0.000000
vt 0.493827 0.000000
vt 0.506173 1.000000
vt 0.512346 1.000000
vt 0.506173 0.000000
vt 0.518519 1.000000
vt 0.512346 0.000000
vt 0.524691 1.000000
vt 0.518519 0.000000
vt 0.530864 1.000000
vt 0.524691 0.000000
vt 0.537037 1.000000
vt 0.530864 0.000000
vt 0.543210 1.000000
vt 0.537037 0.000000
vt 0.549383 1.000000
vt 0.543210 0.000000
vt 0.555556 1.000000
vt 0.549383 0.000000
vt 0.561728 1.000000
vt 0.555556 0.000000
vt 0.567901 1.000000
vt 0.561728 0.000000
vt 0.574074 1.000000
vt 0.567901 0.000000
vt 0.580247 1.000000
vt 0.574074 0.000000
vt 0.586420 1.000000
vt 0.580247 0.000000
vt 0.592593 1.000000
vt 0.586420 0.000000
vt 0.598765 1.000000
vt 0.592593 0.000000
vt 0.604938 1.000000
vt 0.598765 0.000000
vt 0.611111 1.000000
vt 0.604938 0.000000
vt 0.617284 1.000000
vt 0.611111 0.000000
vt 0.623457 1.000000
vt 0.617284 0.000000
vt 0.629630 1.000000
vt 0.623457 0.000000
vt 0.635802 1.000000
vt 0.629630 0.000000
vt 0.641975 1.000000
vt 0.635802 0.000000
vt 0.648148 1.000000
vt 0.641975 0.000000
vt 0.654321 1.000000
vt 0.648148 0.000000
vt 0.660494 1.000000
vt 0.654321 0.000000
vt 0.660494 0.000000
vt 0.672840 1.000000
vt 0.679012 1.000000
vt 0.672840 0.000000
vt 0.685185 1.000000
vt 0.679012 0.000000
vt 0.691358 1.000000
vt 0.685185 0.000000
vt 0.697531 1.000000
vt 0.691358 0.000000
vt 0.703704 1.000000
vt 0.697531 0.000000
vt 0.709877 1.000000
vt 0.703704 0.000000
vt 0.716049 1.000000
vt 0.709877 0.000000
vt 0.722222 1.000000
vt 0.716049 0.000000
vt 0.728395 1.000000
vt 0.722222 0.000000
vt 0.734568 1.000000
vt 0.728395 0.000000
vt 0.740741 1.000000
vt 0.734568 0.000000
vt 0.746914 1.000000
vt 0.740741 0.000000
vt 0.753086 1.000000
vt 0.746914 0.000000
vt 0.759259 1.000000
vt 0.753086 0.000000
vt 0.765432 1.000000
vt 0.759259 0.000000
vt 0.771605 1.000000
vt 0.765432 0.000000
vt 0.777778 1.000000
vt 0.771605 0.000000
vt 0.783951 1.000000
vt 0.777778 0.000000
vt 0.790123 1.000000
vt 0.783951 0.000000
vt 0.796296 1.000000
vt 0.790123 0.000000
vt 0.802469 1.000000
vt 0.796296 0.000000
vt 0.808642 1.000000
vt 0.802469 0.000000
vt 0.814815 1.000000
vt 0.808642 0.000000
vt 0.820988 1.000000
vt 0.814815 0.000000
vt 0.827160 1.000000
vt 0.820988 0.000000
vt 0.827160 0.000000
vt 0.839506 1.000000
vt 0.845679 1.000000
vt 0.839506 0.000000
vt 0.851852 1.000000
vt 0.845679 0.000000
vt 0.858025 1.000000
vt 0.851852 0.000000
vt 0.864198 1.000000
vt 0.858025 0.000000
vt 0.870370 1.000000
vt 0.864198 0.000000
vt 0.876543 1.000000
vt 0.870370 0.000000
vt 0.882716 1.000000
vt 0.876543 0.000000
vt 0.888889 1.000000
vt 0.882716 0.000000
vt 0.895062 1.000000
vt 0.888889 0.000000
vt 0.901235 1.000000
vt 0.895062 0.000000
vt 0.907407 1.000000
vt 0.901235 0.000000
vt 0.913580 1.000000
vt 0.907407 0.000000
vt 0.919753 1.000000
vt 0.913580 0.000000
vt 0.925926 1.000000
vt 0.919753 0.000000
vt 0.932099 1.000000
vt 0.925926 0.000000
vt 0.938272 1.000000
vt 0.932099 0.000000
vt 0.944444 1.000000
vt 0.938272 0.000000
vt 0.950617 1.000000
vt 0.944444 0.000000
vt 0.956790 1.000000
vt 0.950617 0.000000
vt 0.962963 1.000000
vt 0.956790 0.000000
vt 0.969136 1.000000
vt 0.962963 0.000000
vt 0.975309 1.000000
vt 0.969136 0.000000
vt 0.981481 1.000000
vt 0.975309 0.000000
vt 0.987654 1.000000
vt 0.981481 0.000000
vt 0.993827 1.000000
vt 0.987654 0.000000
vt 0.993827 0.000000
s 0
f 197/1/1 199/2/1 198/3/1
f 197/1/1 200/4/1 199/2/1
f 196/5/1 200/4/1 197/1/1
f 196/5/1 201/6/1 200/4/1
f 195/7/1 201/6/1 196/5/1
f 195/7/1 202/8/1 201/6/1
f 194/9/1 202/8/1 195/7/1
f 194/9/1 203/10/1 202/8/1
f 193/11/1 203/10/1 194/9/1
f 193/11/1 204/12/1 203/10/1
f 192/13/1 204/12/1 193/11/1
f 192/13/1 205/14/1 204/12/1
f 191/15/1 205/14/1 192/13/1
f 191/15/1 206/16/1 205/14/1
f 190/17/1 206/16/1 191/15/1
f 190/17/1 207/18/1 206/16/1
f 189/19/1 207/18/1 190/17/1
f 189/19/1 208/20/1 207/18/1
f 188/21/1 208/20/1 189/19/1
f 188/21/1 209/22/1 208/20/1
f 187/23/1 209/22/1 188/21/1
f 187/23/1 210/24/1 209/22/1
f 187/23/1 211/25/1 210/24/1
f 186/26/1 211/25/1 187/23/1
f 186/26/1 50/27/1 211/25/1
f 185/28/1 50/27/1 186/26/1
f 184/29/1 50/27/1 185/28/1
f 183/30/1 50/27/1 184/29/1
f 182/31/1 50/27/1 183/30/1
f 181/32/1 50/27/1 182/31/1
f 61/33/1 63/34/1 62/35/1
f 60/36/1 63/34/1 61/33/1
f 59/37/1 63/34/1 60/36/1
f 58/38/1 63/34/1 59/37/1
f 180/39/1 50/27/1 181/32/1
f 57/40/1 63/34/1 58/38/1
f 56/41/1 63/34/1 57/40/1
f 55/42/1 63/34/1 56/41/1
f 54/43/1 63/34/1 55/42/1
f 53/44/1 63/34/1 54/43/1
f 52/45/1 63/34/1 53/44/1
f 51/46/1 63/34/1 52/45/1
f 50/27/1 63/34/1 51/46/1
f 180/39/1 63/34/1 50/27/1
f 179/47/1 63/34/1 180/39/1
f 178/48/1 63/34/1 179/47/1
f 177/49/1 63/34/1 178/48/1
f 176/50/1 63/34/1 177/49/1
f 176/50/1 64/51/1 63/34/1
f 176/50/1 65/52/1 64/51/1
f 176/50/1 66/53/1 65/52/1
f 176/50/1 67/54/1 66/53/1
f 176/50/1 68/55/1 67/54/1
f 176/50/1 69/56/1 68/55/1
f 176/50/1 70/57/1 69/56/1
f 176/50/1 71/58/1 70/57/1
f 175/59/1 75/60/1 176/50/1
f 75/60/1 71/58/1 176/50/1
f 75/60/1 72/61/1 71/58/1
f 75/60/1 73/62/1 72/61/1
f 75/60/1 74/63/1 73/62/1
f 175/59/1 76/64/1 75/60/1
f 174/65/1 76/64/1 175/59/1
f 173/66/1 76/64/1 174/65/1
f 173/66/1 77/67/1 76/64/1
f 172/68/1 77/67/1 173/66/1
f 172/68/1 78/69/1 77/67/1
f 171/70/1 78/69/1 172/68/1
f 171/70/1 79/71/1 78/69/1
f 170/72/1 79/71/1 171/70/1
f 170/72/1 80/73/1 79/71/1
f 169/74/1 80/73/1 170/72/1
f 169/74/1 81/75/1 80/73/1
f 168/76/1 81/75/1 169/74/1
f 168/76/1 82/77/1 81/75/1
f 167/78/1 82/77/1 168/76/1
f 167/78/1 83/79/1 82/77/1
f 166/80/1 83/79/1 167/78/1
f 166/80/1 84/81/1 83/79/1
f 165/82/1 84/81/1 166/80/1
f 165/82/1 85/83/1 84/81/1
f 164/84/1 85/83/1 165/82/1
f 164/84/1 86/85/1 85/83/1
f 163/86/1 86/85/1 164/84/1
f 163/86/1 87/87/1 86/85/1
f 162/88/1 87/87/1 163/86/1
f 149/89/1 151/90/1 150/91/1
f 149/89/1 152/92/1 151/90/1
f 149/89/1 153/93/1 152/92/1
f 149/89/1 154/94/1 153/93/1
f 149/89/1 155/95/1 154/94/1
f 149/89/1 156/96/1 155/95/1
f 149/89/1 157/97/1 156/96/1
f 148/98/1 157/97/1 149/89/1
f 148/98/1 158/99/1 157/97/1
f 148/98/1 159/100/1 158/99/1
f 148/98/1 160/101/1 159/100/1
f 162/88/1 88/102/1 87/87/1
f 148/98/1 161/103/1 160/101/1
f 148/98/1 162/88/1 161/103/1
f 148/98/1 88/102/1 162/88/1
f 147/104/1 88/102/1 148/98/1
f 146/105/1 88/102/1 147/104/1
f 145/106/1 88/102/1 146/105/1
f 145/106/1 89/107/1 88/102/1
f 144/108/1 89/107/1 145/106/1
f 144/108/1 90/109/1 89/107/1
f 144/108/1 91/110/1 90/109/1
f 143/111/1 91/110/1 144/108/1
f 143/111/1 92/112/1 91/110/1
f 142/113/1 92/112/1 143/111/1
f 142/113/1 49/114/1 92/112/1
f 49/114/1 48/115/1 92/112/1
f 48/115/1 47/116/1 92/112/1
f 47/116/1 93/117/1 92/112/1
f 142/113/1 1/118/1 49/114/1
f 46/119/1 93/117/1 47/116/1
f 45/120/1 93/117/1 46/119/1
f 142/113/1 2/121/1 1/118/1
f 44/122/1 93/117/1 45/120/1
f 43/123/1 93/117/1 44/122/1
f 42/124/1 93/117/1 43/123/1
f 142/113/1 3/125/1 2/121/1
f 141/126/1 3/125/1 142/113/1
f 41/127/1 93/117/1 42/124/1
f 40/128/1 93/117/1 41/127/1
f 39/129/1 93/117/1 40/128/1
f 38/130/1 93/117/1 39/129/1
f 141/126/1 4/131/1 3/125/1
f 37/132/1 93/117/1 38/130/1
f 37/132/1 94/133/1 93/117/1
f 36/134/1 113/135/1 37/132/1
f 113/135/1 94/133/1 37/132/1
f 141/126/1 5/136/1 4/131/1
f 141/126/1 6/137/1 5/136/1
f 140/138/1 6/137/1 141/126/1
f 140/138/1 7/139/1 6/137/1
f 113/135/1 95/140/1 94/133/1
f 140/138/1 8/141/1 7/139/1
f 36/134/1 114/142/1 113/135/1
f 112/143/1 95/140/1 113/135/1
f 112/143/1 96/144/1 95/140/1
f 140/138/1 9/145/1 8/141/1
f 139/146/1 9/145/1 140/138/1
f 111/147/1 96/144/1 112/143/1
f 139/146/1 10/148/1 9/145/1
f 111/147/1 97/149/1 96/144/1
f 110/150/1 97/149/1 111/147/1
f 139/146/1 11/151/1 10/148/1
f 138/152/1 11/151/1 139/146/1
f 109/153/1 97/149/1 110/150/1
f 109/153/1 98/154/1 97/149/1
f 138/152/1 12/155/1 11/151/1
f 35/156/1 114/142/1 36/134/1
f 108/157/1 98/154/1 109/153/1
f 138/152/1 13/158/1 12/155/1
f 108/157/1 99/159/1 98/154/1
f 34/160/1 114/142/1 35/156/1
f 137/161/1 13/158/1 138/152/1
f 107/162/1 99/159/1 108/157/1
f 137/161/1 14/163/1 13/158/1
f 33/164/1 114/142/1 34/160/1
f 107/162/1 100/165/1 99/159/1
f 33/164/1 115/166/1 114/142/1
f 137/161/1 15/167/1 14/163/1
f 106/168/1 100/165/1 107/162/1
f 32/169/1 115/166/1 33/164/1
f 136/170/1 15/167/1 137/161/1
f 106/168/1 105/171/1 100/165/1
f 105/171/1 104/172/1 100/165/1
f 104/172/1 103/173/1 100/165/1
f 103/173/1 102/174/1 100/165/1
f 102/174/1 101/175/1 100/165/1
f 136/170/1 16/176/1 15/167/1
f 32/169/1 116/177/1 115/166/1
f 31/178/1 116/177/1 32/169/1
f 136/170/1 17/179/1 16/176/1
f 30/180/1 116/177/1 31/178/1
f 136/170/1 18/181/1 17/179/1
f 135/182/1 18/181/1 136/170/1
f 30/180/1 117/183/1 116/177/1
f 29/184/1 117/183/1 30/180/1
f 135/182/1 19/185/1 18/181/1
f 28/186/1 117/183/1 29/184/1
f 135/182/1 20/187/1 19/185/1
f 27/188/1 117/183/1 28/186/1
f 135/182/1 21/189/1 20/187/1
f 27/188/1 118/190/1 117/183/1
f 134/191/1 21/189/1 135/182/1
f 26/192/1 118/190/1 27/188/1
f 134/191/1 22/193/1 21/189/1
f 25/194/1 118/190/1 26/192/1
f 134/191/1 23/195/1 22/193/1
f 24/196/1 118/190/1 25/194/1
f 134/191/1 24/196/1 23/195/1
f 134/191/1 118/190/1 24/196/1
f 134/191/1 119/197/1 118/190/1
f 133/198/1 119/197/1 134/191/1
f 133/198/1 120/199/1 119/197/1
f 132/200/1 120/199/1 133/198/1
f 132/200/1 121/201/1 120/199/1
f 131/202/1 121/201/1 132/200/1
f 131/202/1 122/203/1 121/201/1
f 130/204/1 122/203/1 131/202/1
f 130/204/1 123/205/1 122/203/1
f 129/206/1 123/205/1 130/204/1
f 129/206/1 124/207/1 123/205/1
f 128/208/1 124/207/1 129/206/1
f 128/208/1 125/209/1 124/207/1
f 127/210/1 125/209/1 128/208/1
f 127/210/1 126/211/1 125/209/1
f 306/212/1 260/213/1 307/214/1
f 305/215/1 260/213/1 306/212/1
f 305/215/1 261/216/1 260/213/1
f 304/217/1 261/216/1 305/215/1
f 304/217/1 262/218/1 261/216/1
f 303/219/1 262/218/1 304/217/1
f 303/219/1 263/220/1 262/218/1
f 302/221/1 263/220/1 303/219/1
f 302/221/1 264/222/1 263/220/1
f 301/223/1 264/222/1 302/221/1
f 301/223/1 265/224/1 264/222/1
f 300/225/1 265/224/1 301/223/1
f 300/225/1 266/226/1 265/224/1
f 299/227/1 236/228/1 300/225/1
f 236/228/1 235/229/1 300/225/1
f 235/229/1 266/226/1 300/225/1
f 235/229/1 234/230/1 266/226/1
f 234/230/1 267/231/1 266/226/1
f 299/227/1 237/232/1 236/228/1
f 233/233/1 267/231/1 234/230/1
f 299/227/1 238/234/1 237/232/1
f 232/235/1 267/231/1 233/233/1
f 299/227/1 239/236/1 238/234/1
f 231/237/1 267/231/1 232/235/1
f 299/227/1 240/238/1 239/236/1
f 230/239/1 267/231/1 231/237/1
f 298/240/1 240/238/1 299/227/1
f 230/239/1 268/241/1 267/231/1
f 298/240/1 241/242/1 240/238/1
f 229/243/1 268/241/1 230/239/1
f 298/240/1 242/244/1 241/242/1
f 228/245/1 268/241/1 229/243/1
f 297/246/1 242/244/1 298/240/1
f 228/245/1 269/247/1 268/241/1
f 297/246/1 243/248/1 242/244/1
f 227/249/1 269/247/1 228/245/1
f 297/246/1 244/250/1 243/248/1
f 226/251/1 269/247/1 227/249/1
f 296/252/1 244/250/1 297/246/1
f 226/251/1 270/253/1 269/247/1
f 296/252/1 245/254/1 244/250/1
f 225/255/1 270/253/1 226/251/1
f 296/252/1 246/256/1 245/254/1
f 224/257/1 270/253/1 225/255/1
f 369/258/1 371/259/1 370/260/1
f 295/261/1 246/256/1 296/252/1
f 224/257/1 271/262/1 270/253/1
f 318/263/1 320/264/1 319/265/1
f 295/261/1 247/266/1 246/256/1
f 223/267/1 271/262/1 224/257/1
f 317/268/1 320/264/1 318/263/1
f 316/269/1 320/264/1 317/268/1
f 294/270/1 247/266/1 295/261/1
f 294/270/1 248/271/1 247/266/1
f 222/272/1 271/262/1 223/267/1
f 222/272/1 272/273/1 271/262/1
f 315/274/1 320/264/1 316/269/1
f 368/275/1 371/259/1 369/258/1
f 221/276/1 272/273/1 222/272/1
f 294/270/1 249/277/1 248/271/1
f 314/278/1 320/264/1 315/274/1
f 313/279/1 320/264/1 314/278/1
f 293/280/1 249/277/1 294/270/1
f 221/276/1 273/281/1 272/273/1
f 368/275/1 372/282/1 371/259/1
f 220/283/1 273/281/1 221/276/1
f 293/280/1 250/284/1 249/277/1
f 312/285/1 320/264/1 313/279/1
f 311/286/1 320/264/1 312/285/1
f 219/287/1 273/281/1 220/283/1
f 293/280/1 251/288/1 250/284/1
f 310/289/1 320/264/1 311/286/1
f 292/290/1 251/288/1 293/280/1
f 219/287/1 274/291/1 273/281/1
f 309/292/1 320/264/1 310/289/1
f 218/293/1 274/291/1 219/287/1
f 292/290/1 252/294/1 251/288/1
f 308/295/1 320/264/1 309/292/1
f 468/25/1 320/264/1 308/295/1
f 455/296/1 457/297/1 456/298/1
f 467/299/1 320/264/1 468/25/1
f 455/296/1 458/300/1 457/297/1
f 466/301/1 320/264/1 467/299/1
f 455/296/1 459/302/1 458/300/1
f 465/303/1 320/264/1 466/301/1
f 455/296/1 460/304/1 459/302/1
f 464/305/1 320/264/1 465/303/1
f 455/296/1 461/306/1 460/304/1
f 463/307/1 320/264/1 464/305/1
f 455/296/1 462/308/1 461/306/1
f 462/308/1 320/264/1 463/307/1
f 455/296/1 454/309/1 462/308/1
f 454/309/1 453/310/1 462/308/1
f 453/310/1 452/311/1 462/308/1
f 452/311/1 451/312/1 462/308/1
f 451/312/1 320/264/1 462/308/1
f 217/313/1 274/291/1 218/293/1
f 292/290/1 253/314/1 252/294/1
f 291/315/1 253/314/1 292/290/1
f 217/313/1 275/316/1 274/291/1
f 216/317/1 275/316/1 217/313/1
f 291/315/1 254/318/1 253/314/1
f 368/275/1 373/319/1 372/282/1
f 215/320/1 275/316/1 216/317/1
f 291/315/1 255/321/1 254/318/1
f 214/322/1 275/316/1 215/320/1
f 291/315/1 256/323/1 255/321/1
f 290/324/1 256/323/1 291/315/1
f 214/322/1 276/325/1 275/316/1
f 451/312/1 321/326/1 320/264/1
f 451/312/1 322/327/1 321/326/1
f 213/328/1 276/325/1 214/322/1
f 290/324/1 257/329/1 256/323/1
f 451/312/1 323/330/1 322/327/1
f 451/312/1 324/331/1 323/330/1
f 212/118/1 276/325/1 213/328/1
f 290/324/1 258/332/1 257/329/1
f 451/312/1 450/333/1 324/331/1
f 450/333/1 325/334/1 324/331/1
f 259/335/1 276/325/1 212/118/1
f 290/324/1 259/335/1 258/332/1
f 290/324/1 276/325/1 259/335/1
f 450/333/1 326/336/1 325/334/1
f 450/333/1 449/337/1 326/336/1
f 449/337/1 327/338/1 326/336/1
f 289/339/1 276/325/1 290/324/1
f 289/339/1 277/340/1 276/325/1
f 449/337/1 443/341/1 327/338/1
f 443/341/1 328/342/1 327/338/1
f 443/341/1 329/343/1 328/342/1
f 443/341/1 330/344/1 329/343/1
f 443/341/1 331/345/1 330/344/1
f 443/341/1 332/346/1 331/345/1
f 443/341/1 431/347/1 332/346/1
f 431/347/1 333/348/1 332/346/1
f 288/349/1 277/340/1 289/339/1
f 288/349/1 278/350/1 277/340/1
f 367/351/1 373/319/1 368/275/1
f 367/351/1 374/352/1 373/319/1
f 287/353/1 278/350/1 288/349/1
f 287/353/1 279/354/1 278/350/1
f 431/347/1 334/355/1 333/348/1
f 443/341/1 432/356/1 431/347/1
f 430/357/1 334/355/1 431/347/1
f 443/341/1 433/358/1 432/356/1
f 286/359/1 279/354/1 287/353/1
f 286/359/1 280/360/1 279/354/1
f 443/341/1 434/361/1 433/358/1
f 443/341/1 435/362/1 434/361/1
f 443/341/1 436/363/1 435/362/1
f 285/364/1 280/360/1 286/359/1
f 285/364/1 281/365/1 280/360/1
f 443/341/1 437/366/1 436/363/1
f 443/341/1 438/367/1 437/366/1
f 443/341/1 439/368/1 438/367/1
f 284/369/1 281/365/1 285/364/1
f 284/369/1 282/370/1 281/365/1
f 443/341/1 440/371/1 439/368/1
f 443/341/1 441/372/1 440/371/1
f 283/373/1 282/370/1 284/369/1
f 430/357/1 335/374/1 334/355/1
f 443/341/1 442/375/1 441/372/1
f 449/337/1 448/376/1 443/341/1
f 448/376/1 444/377/1 443/341/1
f 448/376/1 445/378/1 444/377/1
f 448/376/2 447/379/2 445/378/2
f 447/379/1 446/380/1 445/378/1
f 429/381/1 335/374/1 430/357/1
f 367/351/1 375/382/1 374/352/1
f 429/381/1 336/383/1 335/374/1
f 428/384/1 336/383/1 429/381/1
f 367/351/1 376/385/1 375/382/1
f 428/384/1 337/386/1 336/383/1
f 366/387/1 376/385/1 367/351/1
f 427/388/1 337/386/1 428/384/1
f 366/387/1 377/389/1 376/385/1
f 427/388/1 338/390/1 337/386/1
f 426/391/1 338/390/1 427/388/1
f 366/387/1 378/392/1 377/389/1
f 426/391/1 339/393/1 338/390/1
f 425/394/1 339/393/1 426/391/1
f 365/395/1 395/396/1 366/387/1
f 395/396/1 378/392/1 366/387/1
f 395/396/1 379/397/1 378/392/1
f 425/394/1 340/168/1 339/393/1
f 424/398/1 340/168/1 425/394/1
f 365/395/1 396/399/1 395/396/1
f 394/400/1 379/397/1 395/396/1
f 393/401/1 379/397/1 394/400/1
f 393/401/1 380/402/1 379/397/1
f 423/403/1 340/168/1 424/398/1
f 423/403/1 341/404/1 340/168/1
f 392/405/1 380/402/1 393/401/1
f 364/406/1 396/399/1 365/395/1
f 391/407/1 380/402/1 392/405/1
f 391/407/1 381/408/1 380/402/1
f 364/406/1 397/409/1 396/399/1
f 422/410/1 341/404/1 423/403/1
f 390/411/1 381/408/1 391/407/1
f 422/410/1 342/412/1 341/404/1
f 389/413/1 381/408/1 390/411/1
f 389/413/1 382/414/1 381/408/1
f 388/415/1 382/414/1 389/413/1
f 421/416/1 342/412/1 422/410/1
f 387/417/1 382/414/1 388/415/1
f 421/416/1 343/418/1 342/412/1
f 363/419/1 397/409/1 364/406/1
f 363/419/1 398/420/1 397/409/1
f 387/417/1 383/421/1 382/414/1
f 386/422/1 383/421/1 387/417/1
f 420/423/1 343/418/1 421/416/1
f 385/424/1 383/421/1 386/422/1
f 384/425/1 383/421/1 385/424/1
f 420/423/1 344/426/1 343/418/1
f 363/419/1 399/427/1 398/420/1
f 362/428/1 399/427/1 363/419/1
f 419/429/1 344/426/1 420/423/1
f 419/429/1 345/430/1 344/426/1
f 418/431/1 345/430/1 419/429/1
f 362/428/1 400/432/1 399/427/1
f 361/433/1 400/432/1 362/428/1
f 418/431/1 346/434/1 345/430/1
f 417/435/1 346/434/1 418/431/1
f 417/435/1 347/436/1 346/434/1
f 361/433/1 401/437/1 400/432/1
f 360/438/1 401/437/1 361/433/1
f 417/435/1 348/439/1 347/436/1
f 416/440/1 348/439/1 417/435/1
f 416/440/1 349/441/1 348/439/1
f 359/442/1 401/437/1 360/438/1
f 359/442/1 402/443/1 401/437/1
f 415/444/1 349/441/1 416/440/1
f 415/444/1 350/445/1 349/441/1
f 358/446/1 402/443/1 359/442/1
f 415/444/1 351/447/1 350/445/1
f 414/448/1 351/447/1 415/444/1
f 414/448/1 352/449/1 351/447/1
f 358/446/1 403/450/1 402/443/1
f 357/451/1 403/450/1 358/446/1
f 414/448/1 353/452/1 352/449/1
f 414/448/1 354/453/1 353/452/1
f 413/454/1 354/453/1 414/448/1
f 356/455/1 403/450/1 357/451/1
f 413/454/1 355/456/1 354/453/1
f 413/454/1 356/455/1 355/456/1
f 413/454/1 403/450/1 356/455/1
f 413/454/1 404/457/1 403/450/1
f 412/458/1 404/457/1 413/454/1
f 411/459/1 404/457/1 412/458/1
f 411/459/1 405/460/1 404/457/1
f 410/461/1 405/460/1 411/459/1
f 410/461/1 406/462/1 405/460/1
f 409/463/1 406/462/1 410/461/1
f 408/464/1 406/462/1 409/463/1
f 408/464/1 407/465/1 406/462/1
f 665/1/3 666/3/3 667/2/3
f 665/1/3 667/2/3 668/4/3
f 664/5/3 665/1/3 668/4/3
f 664/5/3 668/4/3 669/6/3
f 663/7/3 664/5/3 669/6/3
f 663/7/3 669/6/3 670/8/3
f 662/9/3 663/7/3 670/8/3
f 662/9/3 670/8/3 671/10/3
f 661/11/3 662/9/3 671/10/3
f 661/11/3 671/10/3 672/12/3
f 660/13/3 661/11/3 672/12/3
f 660/13/3 672/12/3 673/14/3
f 659/15/3 660/13/3 673/14/3
f 659/15/3 673/14/3 674/16/3
f 658/17/3 659/15/3 674/16/3
f 658/17/3 674/16/3 675/18/3
f 657/19/3 658/17/3 675/18/3
f 657/19/3 675/18/3 676/20/3
f 656/21/3 657/19/3 676/20/3
f 656/21/3 676/20/3 677/22/3
f 655/23/3 656/21/3 677/22/3
f 655/23/3 677/22/3 678/24/3
f 655/23/3 678/24/3 679/25/3
f 654/26/3 655/23/3 679/25/3
f 654/26/3 679/25/3 518/27/3
f 653/28/3 654/26/3 518/27/3
f 652/29/3 653/28/3 518/27/3
f 651/30/3 652/29/3 518/27/3
f 650/31/3 651/30/3 518/27/3
f 649/32/3 650/31/3 518/27/3
f 529/33/3 530/35/3 531/34/3
f 528/36/3 529/33/3 531/34/3
f 527/37/3 528/36/3 531/34/3
f 526/38/3 527/37/3 531/34/3
f 648/39/3 649/32/3 518/27/3
f 525/40/3 526/38/3 531/34/3
f 524/41/3 525/40/3 531/34/3
f 523/42/3 524/41/3 531/34/3
f 522/43/3 523/42/3 531/34/3
f 521/44/3 522/43/3 531/34/3
f 520/45/3 521/44/3 531/34/3
f 519/46/3 520/45/3 531/34/3
f 518/27/3 519/46/3 531/34/3
f 648/39/3 518/27/3 531/34/3
f 647/47/3 648/39/3 531/34/3
f 646/48/3 647/47/3 531/34/3
f 645/49/3 646/48/3 531/34/3
f 644/50/3 645/49/3 531/34/3
f 644/50/3 531/34/3 532/51/3
f 644/50/3 532/51/3 533/52/3
f 644/50/3 533/52/3 534/53/3
f 644/50/3 534/53/3 535/54/3
f 644/50/3 535/54/3 536/55/3
f 644/50/3 536/55/3 537/56/3
f 644/50/3 537/56/3 538/57/3
f 644/50/3 538/57/3 539/58/3
f 643/59/3 644/50/3 543/60/3
f 543/60/3 644/50/3 539/58/3
f 543/60/3 539/58/3 540/61/3
f 543/60/3 540/61/3 541/62/3
f 543/60/3 541/62/3 542/63/3
f 643/59/3 543/60/3 544/64/3
f 642/65/3 643/59/3 544/64/3
f 641/66/3 642/65/3 544/64/3
f 641/66/3 544/64/3 545/67/3
f 640/68/3 641/66/3 545/67/3
f 640/68/3 545/67/3 546/69/3
f 639/70/3 640/68/3 546/69/3
f 639/70/3 546/69/3 547/71/3
f 638/72/3 639/70/3 547/71/3
f 638/72/3 547/71/3 548/73/3
f 637/74/3 638/72/3 548/73/3
f 637/74/3 548/73/3 549/75/3
f 636/76/3 637/74/3 549/75/3
f 636/76/3 549/75/3 550/77/3
f 635/78/3 636/76/3 550/77/3
f 635/78/3 550/77/3 551/79/3
f 634/80/3 635/78/3 551/79/3
f 634/80/3 551/79/3 552/81/3
f 633/82/3 634/80/3 552/81/3
f 633/82/3 552/81/3 553/83/3
f 632/84/3 633/82/3 553/83/3
f 632/84/3 553/83/3 554/85/3
f 631/86/3 632/84/3 554/85/3
f 631/86/3 554/85/3 555/87/3
f 630/88/3 631/86/3 555/87/3
f 617/89/3 618/91/3 619/90/3
f 617/89/3 619/90/3 620/92/3
f 617/89/3 620/92/3 621/93/3
f 617/89/3 621/93/3 622/94/3
f 617/89/3 622/94/3 623/95/3
f 617/89/3 623/95/3 624/96/3
f 617/89/3 624/96/3 625/97/3
f 616/98/3 617/89/3 625/97/3
f 616/98/3 625/97/3 626/99/3
f 616/98/3 626/99/3 627/100/3
f 616/98/3 627/100/3 628/101/3
f 630/88/3 555/87/3 556/102/3
f 616/98/3 628/101/3 629/103/3
f 616/98/3 629/103/3 630/88/3
f 616/98/3 630/88/3 556/102/3
f 615/104/3 616/98/3 556/102/3
f 614/105/3 615/104/3 556/102/3
f 613/106/3 614/105/3 556/102/3
f 613/106/3 556/102/3 557/107/3
f 612/108/3 613/106/3 557/107/3
f 612/108/3 557/107/3 558/109/3
f 612/108/3 558/109/3 559/110/3
f 611/111/3 612/108/3 559/110/3
f 611/111/3 559/110/3 560/112/3
f 610/113/3 611/111/3 560/112/3
f 610/113/3 560/112/3 517/114/3
f 517/114/3 560/112/3 516/115/3
f 516/115/3 560/112/3 515/116/3
f 515/116/3 560/112/3 561/117/3
f 610/113/3 517/114/3 469/118/3
f 514/119/3 515/116/3 561/117/3
f 513/120/3 514/119/3 561/117/3
f 610/113/3 469/118/3 470/121/3
f 512/122/3 513/120/3 561/117/3
f 511/123/3 512/122/3 561/117/3
f 510/124/3 511/123/3 561/117/3
f 610/113/3 470/121/3 471/125/3
f 609/126/3 610/113/3 471/125/3
f 509/127/3 510/124/3 561/117/3
f 508/128/3 509/127/3 561/117/3
f 507/129/3 508/128/3 561/117/3
f 506/130/3 507/129/3 561/117/3
f 609/126/3 471/125/3 472/131/3
f 505/132/3 506/130/3 561/117/3
f 505/132/3 561/117/3 562/133/3
f 504/134/3 505/132/3 581/135/3
f 581/135/3 505/132/3 562/133/3
f 609/126/3 472/131/3 473/136/3
f 609/126/3 473/136/3 474/137/3
f 608/138/3 609/126/3 474/137/3
f 608/138/3 474/137/3 475/139/3
f 581/135/3 562/133/3 563/140/3
f 608/138/3 475/139/3 476/141/3
f 504/134/3 581/135/3 582/142/3
f 580/143/3 581/135/3 563/140/3
f 580/143/3 563/140/3 564/144/3
f 608/138/3 476/141/3 477/145/3
f 607/146/3 608/138/3 477/145/3
f 579/147/3 580/143/3 564/144/3
f 607/146/3 477/145/3 478/148/3
f 579/147/3 564/144/3 565/149/3
f 578/150/3 579/147/3 565/149/3
f 607/146/3 478/148/3 479/151/3
f 606/152/3 607/146/3 479/151/3
f 577/153/3 578/150/3 565/149/3
f 577/153/3 565/149/3 566/154/3
f 606/152/3 479/151/3 480/155/3
f 503/156/3 504/134/3 582/142/3
f 576/157/3 577/153/3 566/154/3
f 606/152/3 480/155/3 481/158/3
f 576/157/3 566/154/3 567/159/3
f 502/160/3 503/156/3 582/142/3
f 605/161/3 606/152/3 481/158/3
f 575/162/3 576/157/3 567/159/3
f 605/161/3 481/158/3 482/163/3
f 501/164/3 502/160/3 582/142/3
f 575/162/3 567/159/3 568/165/3
f 501/164/3 582/142/3 583/166/3
f 605/161/3 482/163/3 483/167/3
f 574/168/3 575/162/3 568/165/3
f 500/169/3 501/164/3 583/166/3
f 604/170/3 605/161/3 483/167/3
f 574/168/3 568/165/3 573/171/3
f 573/171/3 568/165/3 572/172/3
f 572/172/3 568/165/3 571/173/3
f 571/173/3 568/165/3 570/174/3
f 570/174/3 568/165/3 569/175/3
f 604/170/3 483/167/3 484/176/3
f 500/169/3 583/166/3 584/177/3
f 499/178/3 500/169/3 584/177/3
f 604/170/3 484/176/3 485/179/3
f 498/180/3 499/178/3 584/177/3
f 604/170/3 485/179/3 486/181/3
f 603/182/3 604/170/3 486/181/3
f 498/180/3 584/177/3 585/183/3
f 497/184/3 498/180/3 585/183/3
f 603/182/3 486/181/3 487/185/3
f 496/186/3 497/184/3 585/183/3
f 603/182/3 487/185/3 488/187/3
f 495/188/3 496/186/3 585/183/3
f 603/182/3 488/187/3 489/189/3
f 495/188/3 585/183/3 586/190/3
f 602/191/3 603/182/3 489/189/3
f 494/192/3 495/188/3 586/190/3
f 602/191/3 489/189/3 490/193/3
f 493/194/3 494/192/3 586/190/3
f 602/191/3 490/193/3 491/195/3
f 492/196/3 493/194/3 586/190/3
f 602/191/3 491/195/3 492/196/3
f 602/191/3 492/196/3 586/190/3
f 602/191/3 586/190/3 587/197/3
f 601/198/3 602/191/3 587/197/3
f 601/198/3 587/197/3 588/199/3
f 600/200/3 601/198/3 588/199/3
f 600/200/3 588/199/3 589/201/3
f 599/202/3 600/200/3 589/201/3
f 599/202/3 589/201/3 590/203/3
f 598/204/3 599/202/3 590/203/3
f 598/204/3 590/203/3 591/205/3
f 597/206/3 598/204/3 591/205/3
f 597/206/3 591/205/3 592/207/3
f 596/208/3 597/206/3 592/207/3
f 596/208/3 592/207/3 593/209/3
f 595/210/3 596/208/3 593/209/3
f 595/210/3 593/209/3 594/211/3
f 774/212/3 775/214/3 728/213/3
f 773/215/3 774/212/3 728/213/3
f 773/215/3 728/213/3 729/216/3
f 772/217/3 773/215/3 729/216/3
f 772/217/3 729/216/3 730/218/3
f 771/219/3 772/217/3 730/218/3
f 771/219/3 730/218/3 731/220/3
f 770/221/3 771/219/3 731/220/3
f 770/221/3 731/220/3 732/222/3
f 769/223/3 770/221/3 732/222/3
f 769/223/3 732/222/3 733/224/3
f 768/225/3 769/223/3 733/224/3
f 768/225/3 733/224/3 734/226/3
f 767/227/3 768/225/3 704/228/3
f 704/228/3 768/225/3 703/229/3
f 703/229/3 768/225/3 734/226/3
f 703/229/3 734/226/3 702/230/3
f 702/230/3 734/226/3 735/231/3
f 767/227/3 704/228/3 705/232/3
f 701/233/3 702/230/3 735/231/3
f 767/227/3 705/232/3 706/234/3
f 700/235/3 701/233/3 735/231/3
f 767/227/3 706/234/3 707/236/3
f 699/237/3 700/235/3 735/231/3
f 767/227/3 707/236/3 708/238/3
f 698/239/3 699/237/3 735/231/3
f 766/240/3 767/227/3 708/238/3
f 698/239/3 735/231/3 736/241/3
f 766/240/3 708/238/3 709/242/3
f 697/243/3 698/239/3 736/241/3
f 766/240/3 709/242/3 710/244/3
f 696/245/3 697/243/3 736/241/3
f 765/246/3 766/240/3 710/244/3
f 696/245/3 736/241/3 737/247/3
f 765/246/3 710/244/3 711/248/3
f 695/249/3 696/245/3 737/247/3
f 765/246/3 711/248/3 712/250/3
f 694/251/3 695/249/3 737/247/3
f 764/252/3 765/246/3 712/250/3
f 694/251/3 737/247/3 738/253/3
f 764/252/3 712/250/3 713/254/3
f 693/255/3 694/251/3 738/253/3
f 764/252/3 713/254/3 714/256/3
f 692/257/3 693/255/3 738/253/3
f 837/258/3 838/260/3 839/259/3
f 763/261/3 764/252/3 714/256/3
f 692/257/3 738/253/3 739/262/3
f 786/263/3 787/265/3 788/264/3
f 763/261/3 714/256/3 715/266/3
f 691/267/3 692/257/3 739/262/3
f 785/268/3 786/263/3 788/264/3
f 784/269/3 785/268/3 788/264/3
f 762/270/3 763/261/3 715/266/3
f 762/270/3 715/266/3 716/271/3
f 690/272/3 691/267/3 739/262/3
f 690/272/3 739/262/3 740/273/3
f 783/274/3 784/269/3 788/264/3
f 836/275/3 837/258/3 839/259/3
f 689/276/3 690/272/3 740/273/3
f 762/270/3 716/271/3 717/277/3
f 782/278/3 783/274/3 788/264/3
f 781/279/3 782/278/3 788/264/3
f 761/280/3 762/270/3 717/277/3
f 689/276/3 740/273/3 741/281/3
f 836/275/3 839/259/3 840/282/3
f 688/283/3 689/276/3 741/281/3
f 761/280/3 717/277/3 718/284/3
f 780/285/3 781/279/3 788/264/3
f 779/286/3 780/285/3 788/264/3
f 687/287/3 688/283/3 741/281/3
f 761/280/3 718/284/3 719/288/3
f 778/289/3 779/286/3 788/264/3
f 760/290/3 761/280/3 719/288/3
f 687/287/3 741/281/3 742/291/3
f 777/292/3 778/289/3 788/264/3
f 686/293/3 687/287/3 742/291/3
f 760/290/3 719/288/3 720/294/3
f 776/295/3 777/292/3 788/264/3
f 936/25/3 776/295/3 788/264/3
f 923/296/3 924/298/3 925/297/3
f 935/299/3 936/25/3 788/264/3
f 923/296/3 925/297/3 926/300/3
f 934/301/3 935/299/3 788/264/3
f 923/296/3 926/300/3 927/302/3
f 933/303/3 934/301/3 788/264/3
f 923/296/3 927/302/3 928/304/3
f 932/305/3 933/303/3 788/264/3
f 923/296/3 928/304/3 929/306/3
f 931/307/3 932/305/3 788/264/3
f 923/296/3 929/306/3 930/308/3
f 930/308/3 931/307/3 788/264/3
f 923/296/3 930/308/3 922/309/3
f 922/309/3 930/308/3 921/310/3
f 921/310/3 930/308/3 920/311/3
f 920/311/3 930/308/3 919/312/3
f 919/312/3 930/308/3 788/264/3
f 685/313/3 686/293/3 742/291/3
f 760/290/3 720/294/3 721/314/3
f 759/315/3 760/290/3 721/314/3
f 685/313/3 742/291/3 743/316/3
f 684/317/3 685/313/3 743/316/3
f 759/315/3 721/314/3 722/318/3
f 836/275/3 840/282/3 841/319/3
f 683/320/3 684/317/3 743/316/3
f 759/315/3 722/318/3 723/321/3
f 682/322/3 683/320/3 743/316/3
f 759/315/3 723/321/3 724/323/3
f 758/324/3 759/315/3 724/323/3
f 682/322/3 743/316/3 744/325/3
f 919/312/3 788/264/3 789/326/3
f 919/312/3 789/326/3 790/327/3
f 681/328/3 682/322/3 744/325/3
f 758/324/3 724/323/3 725/329/3
f 919/312/3 790/327/3 791/330/3
f 919/312/3 791/330/3 792/331/3
f 680/118/3 681/328/3 744/325/3
f 758/324/3 725/329/3 726/332/3
f 919/312/1 792/331/1 918/333/1
f 918/333/3 792/331/3 793/334/3
f 727/335/3 680/118/3 744/325/3
f 758/324/3 726/332/3 727/335/3
f 758/324/3 727/335/3 744/325/3
f 918/333/3 793/334/3 794/336/3
f 918/333/3 794/336/3 917/337/3
f 917/337/3 794/336/3 795/338/3
f 757/339/3 758/324/3 744/325/3
f 757/339/3 744/325/3 745/340/3
f 917/337/3 795/338/3 911/341/3
f 911/341/3 795/338/3 796/342/3
f 911/341/3 796/342/3 797/343/3
f 911/341/3 797/343/3 798/344/3
f 911/341/3 798/344/3 799/345/3
f 911/341/3 799/345/3 800/346/3
f 911/341/3 800/346/3 899/347/3
f 899/347/3 800/346/3 801/348/3
f 756/349/3 757/339/3 745/340/3
f 756/349/3 745/340/3 746/350/3
f 835/351/3 836/275/3 841/319/3
f 835/351/3 841/319/3 842/352/3
f 755/353/3 756/349/3 746/350/3
f 755/353/3 746/350/3 747/354/3
f 899/347/3 801/348/3 802/355/3
f 911/341/3 899/347/3 900/356/3
f 898/357/3 899/347/3 802/355/3
f 911/341/3 900/356/3 901/358/3
f 754/359/3 755/353/3 747/354/3
f 754/359/3 747/354/3 748/360/3
f 911/341/3 901/358/3 902/361/3
f 911/341/3 902/361/3 903/362/3
f 911/341/3 903/362/3 904/363/3
f 753/364/3 754/359/3 748/360/3
f 753/364/3 748/360/3 749/365/3
f 911/341/3 904/363/3 905/366/3
f 911/341/3 905/366/3 906/367/3
f 911/341/3 906/367/3 907/368/3
f 752/369/3 753/364/3 749/365/3
f 752/369/3 749/365/3 750/370/3
f 911/341/3 907/368/3 908/371/3
f 911/341/3 908/371/3 909/372/3
f 751/373/3 752/369/3 750/370/3
f 898/357/3 802/355/3 803/374/3
f 911/341/3 909/372/3 910/375/3
f 917/337/3 911/341/3 916/376/3
f 916/376/3 911/341/3 912/377/3
f 916/376/3 912/377/3 913/378/3
f 916/376/4 913/378/4 915/379/4
f 915/379/3 913/378/3 914/380/3
f 897/381/3 898/357/3 803/374/3
f 835/351/3 842/352/3 843/382/3
f 897/381/3 803/374/3 804/383/3
f 896/384/3 897/381/3 804/383/3
f 835/351/3 843/382/3 844/385/3
f 896/384/3 804/383/3 805/386/3
f 834/387/3 835/351/3 844/385/3
f 895/388/3 896/384/3 805/386/3
f 834/387/3 844/385/3 845/389/3
f 895/388/3 805/386/3 806/390/3
f 894/391/3 895/388/3 806/390/3
f 834/387/3 845/389/3 846/392/3
f 894/391/3 806/390/3 807/393/3
f 893/394/3 894/391/3 807/393/3
f 833/395/3 834/387/3 863/396/3
f 863/396/3 834/387/3 846/392/3
f 863/396/3 846/392/3 847/397/3
f 893/394/3 807/393/3 808/168/3
f 892/398/3 893/394/3 808/168/3
f 833/395/3 863/396/3 864/399/3
f 862/400/3 863/396/3 847/397/3
f 861/401/3 862/400/3 847/397/3
f 861/401/3 847/397/3 848/402/3
f 891/403/3 892/398/3 808/168/3
f 891/403/3 808/168/3 809/404/3
f 860/405/3 861/401/3 848/402/3
f 832/406/3 833/395/3 864/399/3
f 859/407/3 860/405/3 848/402/3
f 859/407/3 848/402/3 849/408/3
f 832/406/3 864/399/3 865/409/3
f 890/410/3 891/403/3 809/404/3
f 858/411/3 859/407/3 849/408/3
f 890/410/3 809/404/3 810/412/3
f 857/413/3 858/411/3 849/408/3
f 857/413/3 849/408/3 850/414/3
f 856/415/3 857/413/3 850/414/3
f 889/416/3 890/410/3 810/412/3
f 855/417/3 856/415/3 850/414/3
f 889/416/3 810/412/3 811/418/3
f 831/419/3 832/406/3 865/409/3
f 831/419/3 865/409/3 866/420/3
f 855/417/3 850/414/3 851/421/3
f 854/422/3 855/417/3 851/421/3
f 888/423/3 889/416/3 811/418/3
f 853/424/3 854/422/3 851/421/3
f 852/425/3 853/424/3 851/421/3
f 888/423/3 811/418/3 812/426/3
f 831/419/3 866/420/3 867/427/3
f 830/428/3 831/419/3 867/427/3
f 887/429/3 888/423/3 812/426/3
f 887/429/3 812/426/3 813/430/3
f 886/431/3 887/429/3 813/430/3
f 830/428/3 867/427/3 868/432/3
f 829/433/3 830/428/3 868/432/3
f 886/431/3 813/430/3 814/434/3
f 885/435/3 886/431/3 814/434/3
f 885/435/3 814/434/3 815/436/3
f 829/433/3 868/432/3 869/437/3
f 828/438/3 829/433/3 869/437/3
f 885/435/3 815/436/3 816/439/3
f 884/440/3 885/435/3 816/439/3
f 884/440/3 816/439/3 817/441/3
f 827/442/3 828/438/3 869/437/3
f 827/442/3 869/437/3 870/443/3
f 883/444/3 884/440/3 817/441/3
f 883/444/3 817/441/3 818/445/3
f 826/446/3 827/442/3 870/443/3
f 883/444/3 818/445/3 819/447/3
f 882/448/3 883/444/3 819/447/3
f 882/448/3 819/447/3 820/449/3
f 826/446/3 870/443/3 871/450/3
f 825/451/3 826/446/3 871/450/3
f 882/448/3 820/449/3 821/452/3
f 882/448/3 821/452/3 822/453/3
f 881/454/3 882/448/3 822/453/3
f 824/455/3 825/451/3 871/450/3
f 881/454/3 822/453/3 823/456/3
f 881/454/3 823/456/3 824/455/3
f 881/454/3 824/455/3 871/450/3
f 881/454/3 871/450/3 872/457/3
f 880/458/3 881/454/3 872/457/3
f 879/459/3 880/458/3 872/457/3
f 879/459/3 872/457/3 873/460/3
f 878/461/3 879/459/3 873/460/3
f 878/461/3 873/460/3 874/462/3
f 877/463/3 878/461/3 874/462/3
f 876/464/3 877/463/3 874/462/3
f 876/464/3 874/462/3 875/465/3
s 1
f 940/466/5 937/118/6 938/467/6
f 942/468/7 939/469/5 940/466/5
f 944/470/8 941/471/7 942/468/7
f 946/472/9 943/245/8 944/470/8
f 948/473/10 945/474/9 946/472/9
f 950/475/11 947/476/10 948/473/10
f 952/477/12 949/250/11 950/475/11
f 954/478/13 951/479/12 952/477/12
f 956/480/14 953/134/13 954/478/13
f 958/481/15 955/213/14 956/480/14
f 960/482/16 957/483/15 958/481/15
f 962/484/17 959/485/16 960/482/16
f 964/486/18 961/325/17 962/484/17
f 966/487/19 963/488/18 964/486/18
f 968/489/20 965/490/19 966/487/19
f 970/491/21 967/290/20 968/489/20
f 972/492/22 969/58/21 970/491/21
f 974/493/23 971/494/22 972/492/22
f 976/495/24 973/295/23 974/493/23
f 978/496/25 975/497/24 976/495/24
f 980/498/26 977/499/25 978/496/25
f 982/500/27 979/331/26 980/498/26
f 984/501/28 981/502/27 982/500/27
f 986/503/29 983/504/28 984/501/28
f 988/505/30 985/168/29 986/503/29
f 990/506/31 987/507/30 988/505/30
f 992/508/32 989/509/31 990/506/31
f 994/510/33 991/455/32 992/508/32
f 996/511/34 993/512/33 994/510/33
f 998/513/35 995/514/34 996/511/34
f 1000/515/36 997/282/35 998/513/35
f 1002/516/37 999/517/36 1000/515/36
f 1004/518/38 1001/126/37 1002/516/37
f 1006/519/39 1003/415/38 1004/518/38
f 1008/520/40 1005/521/39 1006/519/39
f 1010/522/41 1007/523/40 1008/520/40
f 1012/524/42 1009/457/41 1010/522/41
f 1014/525/43 1011/526/42 1012/524/42
f 1016/527/44 1013/528/43 1014/525/43
f 1018/529/45 1015/423/44 1016/527/44
f 1020/530/46 1017/50/45 1018/529/45
f 1022/531/47 1019/532/46 1020/530/46
f 1024/533/48 1021/363/47 1022/531/47
f 1026/534/49 1023/535/48 1024/533/48
f 1028/536/50 1025/537/49 1026/534/49
f 1030/538/51 1027/311/50 1028/536/50
f 1032/539/52 1029/540/51 1030/538/51
f 938/541/6 1031/542/52 1032/539/52
f 1036/466/53 1033/118/54 1034/467/54
f 1038/468/55 1035/469/53 1036/466/53
f 1040/470/56 1037/471/55 1038/468/55
f 1042/472/57 1039/245/56 1040/470/56
f 1044/473/58 1041/474/57 1042/472/57
f 1046/475/59 1043/476/58 1044/473/58
f 1048/477/60 1045/250/59 1046/475/59
f 1050/478/61 1047/479/60 1048/477/60
f 1052/480/62 1049/134/61 1050/478/61
f 1054/481/63 1051/213/62 1052/480/62
f 1056/482/64 1053/483/63 1054/481/63
f 1058/484/65 1055/485/64 1056/482/64
f 1060/486/66 1057/325/65 1058/484/65
f 1062/487/67 1059/488/66 1060/486/66
f 1064/489/68 1061/490/67 1062/487/67
f 1066/491/69 1063/290/68 1064/489/68
f 1068/492/70 1065/58/69 1066/491/69
f 1070/493/71 1067/494/70 1068/492/70
f 1072/495/72 1069/295/71 1070/493/71
f 1074/496/73 1071/497/72 1072/495/72
f 1076/498/74 1073/499/73 1074/496/73
f 1078/500/75 1075/331/74 1076/498/74
f 1080/501/76 1077/502/75 1078/500/75
f 1082/503/77 1079/504/76 1080/501/76
f 1084/505/78 1081/168/77 1082/503/77
f 1086/506/79 1083/507/78 1084/505/78
f 1088/508/80 1085/509/79 1086/506/79
f 1090/510/81 1087/455/80 1088/508/80
f 1092/511/82 1089/512/81 1090/510/81
f 1094/513/83 1091/514/82 1092/511/82
f 1096/515/84 1093/282/83 1094/513/83
f 1098/516/85 1095/517/84 1096/515/84
f 1100/518/86 1097/126/85 1098/516/85
f 1102/519/87 1099/415/86 1100/518/86
f 1104/520/88 1101/521/87 1102/519/87
f 1106/522/89 1103/523/88 1104/520/88
f 1108/524/90 1105/457/89 1106/522/89
f 1110/525/91 1107/526/90 1108/524/90
f 1112/527/92 1109/528/91 1110/525/91
f 1114/529/93 1111/423/92 1112/527/92
f 1116/530/94 1113/50/93 1114/529/93
f 1118/531/95 1115/532/94 1116/530/94
f 1120/533/96 1117/363/95 1118/531/95
f 1122/534/97 1119/535/96 1120/533/96
f 1124/536/98 1121/537/97 1122/534/97
f 1126/538/99 1123/311/98 1124/536/98
f 1128/539/100 1125/540/99 1126/538/99
f 1034/541/54 1127/542/100 1128/539/100
f 1132/543/101 1129/118/102 1130/467/102
f 1134/544/103 1131/545/101 1132/543/101
f 1136/546/104 1133/547/103 1134/544/103
f 1138/548/105 1135/549/104 1136/546/104
f 1140/550/106 1137/551/105 1138/548/105
f 1142/552/107 1139/553/106 1140/550/106
f 1144/554/108 1141/555/107 1142/552/107
f 1146/556/109 1143/557/108 1144/554/108
f 1148/558/110 1145/559/109 1146/556/109
f 1150/560/111 1147/561/110 1148/558/110
f 1152/562/112 1149/563/111 1150/560/111
f 1154/564/113 1151/565/112 1152/562/112
f 1156/566/114 1153/567/113 1154/564/113
f 1158/568/115 1155/569/114 1156/566/114
f 1160/570/116 1157/571/115 1158/568/115
f 1162/572/117 1159/573/118 1160/570/116
f 1164/574/119 1161/575/117 1162/572/117
f 1166/576/120 1163/577/119 1164/574/119
f 1168/578/121 1165/579/120 1166/576/120
f 1170/580/122 1167/581/121 1168/578/121
f 1172/582/123 1169/583/122 1170/580/122
f 1174/584/124 1171/585/123 1172/582/123
f 1176/586/125 1173/587/124 1174/584/124
f 1178/588/126 1175/178/125 1176/586/125
f 1180/589/127 1177/590/126 1178/588/126
f 1182/591/128 1179/592/127 1180/589/127
f 1184/593/129 1181/594/128 1182/591/128
f 1186/595/130 1183/596/129 1184/593/129
f 1188/597/131 1185/598/130 1186/595/130
f 1190/599/132 1187/600/131 1188/597/131
f 1192/601/133 1189/602/132 1190/599/132
f 1194/603/134 1191/604/133 1192/601/133
f 1196/605/135 1193/606/134 1194/603/134
f 1198/607/136 1195/608/135 1196/605/135
f 1200/609/137 1197/610/136 1198/607/136
f 1202/611/138 1199/612/137 1200/609/137
f 1204/613/139 1201/614/138 1202/611/138
f 1206/615/140 1203/616/139 1204/613/139
f 1208/617/141 1205/618/140 1206/615/140
f 1210/619/142 1207/620/141 1208/617/141
f 1212/621/143 1209/622/142 1210/619/142
f 1214/623/144 1211/624/143 1212/621/143
f 1216/625/145 1213/626/144 1214/623/144
f 1218/627/146 1215/628/145 1216/625/145
f 1220/629/147 1217/630/146 1218/627/146
f 1222/631/148 1219/632/147 1220/629/147
f 1224/633/149 1221/33/148 1222/631/148
f 1226/634/150 1223/635/149 1224/633/149
f 1228/636/151 1225/637/150 1226/634/150
f 1230/638/152 1227/639/151 1228/636/151
f 1232/640/153 1229/641/154 1230/638/152
f 1234/642/155 1231/643/153 1232/640/153
f 1236/644/156 1233/645/155 1234/642/155
f 1238/646/157 1235/647/156 1236/644/156
f 1240/648/158 1237/649/157 1238/646/157
f 1242/650/159 1239/651/158 1240/648/158
f 1244/652/160 1241/653/159 1242/650/159
f 1246/654/161 1243/655/160 1244/652/160
f 1248/656/162 1245/657/161 1246/654/161
f 1250/658/163 1247/659/162 1248/656/162
f 1252/660/164 1249/661/163 1250/658/163
f 1254/662/165 1251/663/166 1252/660/164
f 1256/664/167 1253/665/168 1254/662/165
f 1258/666/169 1255/667/167 1256/664/167
f 1260/668/170 1257/669/169 1258/666/169
f 1262/670/171 1259/671/170 1260/668/170
f 1264/672/172 1261/673/171 1262/670/171
f 1266/674/173 1263/675/172 1264/672/172
f 1268/676/174 1265/677/173 1266/674/173
f 1270/678/175 1267/110/176 1268/676/174
f 1272/679/177 1269/680/175 1270/678/175
f 1274/681/178 1271/682/177 1272/679/177
f 1276/683/179 1273/684/178 1274/681/178
f 1278/685/180 1275/686/179 1276/683/179
f 1280/687/181 1277/688/180 1278/685/180
f 1282/689/182 1279/690/181 1280/687/181
f 1284/691/183 1281/692/182 1282/689/182
f 1286/693/184 1283/694/183 1284/691/183
f 1288/695/185 1285/696/184 1286/693/184
f 1290/697/186 1287/698/185 1288/695/185
f 1292/699/187 1289/700/186 1290/697/186
f 1294/701/188 1291/702/187 1292/699/187
f 1296/703/189 1293/704/188 1294/701/188
f 1298/705/190 1295/706/189 1296/703/189
f 1300/707/191 1297/708/190 1298/705/190
f 1302/709/192 1299/710/191 1300/707/191
f 1304/711/193 1301/712/192 1302/709/192
f 1306/713/194 1303/714/195 1304/711/193
f 1308/715/196 1305/716/194 1306/713/194
f 1310/717/197 1307/718/196 1308/715/196
f 1312/719/198 1309/720/197 1310/717/197
f 1314/721/199 1311/722/198 1312/719/198
f 1316/723/200 1313/201/199 1314/721/199
f 1318/724/201 1315/725/200 1316/723/200
f 1320/726/202 1317/727/201 1318/724/201
f 1322/728/203 1319/729/202 1320/726/202
f 1324/730/204 1321/731/203 1322/728/203
f 1326/732/205 1323/733/204 1324/730/204
f 1328/734/206 1325/735/205 1326/732/205
f 1330/736/207 1327/737/206 1328/734/206
f 1332/738/208 1329/739/207 1330/736/207
f 1334/740/209 1331/741/208 1332/738/208
f 1336/742/210 1333/743/209 1334/740/209
f 1338/744/211 1335/745/210 1336/742/210
f 1340/746/212 1337/747/211 1338/744/211
f 1342/748/213 1339/749/212 1340/746/212
f 1344/750/214 1341/751/213 1342/748/213
f 1346/752/215 1343/753/214 1344/750/214
f 1348/754/216 1345/755/215 1346/752/215
f 1350/756/217 1347/757/216 1348/754/216
f 1352/758/218 1349/759/217 1350/756/217
f 1354/760/219 1351/761/218 1352/758/218
f 1356/762/220 1353/763/219 1354/760/219
f 1358/764/221 1355/765/220 1356/762/220
f 1360/766/222 1357/767/223 1358/764/221
f 1362/768/224 1359/90/222 1360/766/222
f 1364/769/225 1361/770/224 1362/768/224
f 1366/771/226 1363/772/225 1364/769/225
f 1368/773/227 1365/774/226 1366/771/226
f 1370/775/228 1367/776/227 1368/773/227
f 1372/777/229 1369/778/228 1370/775/228
f 1374/779/230 1371/780/229 1372/777/229
f 1376/781/231 1373/782/230 1374/779/230
f 1378/783/232 1375/784/231 1376/781/231
f 1380/785/233 1377/786/232 1378/783/232
f 1382/787/234 1379/788/233 1380/785/233
f 1384/789/235 1381/790/234 1382/787/234
f 1386/791/236 1383/792/235 1384/789/235
f 1388/793/237 1385/794/236 1386/791/236
f 1390/795/238 1387/796/237 1388/793/237
f 1392/797/239 1389/798/238 1390/795/238
f 1394/799/240 1391/800/239 1392/797/239
f 1396/801/241 1393/802/240 1394/799/240
f 1398/803/242 1395/804/241 1396/801/241
f 1400/805/235 1397/806/242 1398/803/242
f 1402/807/243 1399/808/235 1400/805/235
f 1404/809/244 1401/810/243 1402/807/243
f 1406/811/245 1403/812/244 1404/809/244
f 1408/813/246 1405/32/245 1406/811/245
f 1410/814/247 1407/815/246 1408/813/246
f 1412/816/232 1409/817/248 1410/814/247
f 1414/818/249 1411/819/232 1412/816/232
f 1416/820/250 1413/821/249 1414/818/249
f 1418/822/251 1415/823/250 1416/820/250
f 1420/824/252 1417/825/251 1418/822/251
f 1422/826/253 1419/827/252 1420/824/252
f 1424/828/254 1421/829/253 1422/826/253
f 1426/830/255 1423/831/254 1424/828/254
f 1428/832/256 1425/833/255 1426/830/255
f 1430/834/257 1427/835/256 1428/832/256
f 1432/836/258 1429/837/257 1430/834/257
f 1434/838/259 1431/839/258 1432/836/258
f 1436/840/260 1433/841/259 1434/838/259
f 1438/842/261 1435/843/260 1436/840/260
f 1440/844/262 1437/845/261 1438/842/261
f 1442/846/263 1439/847/262 1440/844/262
f 1444/848/264 1441/849/263 1442/846/263
f 1446/850/265 1443/851/264 1444/848/264
f 1448/852/266 1445/853/265 1446/850/265
f 1450/854/267 1447/855/266 1448/852/266
f 1130/541/102 1449/856/267 1450/854/267
f 1454/857/268 1451/118/269 1452/467/269
f 1456/858/270 1453/859/268 1454/857/268
f 1458/860/271 1455/861/270 1456/858/270
f 1460/862/272 1457/863/271 1458/860/271
f 1462/864/273 1459/865/272 1460/862/272
f 1464/866/274 1461/867/273 1462/864/273
f 1466/586/275 1463/868/274 1464/866/274
f 1468/869/276 1465/178/275 1466/586/275
f 1470/870/277 1467/871/276 1468/869/276
f 1472/872/278 1469/873/277 1470/870/277
f 1474/874/279 1471/875/278 1472/872/278
f 1476/876/280 1473/877/279 1474/874/279
f 1478/878/281 1475/879/280 1476/876/280
f 1480/631/282 1477/880/281 1478/878/281
f 1482/881/283 1479/33/282 1480/631/282
f 1484/882/284 1481/883/283 1482/881/283
f 1486/884/285 1483/885/284 1484/882/284
f 1488/886/286 1485/887/285 1486/884/285
f 1490/888/287 1487/889/286 1488/886/286
f 1492/890/288 1489/891/287 1490/888/287
f 1494/676/289 1491/892/288 1492/890/288
f 1496/893/290 1493/110/289 1494/676/289
f 1498/894/291 1495/895/290 1496/893/290
f 1500/896/292 1497/897/291 1498/894/291
f 1502/898/293 1499/899/292 1500/896/292
f 1504/900/294 1501/901/293 1502/898/293
f 1506/902/295 1503/903/294 1504/900/294
f 1508/721/296 1505/904/295 1506/902/295
f 1510/905/297 1507/201/296 1508/721/296
f 1512/906/298 1509/907/297 1510/905/297
f 1514/908/299 1511/909/298 1512/906/298
f 1516/910/300 1513/911/299 1514/908/299
f 1518/912/301 1515/913/300 1516/910/300
f 1520/914/302 1517/915/301 1518/912/301
f 1522/766/303 1519/916/302 1520/914/302
f 1524/917/304 1521/90/303 1522/766/303
f 1526/918/305 1523/919/304 1524/917/304
f 1528/920/306 1525/921/305 1526/918/305
f 1530/922/307 1527/923/306 1528/920/306
f 1532/924/308 1529/925/307 1530/922/307
f 1534/926/309 1531/927/308 1532/924/308
f 1536/811/310 1533/928/309 1534/926/309
f 1538/929/311 1535/32/310 1536/811/310
f 1540/930/312 1537/931/311 1538/929/311
f 1542/932/313 1539/933/312 1540/930/312
f 1544/934/314 1541/935/313 1542/932/313
f 1546/936/315 1543/937/314 1544/934/314
f 1548/938/316 1545/939/315 1546/936/315
f 1452/541/269 1547/940/316 1548/938/316
f 1552/941/317 1549/118/318 1550/467/318
f 1554/942/319 1551/943/317 1552/941/317
f 1556/944/320 1553/945/319 1554/942/319
f 1558/946/321 1555/947/320 1556/944/320
f 1560/948/322 1557/949/321 1558/946/321
f 1562/950/323 1559/951/322 1560/948/322
f 1564/952/324 1561/953/323 1562/950/323
f 1566/954/325 1563/955/324 1564/952/324
f 1568/956/326 1565/957/325 1566/954/325
f 1570/958/327 1567/959/326 1568/956/326
f 1572/960/328 1569/961/327 1570/958/327
f 1574/962/329 1571/963/328 1572/960/328
f 1576/964/330 1573/965/329 1574/962/329
f 1578/966/331 1575/967/330 1576/964/330
f 1580/968/332 1577/969/331 1578/966/331
f 1582/970/333 1579/971/332 1580/968/332
f 1584/972/334 1581/973/333 1582/970/333
f 1586/974/335 1583/975/334 1584/972/334
f 1588/976/336 1585/977/335 1586/974/335
f 1590/978/337 1587/979/336 1588/976/336
f 1592/980/338 1589/981/337 1590/978/337
f 1594/982/339 1591/983/338 1592/980/338
f 1596/984/340 1593/985/339 1594/982/339
f 1598/986/341 1595/987/340 1596/984/340
f 1600/988/342 1597/989/341 1598/986/341
f 1602/990/343 1599/991/342 1600/988/342
f 1604/478/344 1601/992/343 1602/990/343
f 1606/993/345 1603/134/344 1604/478/344
f 1608/994/346 1605/995/345 1606/993/345
f 1610/996/347 1607/997/346 1608/994/346
f 1612/998/348 1609/999/347 1610/996/347
f 1614/1000/349 1611/1001/348 1612/998/348
f 1616/1002/350 1613/1003/349 1614/1000/349
f 1618/1004/351 1615/1005/350 1616/1002/350
f 1620/1006/352 1617/1007/351 1618/1004/351
f 1622/1008/353 1619/1009/352 1620/1006/352
f 1624/1010/354 1621/1011/353 1622/1008/353
f 1626/1012/355 1623/1013/354 1624/1010/354
f 1628/1014/356 1625/1015/355 1626/1012/355
f 1630/1016/357 1627/1017/356 1628/1014/356
f 1632/1018/358 1629/1019/357 1630/1016/357
f 1634/1020/359 1631/1021/358 1632/1018/358
f 1636/1022/360 1633/1023/359 1634/1020/359
f 1638/1024/361 1635/1025/360 1636/1022/360
f 1640/1026/362 1637/1027/361 1638/1024/361
f 1642/1028/363 1639/1029/362 1640/1026/362
f 1644/1030/364 1641/1031/363 1642/1028/363
f 1646/1032/365 1643/1033/364 1644/1030/364
f 1648/1034/366 1645/1035/365 1646/1032/365
f 1650/1036/367 1647/1037/366 1648/1034/366
f 1652/1038/368 1649/1039/367 1650/1036/367
f 1654/1040/369 1651/1041/368 1652/1038/368
f 1656/1042/370 1653/1043/369 1654/1040/369
f 1658/491/371 1655/1044/370 1656/1042/370
f 1660/1045/372 1657/58/371 1658/491/371
f 1662/1046/373 1659/1047/372 1660/1045/372
f 1664/1048/374 1661/1049/373 1662/1046/373
f 1666/1050/375 1663/1051/374 1664/1048/374
f 1668/1052/376 1665/1053/377 1666/1050/375
f 1670/1054/378 1667/1055/376 1668/1052/376
f 1672/1056/379 1669/1057/378 1670/1054/378
f 1674/1058/380 1671/1059/379 1672/1056/379
f 1676/1060/381 1673/1061/380 1674/1058/380
f 1678/1062/382 1675/1063/383 1676/1060/381
f 1680/1064/384 1677/1065/382 1678/1062/382
f 1682/1066/385 1679/1067/384 1680/1064/384
f 1684/1068/386 1681/1069/385 1682/1066/385
f 1686/1070/387 1683/1071/386 1684/1068/386
f 1688/1072/388 1685/1073/387 1686/1070/387
f 1690/1074/389 1687/1075/388 1688/1072/388
f 1692/1076/390 1689/1077/389 1690/1074/389
f 1694/1078/391 1691/1079/390 1692/1076/390
f 1696/1080/392 1693/1081/391 1694/1078/391
f 1698/1082/393 1695/1083/392 1696/1080/392
f 1700/1084/394 1697/1085/393 1698/1082/393
f 1702/1086/395 1699/1087/394 1700/1084/394
f 1704/1088/396 1701/1089/395 1702/1086/395
f 1706/1090/397 1703/1091/396 1704/1088/396
f 1708/1092/398 1705/1093/397 1706/1090/397
f 1710/1094/399 1707/1095/398 1708/1092/398
f 1712/503/400 1709/1096/399 1710/1094/399
f 1714/1097/401 1711/168/400 1712/503/400
f 1716/1098/402 1713/1099/401 1714/1097/401
f 1718/1100/403 1715/1101/402 1716/1098/402
f 1720/1102/404 1717/1103/403 1718/1100/403
f 1722/1104/405 1719/1105/404 1720/1102/404
f 1724/1106/406 1721/1107/405 1722/1104/405
f 1726/1108/407 1723/1109/406 1724/1106/406
f 1728/1110/408 1725/1111/407 1726/1108/407
f 1730/1112/409 1727/1113/408 1728/1110/408
f 1732/1114/410 1729/1115/409 1730/1112/409
f 1734/1116/411 1731/1117/410 1732/1114/410
f 1736/1118/412 1733/1119/411 1734/1116/411
f 1738/1120/413 1735/1121/412 1736/1118/412
f 1740/1122/414 1737/1123/413 1738/1120/413
f 1742/1124/415 1739/1125/414 1740/1122/414
f 1744/1126/416 1741/1127/415 1742/1124/415
f 1746/1128/417 1743/1129/416 1744/1126/416
f 1748/1130/418 1745/1131/417 1746/1128/417
f 1750/1132/419 1747/1133/418 1748/1130/418
f 1752/1134/420 1749/1135/419 1750/1132/419
f 1754/1136/421 1751/1137/420 1752/1134/420
f 1756/1138/422 1753/1139/421 1754/1136/421
f 1758/1140/423 1755/1141/422 1756/1138/422
f 1760/1142/424 1757/1143/423 1758/1140/423
f 1762/1144/425 1759/1145/424 1760/1142/424
f 1764/1146/426 1761/1147/425 1762/1144/425
f 1766/516/427 1763/1148/426 1764/1146/426
f 1768/1149/428 1765/126/427 1766/516/427
f 1770/1150/429 1767/1151/428 1768/1149/428
f 1772/1152/430 1769/1153/429 1770/1150/429
f 1774/1154/431 1771/1155/430 1772/1152/430
f 1776/1156/432 1773/1157/431 1774/1154/431
f 1778/1158/433 1775/1159/432 1776/1156/432
f 1780/1160/434 1777/1161/433 1778/1158/433
f 1782/1162/435 1779/1163/434 1780/1160/434
f 1784/1164/436 1781/1165/435 1782/1162/435
f 1786/1166/437 1783/1167/436 1784/1164/436
f 1788/1168/438 1785/1169/437 1786/1166/437
f 1790/1170/439 1787/1171/438 1788/1168/438
f 1792/1172/440 1789/1173/441 1790/1170/439
f 1794/1174/442 1791/1175/440 1792/1172/440
f 1796/1176/443 1793/1177/442 1794/1174/442
f 1798/1178/444 1795/1179/443 1796/1176/443
f 1800/1180/88 1797/1181/444 1798/1178/444
f 1802/1182/88 1799/1183/88 1800/1180/88
f 1804/1184/88 1801/1185/88 1802/1182/88
f 1806/1186/88 1803/1187/88 1804/1184/88
f 1808/1188/88 1805/1189/88 1806/1186/88
f 1810/1190/88 1807/1191/88 1808/1188/88
f 1812/1192/88 1809/1193/88 1810/1190/88
f 1814/1194/88 1811/1195/88 1812/1192/88
f 1816/1196/88 1813/1197/88 1814/1194/88
f 1818/1198/88 1815/1199/88 1816/1196/88
f 1820/529/88 1817/1200/88 1818/1198/88
f 1822/1201/445 1819/50/88 1820/529/88
f 1824/1202/446 1821/1203/445 1822/1201/445
f 1826/1204/447 1823/1205/446 1824/1202/446
f 1828/1206/448 1825/1207/447 1826/1204/447
f 1830/1208/449 1827/1209/448 1828/1206/448
f 1832/1210/450 1829/1211/449 1830/1208/449
f 1834/1212/451 1831/1213/450 1832/1210/450
f 1836/1214/452 1833/1215/451 1834/1212/451
f 1838/1216/453 1835/1217/454 1836/1214/452
f 1840/1218/455 1837/1219/453 1838/1216/453
f 1842/1220/456 1839/1221/455 1840/1218/455
f 1844/1222/457 1841/1223/456 1842/1220/456
f 1846/1224/458 1843/1225/457 1844/1222/457
f 1848/1226/459 1845/1227/458 1846/1224/458
f 1850/1228/460 1847/1229/461 1848/1226/459
f 1852/1230/462 1849/1231/460 1850/1228/460
f 1854/1232/463 1851/1233/464 1852/1230/462
f 1856/1234/465 1853/1235/463 1854/1232/463
f 1858/1236/466 1855/1237/465 1856/1234/465
f 1860/1238/467 1857/1239/466 1858/1236/466
f 1862/1240/468 1859/1241/467 1860/1238/467
f 1864/1242/469 1861/1243/468 1862/1240/468
f 1866/1244/470 1863/1245/469 1864/1242/469
f 1868/1246/471 1865/1247/470 1866/1244/470
f 1870/1248/472 1867/1249/473 1868/1246/471
f 1872/1250/474 1869/1251/472 1870/1248/472
f 1550/541/318 1871/1252/474 1872/1250/474
f 940/466/5 939/469/5 937/118/6
f 942/468/7 941/471/7 939/469/5
f 944/470/8 943/245/8 941/471/7
f 946/472/9 945/474/9 943/245/8
f 948/473/10 947/476/10 945/474/9
f 950/475/11 949/250/11 947/476/10
f 952/477/12 951/479/12 949/250/11
f 954/478/13 953/134/13 951/479/12
f 956/480/14 955/213/14 953/134/13
f 958/481/15 957/483/15 955/213/14
f 960/482/16 959/485/16 957/483/15
f 962/484/17 961/325/17 959/485/16
f 964/486/18 963/488/18 961/325/17
f 966/487/19 965/490/19 963/488/18
f 968/489/20 967/290/20 965/490/19
f 970/491/21 969/58/21 967/290/20
f 972/492/22 971/494/22 969/58/21
f 974/493/23 973/295/23 971/494/22
f 976/495/24 975/497/24 973/295/23
f 978/496/25 977/499/25 975/497/24
f 980/498/26 979/331/26 977/499/25
f 982/500/27 981/502/27 979/331/26
f 984/501/28 983/504/28 981/502/27
f 986/503/29 985/168/29 983/504/28
f 988/505/30 987/507/30 985/168/29
f 990/506/31 989/509/31 987/507/30
f 992/508/32 991/455/32 989/509/31
f 994/510/33 993/512/33 991/455/32
f 996/511/34 995/514/34 993/512/33
f 998/513/35 997/282/35 995/514/34
f 1000/515/36 999/517/36 997/282/35
f 1002/516/37 1001/126/37 999/517/36
f 1004/518/38 1003/415/38 1001/126/37
f 1006/519/39 1005/521/39 1003/415/38
f 1008/520/40 1007/523/40 1005/521/39
f 1010/522/41 1009/457/41 1007/523/40
f 1012/524/42 1011/526/42 1009/457/41
f 1014/525/43 1013/528/43 1011/526/42
f 1016/527/44 1015/423/44 1013/528/43
f 1018/529/45 1017/50/45 1015/423/44
f 1020/530/46 1019/532/46 1017/50/45
f 1022/531/47 1021/363/47 1019/532/46
f 1024/533/48 1023/535/48 1021/363/47
f 1026/534/49 1025/537/49 1023/535/48
f 1028/536/50 1027/311/50 1025/537/49
f 1030/538/51 1029/540/51 1027/311/50
f 1032/539/52 1031/542/52 1029/540/51
f 938/541/6 937/25/6 1031/542/52
f 1036/466/53 1035/469/53 1033/118/54
f 1038/468/55 1037/471/55 1035/469/53
f 1040/470/56 1039/245/56 1037/471/55
f 1042/472/57 1041/474/57 1039/245/56
f 1044/473/58 1043/476/58 1041/474/57
f 1046/475/59 1045/250/59 1043/476/58
f 1048/477/60 1047/479/60 1045/250/59
f 1050/478/61 1049/134/61 1047/479/60
f 1052/480/62 1051/213/62 1049/134/61
f 1054/481/63 1053/483/63 1051/213/62
f 1056/482/64 1055/485/64 1053/483/63
f 1058/484/65 1057/325/65 1055/485/64
f 1060/486/66 1059/488/66 1057/325/65
f 1062/487/67 1061/490/67 1059/488/66
f 1064/489/68 1063/290/68 1061/490/67
f 1066/491/69 1065/58/69 1063/290/68
f 1068/492/70 1067/494/70 1065/58/69
f 1070/493/71 1069/295/71 1067/494/70
f 1072/495/72 1071/497/72 1069/295/71
f 1074/496/73 1073/499/73 1071/497/72
f 1076/498/74 1075/331/74 1073/499/73
f 1078/500/75 1077/502/75 1075/331/74
f 1080/501/76 1079/504/76 1077/502/75
f 1082/503/77 1081/168/77 1079/504/76
f 1084/505/78 1083/507/78 1081/168/77
f 1086/506/79 1085/509/79 1083/507/78
f 1088/508/80 1087/455/80 1085/509/79
f 1090/510/81 1089/512/81 1087/455/80
f 1092/511/82 1091/514/82 1089/512/81
f 1094/513/83 1093/282/83 1091/514/82
f 1096/515/84 1095/517/84 1093/282/83
f 1098/516/85 1097/126/85 1095/517/84
f 1100/518/86 1099/415/86 1097/126/85
f 1102/519/87 1101/521/87 1099/415/86
f 1104/520/88 1103/523/88 1101/521/87
f 1106/522/89 1105/457/89 1103/523/88
f 1108/524/90 1107/526/90 1105/457/89
f 1110/525/91 1109/528/91 1107/526/90
f 1112/527/92 1111/423/92 1109/528/91
f 1114/529/93 1113/50/93 1111/423/92
f 1116/530/94 1115/532/94 1113/50/93
f 1118/531/95 1117/363/95 1115/532/94
f 1120/533/96 1119/535/96 1117/363/95
f 1122/534/97 1121/537/97 1119/535/96
f 1124/536/98 1123/311/98 1121/537/97
f 1126/538/99 1125/540/99 1123/311/98
f 1128/539/100 1127/542/100 1125/540/99
f 1034/541/54 1033/25/54 1127/542/100
f 1132/543/101 1131/545/101 1129/118/102
f 1134/544/103 1133/547/103 1131/545/101
f 1136/546/104 1135/549/104 1133/547/103
f 1138/548/105 1137/551/105 1135/549/104
f 1140/550/106 1139/553/106 1137/551/105
f 1142/552/107 1141/555/107 1139/553/106
f 1144/554/108 1143/557/108 1141/555/107
f 1146/556/109 1145/559/109 1143/557/108
f 1148/558/110 1147/561/110 1145/559/109
f 1150/560/111 1149/563/111 1147/561/110
f 1152/562/112 1151/565/112 1149/563/111
f 1154/564/113 1153/567/113 1151/565/112
f 1156/566/114 1155/569/114 1153/567/113
f 1158/568/115 1157/571/115 1155/569/114
f 1160/570/116 1159/573/118 1157/571/115
f 1162/572/117 1161/575/117 1159/573/118
f 1164/574/119 1163/577/119 1161/575/117
f 1166/576/120 1165/579/120 1163/577/119
f 1168/578/121 1167/581/121 1165/579/120
f 1170/580/122 1169/583/122 1167/581/121
f 1172/582/123 1171/585/123 1169/583/122
f 1174/584/124 1173/587/124 1171/585/123
f 1176/586/125 1175/178/125 1173/587/124
f 1178/588/126 1177/590/126 1175/178/125
f 1180/589/127 1179/592/127 1177/590/126
f 1182/591/128 1181/594/128 1179/592/127
f 1184/593/129 1183/596/129 1181/594/128
f 1186/595/130 1185/598/130 1183/596/129
f 1188/597/131 1187/600/131 1185/598/130
f 1190/599/132 1189/602/132 1187/600/131
f 1192/601/133 1191/604/133 1189/602/132
f 1194/603/134 1193/606/134 1191/604/133
f 1196/605/135 1195/608/135 1193/606/134
f 1198/607/136 1197/610/136 1195/608/135
f 1200/609/137 1199/612/137 1197/610/136
f 1202/611/138 1201/614/138 1199/612/137
f 1204/613/139 1203/616/139 1201/614/138
f 1206/615/140 1205/618/140 1203/616/139
f 1208/617/141 1207/620/141 1205/618/140
f 1210/619/142 1209/622/142 1207/620/141
f 1212/621/143 1211/624/143 1209/622/142
f 1214/623/144 1213/626/144 1211/624/143
f 1216/625/145 1215/628/145 1213/626/144
f 1218/627/146 1217/630/146 1215/628/145
f 1220/629/147 1219/632/147 1217/630/146
f 1222/631/148 1221/33/148 1219/632/147
f 1224/633/149 1223/635/149 1221/33/148
f 1226/634/150 1225/637/150 1223/635/149
f 1228/636/151 1227/639/151 1225/637/150
f 1230/638/152 1229/641/154 1227/639/151
f 1232/640/153 1231/643/153 1229/641/154
f 1234/642/155 1233/645/155 1231/643/153
f 1236/644/156 1235/647/156 1233/645/155
f 1238/646/157 1237/649/157 1235/647/156
f 1240/648/158 1239/651/158 1237/649/157
f 1242/650/159 1241/653/159 1239/651/158
f 1244/652/160 1243/655/160 1241/653/159
f 1246/654/161 1245/657/161 1243/655/160
f 1248/656/162 1247/659/162 1245/657/161
f 1250/658/163 1249/661/163 1247/659/162
f 1252/660/164 1251/663/166 1249/661/163
f 1254/662/165 1253/665/168 1251/663/166
f 1256/664/167 1255/667/167 1253/665/168
f 1258/666/169 1257/669/169 1255/667/167
f 1260/668/170 1259/671/170 1257/669/169
f 1262/670/171 1261/673/171 1259/671/170
f 1264/672/172 1263/675/172 1261/673/171
f 1266/674/173 1265/677/173 1263/675/172
f 1268/676/174 1267/110/176 1265/677/173
f 1270/678/175 1269/680/175 1267/110/176
f 1272/679/177 1271/682/177 1269/680/175
f 1274/681/178 1273/684/178 1271/682/177
f 1276/683/179 1275/686/179 1273/684/178
f 1278/685/180 1277/688/180 1275/686/179
f 1280/687/181 1279/690/181 1277/688/180
f 1282/689/182 1281/692/182 1279/690/181
f 1284/691/183 1283/694/183 1281/692/182
f 1286/693/184 1285/696/184 1283/694/183
f 1288/695/185 1287/698/185 1285/696/184
f 1290/697/186 1289/700/186 1287/698/185
f 1292/699/187 1291/702/187 1289/700/186
f 1294/701/188 1293/704/188 1291/702/187
f 1296/703/189 1295/706/189 1293/704/188
f 1298/705/190 1297/708/190 1295/706/189
f 1300/707/191 1299/710/191 1297/708/190
f 1302/709/192 1301/712/192 1299/710/191
f 1304/711/193 1303/714/195 1301/712/192
f 1306/713/194 1305/716/194 1303/714/195
f 1308/715/196 1307/718/196 1305/716/194
f 1310/717/197 1309/720/197 1307/718/196
f 1312/719/198 1311/722/198 1309/720/197
f 1314/721/199 1313/201/199 1311/722/198
f 1316/723/200 1315/725/200 1313/201/199
f 1318/724/201 1317/727/201 1315/725/200
f 1320/726/202 1319/729/202 1317/727/201
f 1322/728/203 1321/731/203 1319/729/202
f 1324/730/204 1323/733/204 1321/731/203
f 1326/732/205 1325/735/205 1323/733/204
f 1328/734/206 1327/737/206 1325/735/205
f 1330/736/207 1329/739/207 1327/737/206
f 1332/738/208 1331/741/208 1329/739/207
f 1334/740/209 1333/743/209 1331/741/208
f 1336/742/210 1335/745/210 1333/743/209
f 1338/744/211 1337/747/211 1335/745/210
f 1340/746/212 1339/749/212 1337/747/211
f 1342/748/213 1341/751/213 1339/749/212
f 1344/750/214 1343/753/214 1341/751/213
f 1346/752/215 1345/755/215 1343/753/214
f 1348/754/216 1347/757/216 1345/755/215
f 1350/756/217 1349/759/217 1347/757/216
f 1352/758/218 1351/761/218 1349/759/217
f 1354/760/219 1353/763/219 1351/761/218
f 1356/762/220 1355/765/220 1353/763/219
f 1358/764/221 1357/767/223 1355/765/220
f 1360/766/222 1359/90/222 1357/767/223
f 1362/768/224 1361/770/224 1359/90/222
f 1364/769/225 1363/772/225 1361/770/224
f 1366/771/226 1365/774/226 1363/772/225
f 1368/773/227 1367/776/227 1365/774/226
f 1370/775/228 1369/778/228 1367/776/227
f 1372/777/229 1371/780/229 1369/778/228
f 1374/779/230 1373/782/230 1371/780/229
f 1376/781/231 1375/784/231 1373/782/230
f 1378/783/232 1377/786/232 1375/784/231
f 1380/785/233 1379/788/233 1377/786/232
f 1382/787/234 1381/790/234 1379/788/233
f 1384/789/235 1383/792/235 1381/790/234
f 1386/791/236 1385/794/236 1383/792/235
f 1388/793/237 1387/796/237 1385/794/236
f 1390/795/238 1389/798/238 1387/796/237
f 1392/797/239 1391/800/239 1389/798/238
f 1394/799/240 1393/802/240 1391/800/239
f 1396/801/241 1395/804/241 1393/802/240
f 1398/803/242 1397/806/242 1395/804/241
f 1400/805/235 1399/808/235 1397/806/242
f 1402/807/243 1401/810/243 1399/808/235
f 1404/809/244 1403/812/244 1401/810/243
f 1406/811/245 1405/32/245 1403/812/244
f 1408/813/246 1407/815/246 1405/32/245
f 1410/814/247 1409/817/248 1407/815/246
f 1412/816/232 1411/819/232 1409/817/248
f 1414/818/249 1413/821/249 1411/819/232
f 1416/820/250 1415/823/250 1413/821/249
f 1418/822/251 1417/825/251 1415/823/250
f 1420/824/252 1419/827/252 1417/825/251
f 1422/826/253 1421/829/253 1419/827/252
f 1424/828/254 1423/831/254 1421/829/253
f 1426/830/255 1425/833/255 1423/831/254
f 1428/832/256 1427/835/256 1425/833/255
f 1430/834/257 1429/837/257 1427/835/256
f 1432/836/258 1431/839/258 1429/837/257
f 1434/838/259 1433/841/259 1431/839/258
f 1436/840/260 1435/843/260 1433/841/259
f 1438/842/261 1437/845/261 1435/843/260
f 1440/844/262 1439/847/262 1437/845/261
f 1442/846/263 1441/849/263 1439/847/262
f 1444/848/264 1443/851/264 1441/849/263
f 1446/850/265 1445/853/265 1443/851/264
f 1448/852/266 1447/855/266 1445/853/265
f 1450/854/267 1449/856/267 1447/855/266
f 1130/541/102 1129/25/102 1449/856/267
f 1454/857/268 1453/859/268 1451/118/269
f 1456/858/270 1455/861/270 1453/859/268
f 1458/860/271 1457/863/271 1455/861/270
f 1460/862/272 1459/865/272 1457/863/271
f 1462/864/273 1461/867/273 1459/865/272
f 1464/866/274 1463/868/274 1461/867/273
f 1466/586/275 1465/178/275 1463/868/274
f 1468/869/276 1467/871/276 1465/178/275
f 1470/870/277 1469/873/277 1467/871/276
f 1472/872/278 1471/875/278 1469/873/277
f 1474/874/279 1473/877/279 1471/875/278
f 1476/876/280 1475/879/280 1473/877/279
f 1478/878/281 1477/880/281 1475/879/280
f 1480/631/282 1479/33/282 1477/880/281
f 1482/881/283 1481/883/283 1479/33/282
f 1484/882/284 1483/885/284 1481/883/283
f 1486/884/285 1485/887/285 1483/885/284
f 1488/886/286 1487/889/286 1485/887/285
f 1490/888/287 1489/891/287 1487/889/286
f 1492/890/288 1491/892/288 1489/891/287
f 1494/676/289 1493/110/289 1491/892/288
f 1496/893/290 1495/895/290 1493/110/289
f 1498/894/291 1497/897/291 1495/895/290
f 1500/896/292 1499/899/292 1497/897/291
f 1502/898/293 1501/901/293 1499/899/292
f 1504/900/294 1503/903/294 1501/901/293
f 1506/902/295 1505/904/295 1503/903/294
f 1508/721/296 1507/201/296 1505/904/295
f 1510/905/297 1509/907/297 1507/201/296
f 1512/906/298 1511/909/298 1509/907/297
f 1514/908/299 1513/911/299 1511/909/298
f 1516/910/300 1515/913/300 1513/911/299
f 1518/912/301 1517/915/301 1515/913/300
f 1520/914/302 1519/916/302 1517/915/301
f 1522/766/303 1521/90/303 1519/916/302
f 1524/917/304 1523/919/304 1521/90/303
f 1526/918/305 1525/921/305 1523/919/304
f 1528/920/306 1527/923/306 1525/921/305
f 1530/922/307 1529/925/307 1527/923/306
f 1532/924/308 1531/927/308 1529/925/307
f 1534/926/309 1533/928/309 1531/927/308
f 1536/811/310 1535/32/310 1533/928/309
f 1538/929/311 1537/931/311 1535/32/310
f 1540/930/312 1539/933/312 1537/931/311
f 1542/932/313 1541/935/313 1539/933/312
f 1544/934/314 1543/937/314 1541/935/313
f 1546/936/315 1545/939/315 1543/937/314
f 1548/938/316 1547/940/316 1545/939/315
f 1452/541/269 1451/25/269 1547/940/316
f 1552/941/317 1551/943/317 1549/118/318
f 1554/942/319 1553/945/319 1551/943/317
f 1556/944/320 1555/947/320 1553/945/319
f 1558/946/321 1557/949/321 1555/947/320
f 1560/948/322 1559/951/322 1557/949/321
f 1562/950/323 1561/953/323 1559/951/322
f 1564/952/324 1563/955/324 1561/953/323
f 1566/954/325 1565/957/325 1563/955/324
f 1568/956/326 1567/959/326 1565/957/325
f 1570/958/327 1569/961/327 1567/959/326
f 1572/960/328 1571/963/328 1569/961/327
f 1574/962/329 1573/965/329 1571/963/328
f 1576/964/330 1575/967/330 1573/965/329
f 1578/966/331 1577/969/331 1575/967/330
f 1580/968/332 1579/971/332 1577/969/331
f 1582/970/333 1581/973/333 1579/971/332
f 1584/972/334 1583/975/334 1581/973/333
f 1586/974/335 1585/977/335 1583/975/334
f 1588/976/336 1587/979/336 1585/977/335
f 1590/978/337 1589/981/337 1587/979/336
f 1592/980/338 1591/983/338 1589/981/337
f 1594/982/339 1593/985/339 1591/983/338
f 1596/984/340 1595/987/340 1593/985/339
f 1598/986/341 1597/989/341 1595/987/340
f 1600/988/342 1599/991/342 1597/989/341
f 1602/990/343 1601/992/343 1599/991/342
f 1604/478/344 1603/134/344 1601/992/343
f 1606/993/345 1605/995/345 1603/134/344
f 1608/994/346 1607/997/346 1605/995/345
f 1610/996/347 1609/999/347 1607/997/346
f 1612/998/348 1611/1001/348 1609/999/347
f 1614/1000/349 1613/1003/349 1611/1001/348
f 1616/1002/350 1615/1005/350 1613/1003/349
f 1618/1004/351 1617/1007/351 1615/1005/350
f 1620/1006/352 1619/1009/352 1617/1007/351
f 1622/1008/353 1621/1011/353 1619/1009/352
f 1624/1010/354 1623/1013/354 1621/1011/353
f 1626/1012/355 1625/1015/355 1623/1013/354
f 1628/1014/356 1627/1017/356 1625/1015/355
f 1630/1016/357 1629/1019/357 1627/1017/356
f 1632/1018/358 1631/1021/358 1629/1019/357
f 1634/1020/359 1633/1023/359 1631/1021/358
f 1636/1022/360 1635/1025/360 1633/1023/359
f 1638/1024/361 1637/1027/361 1635/1025/360
f 1640/1026/362 1639/1029/362 1637/1027/361
f 1642/1028/363 1641/1031/363 1639/1029/362
f 1644/1030/364 1643/1033/364 1641/1031/363
f 1646/1032/365 1645/1035/365 1643/1033/364
f 1648/1034/366 1647/1037/366 1645/1035/365
f 1650/1036/367 1649/1039/367 1647/1037/366
f 1652/1038/368 1651/1041/368 1649/1039/367
f 1654/1040/369 1653/1043/369 1651/1041/368
f 1656/1042/370 1655/1044/370 1653/1043/369
f 1658/491/371 1657/58/371 1655/1044/370
f 1660/1045/372 1659/1047/372 1657/58/371
f 1662/1046/373 1661/1049/373 1659/1047/372
f 1664/1048/374 1663/1051/374 1661/1049/373
f 1666/1050/375 1665/1053/377 1663/1051/374
f 1668/1052/376 1667/1055/376 1665/1053/377
f 1670/1054/378 1669/1057/378 1667/1055/376
f 1672/1056/379 1671/1059/379 1669/1057/378
f 1674/1058/380 1673/1061/380 1671/1059/379
f 1676/1060/381 1675/1063/383 1673/1061/380
f 1678/1062/382 1677/1065/382 1675/1063/383
f 1680/1064/384 1679/1067/384 1677/1065/382
f 1682/1066/385 1681/1069/385 1679/1067/384
f 1684/1068/386 1683/1071/386 1681/1069/385
f 1686/1070/387 1685/1073/387 1683/1071/386
f 1688/1072/388 1687/1075/388 1685/1073/387
f 1690/1074/389 1689/1077/389 1687/1075/388
f 1692/1076/390 1691/1079/390 1689/1077/389
f 1694/1078/391 1693/1081/391 1691/1079/390
f 1696/1080/392 1695/1083/392 1693/1081/391
f 1698/1082/393 1697/1085/393 1695/1083/392
f 1700/1084/394 1699/1087/394 1697/1085/393
f 1702/1086/395 1701/1089/395 1699/1087/394
f 1704/1088/396 1703/1091/396 1701/1089/395
f 1706/1090/397 1705/1093/397 1703/1091/396
f 1708/1092/398 1707/1095/398 1705/1093/397
f 1710/1094/399 1709/1096/399 1707/1095/398
f 1712/503/400 1711/168/400 1709/1096/399
f 1714/1097/401 1713/1099/401 1711/168/400
f 1716/1098/402 1715/1101/402 1713/1099/401
f 1718/1100/403 1717/1103/403 1715/1101/402
f 1720/1102/404 1719/1105/404 1717/1103/403
f 1722/1104/405 1721/1107/405 1719/1105/404
f 1724/1106/406 1723/1109/406 1721/1107/405
f 1726/1108/407 1725/1111/407 1723/1109/406
f 1728/1110/408 1727/1113/408 1725/1111/407
f 1730/1112/409 1729/1115/409 1727/1113/408
f 1732/1114/410 1731/1117/410 1729/1115/409
f 1734/1116/411 1733/1119/411 1731/1117/410
f 1736/1118/412 1735/1121/412 1733/1119/411
f 1738/1120/413 1737/1123/413 1735/1121/412
f 1740/1122/414 1739/1125/414 1737/1123/413
f 1742/1124/415 1741/1127/415 1739/1125/414
f 1744/1126/416 1743/1129/416 1741/1127/415
f 1746/1128/417 1745/1131/417 1743/1129/416
f 1748/1130/418 1747/1133/418 1745/1131/417
f 1750/1132/419 1749/1135/419 1747/1133/418
f 1752/1134/420 1751/1137/420 1749/1135/419
f 1754/1136/421 1753/1139/421 1751/1137/420
f 1756/1138/422 1755/1141/422 1753/1139/421
f 1758/1140/423 1757/1143/423 1755/1141/422
f 1760/1142/424 1759/1145/424 1757/1143/423
f 1762/1144/425 1761/1147/425 1759/1145/424
f 1764/1146/426 1763/1148/426 1761/1147/425
f 1766/516/427 1765/126/427 1763/1148/426
f 1768/1149/428 1767/1151/428 1765/126/427
f 1770/1150/429 1769/1153/429 1767/1151/428
f 1772/1152/430 1771/1155/430 1769/1153/429
f 1774/1154/431 1773/1157/431 1771/1155/430
f 1776/1156/432 1775/1159/432 1773/1157/431
f 1778/1158/433 1777/1161/433 1775/1159/432
f 1780/1160/434 1779/1163/434 1777/1161/433
f 1782/1162/435 1781/1165/435 1779/1163/434
f 1784/1164/436 1783/1167/436 1781/1165/435
f 1786/1166/437 1785/1169/437 1783/1167/436
f 1788/1168/438 1787/1171/438 1785/1169/437
f 1790/1170/439 1789/1173/441 1787/1171/438
f 1792/1172/440 1791/1175/440 1789/1173/441
f 1794/1174/442 1793/1177/442 1791/1175/440
f 1796/1176/443 1795/1179/443 1793/1177/442
f 1798/1178/444 1797/1181/444 1795/1179/443
f 1800/1180/88 1799/1183/88 1797/1181/444
f 1802/1182/88 1801/1185/88 1799/1183/88
f 1804/1184/88 1803/1187/88 1801/1185/88
f 1806/1186/88 1805/1189/88 1803/1187/88
f 1808/1188/88 1807/1191/88 1805/1189/88
f 1810/1190/88 1809/1193/88 1807/1191/88
f 1812/1192/88 1811/1195/88 1809/1193/88
f 1814/1194/88 1813/1197/88 1811/1195/88
f 1816/1196/88 1815/1199/88 1813/1197/88
f 1818/1198/88 1817/1200/88 1815/1199/88
f 1820/529/88 1819/50/88 1817/1200/88
f 1822/1201/445 1821/1203/445 1819/50/88
f 1824/1202/446 1823/1205/446 1821/1203/445
f 1826/1204/447 1825/1207/447 1823/1205/446
f 1828/1206/448 1827/1209/448 1825/1207/447
f 1830/1208/449 1829/1211/449 1827/1209/448
f 1832/1210/450 1831/1213/450 1829/1211/449
f 1834/1212/451 1833/1215/451 1831/1213/450
f 1836/1214/452 1835/1217/454 1833/1215/451
f 1838/1216/453 1837/1219/453 1835/1217/454
f 1840/1218/455 1839/1221/455 1837/1219/453
f 1842/1220/456 1841/1223/456 1839/1221/455
f 1844/1222/457 1843/1225/457 1841/1223/456
f 1846/1224/458 1845/1227/458 1843/1225/457
f 1848/1226/459 1847/1229/461 1845/1227/458
f 1850/1228/460 1849/1231/460 1847/1229/461
f 1852/1230/462 1851/1233/464 1849/1231/460
f 1854/1232/463 1853/1235/463 1851/1233/464
f 1856/1234/465 1855/1237/465 1853/1235/463
f 1858/1236/466 1857/1239/466 1855/1237/465
f 1860/1238/467 1859/1241/467 1857/1239/466
f 1862/1240/468 1861/1243/468 1859/1241/467
f 1864/1242/469 1863/1245/469 1861/1243/468
f 1866/1244/470 1865/1247/470 1863/1245/469
f 1868/1246/471 1867/1249/473 1865/1247/470
f 1870/1248/472 1869/1251/472 1867/1249/473
f 1872/1250/474 1871/1252/474 1869/1251/472
f 1550/541/318 1549/25/318 1871/1252/474
